tree
version=v4
num_class=1
num_tree_per_iteration=1
label_index=0
max_feature_idx=26
objective=quantile
feature_names=total_points_mean_3 expected_goals_mean_3 expected_assists_mean_3 defensive_contribution_mean_3 minutes_mean_3 total_points_mean_5 expected_goals_mean_5 expected_assists_mean_5 defensive_contribution_mean_5 minutes_mean_5 total_points_mean_10 expected_goals_mean_10 expected_assists_mean_10 defensive_contribution_mean_10 minutes_mean_10 qualifying_games_3 qualifying_games_5 qualifying_games_10 chance_of_playing_next now_cost has_news news_injury_flag news_suspension_flag position fdr num_fixtures is_home
feature_infos=[0:17] [0:1.7266666666666666] [0:0.74333333333333318] [0:20.333333333333332] [0:135] [0:17] [0:1.3219999999999998] [0:0.68999999999999995] [0:19] [0:135] [0:17] [0:1.1799999999999999] [0:0.68999999999999995] [0:16.100000000000001] [0:135] [0:3] [0:5] [0:10] none [37:147] none none none [1:4] [1:5] [1:2] [0:1]
tree_sizes=2438 2778 2775 2770 2818 2835 2835 2837 2835 2848 2857 2861 2865 2848 2843 2851 2868 2856 2864 2865 2867 2856 2851 2842 2875 2874 2872 2863 2859 2884 2853 2871 2845 2869 2878 2853 2861 2870 2837 2847 2865 2860 2873 2860 2864 2894 2875 2876 2861 2840 2866 2863 2863 2850 2878 2866 2886 2870 2860 2852 2870 2895 2867 2875 2881 2882 2861 2848 2888 2845 2845 2857 2872 2881 2889 2881 2875 2900 2877 2892 2854 2891 2885 2909 2895 2860 2888 2875 2899 2880 2895 2919 2829 2879 2863 2885 2902 2918 2920 2914 2859 2897 2924 2907 2903 2904 2914 2900 2909 2898 2890 2894 2879 2875 2863 2902 2883 2891 2887 2922 2907 2899 2915 2923 2907 2908 2902 2880 2884 2901 2925 2893 2875 2910 2907 2893 2912 2879 2896 2920 2916 2925 2928 2897 2917 2915 2918 2922 2901 2956 2864 2889 2867 2929 2932 2904 2921 2920 2900 2909 2911 2923 2904 2919 2928 2911 2882 2858 2886 2929 2907 2905 2911 2914 2920 2884 2914 2916 2925 2892 2899 2909 2889 2908 2896 2896 2887 2929 2907 2929 2909 2908 2893 2901 2908 2917 2921 2909 2922 2908 2876 2908 2871 2918 2888 2907 2881

Tree=0
num_leaves=31
num_cat=0
split_feature=15 17 4 19 4 19 3 19 10 19 5 4 11 10 3 2 0 5 9 9 7 12 3 14 2 14 19 11 11 2
split_gain=715.337 55.4745 26.5312 20.4262 15.4114 12.8647 17.8441 11.4869 9.67512 9.31269 6.5203 6.16664 5.05894 6.19757 4.44374 3.97696 4.00867 3.65489 3.60303 3.55739 3.85976 3.4112 5.78933 3.6919 5.7112 3.40334 3.38265 3.54572 3.23778 3.13033
threshold=2.5000000000000004 7.5000000000000009 1.0000000180025095e-35 69.500000000000014 88.583333333333357 44.500000000000007 7.5833333333333348 44.500000000000007 4.1339285714285721 43.500000000000007 6.5500000000000007 77.583333333333357 0.17527777777777784 3.683333333333334 9.1666666666666696 0.14166666666666672 2.1666666666666674 7.4500000000000011 86.100000000000009 85.100000000000009 0.044500000000000019 0.056125000000000015 10.16666666666667 79.414285714285725 0.17416666666666669 84.211111111111123 49.500000000000007 0.11700000000000002 0.33050000000000007 0.045833333333333344
decision_type=2 2 2 2 2 2 2 2 2 2 2 2 2 2 2 2 2 2 2 2 2 2 2 2 2 2 2 2 2 2
left_child=2 5 -1 4 9 -2 8 -6 -7 -3 18 -11 13 14 -13 16 -5 28 25 -8 -21 -15 23 -23 -25 -9 27 29 -17 -20
right_child=1 3 -4 15 7 6 19 10 -10 11 -12 12 -14 21 -16 17 -18 -19 26 20 -22 22 -24 24 -26 -27 -28 -29 -30 -31
leaf_value=0.94999999999999996 1 1 1 1.2124999999999999 1.1000000000000001 1.05 1.1000000000000001 1.2 1.1000000000000001 1.05 1.1000000000000001 1.1000000000000001 1.1499999999999999 1.05 1.1499999999999999 1.3500000000000001 1.3 1.1000000000000001 1.2 1.1499999999999999 1.1499999999999999 1 1.2 1.2 1 1.05 1.25 1.2 1.1000000000000001 1.1499999999999999
leaf_weight=7259 662 160 1181 36 519 1005 228 43 323 390 95 300 201 221 97 118 169 37 289 78 101 36 30 117 54 68 685 64 66 194
leaf_count=7259 662 160 1181 36 519 1005 228 43 323 390 95 300 201 221 97 118 169 37 289 78 101 36 30 117 54 68 685 64 66 194
internal_value=0.998825 1.01145 0.989271 1.01506 1.01383 1.00544 1.0077 1.01681 1.00489 1.0102 1.01911 1.01146 1.01345 1.01177 1.01634 1.02541 1.03043 1.02076 1.02 1.01686 1.02214 1.00781 1.01197 1.009 1.01206 1.01137 1.02078 1.01785 1.02364 1.01638
internal_weight=14826 6386 8440 3989 3563 2397 1735 1957 1328 1606 1438 1446 1056 855 397 426 205 221 1343 407 179 458 237 207 171 111 1232 547 184 483
internal_count=14826 6386 8440 3989 3563 2397 1735 1957 1328 1606 1438 1446 1056 855 397 426 205 221 1343 407 179 458 237 207 171 111 1232 547 184 483
is_linear=0
shrinkage=1


Tree=1
num_leaves=31
num_cat=0
split_feature=17 19 14 19 11 9 3 4 13 19 17 5 13 4 4 5 10 17 10 23 19 12 5 2 13 14 13 10 17 19
split_gain=600.902 37.973 43.0137 31.9459 17.2583 19.5538 11.038 9.84029 7.84589 7.19941 7.02347 6.61599 5.82488 5.59727 5.23788 5.22732 5.1553 4.86102 4.36179 4.25638 4.66281 3.74369 5.16572 3.65236 5.28233 3.60829 4.65942 3.60255 3.55698 3.51525
threshold=3.5000000000000004 44.500000000000007 77.950000000000017 46.500000000000007 0.16422222222222224 87.708333333333357 2.8333333333333335 72.166666666666671 5.4142857142857155 49.500000000000007 7.5000000000000009 6.5500000000000007 12.050000000000002 88.583333333333357 76.416666666666671 4.2250000000000005 1.8819444444444446 5.5000000000000009 3.1547619047619051 3.5000000000000004 50.500000000000007 0.05050000000000001 2.9000000000000004 0.045833333333333344 5.1055555555555561 88.612500000000011 5.0500000000000007 4.7888888888888896 2.5000000000000004 62.500000000000007
decision_type=2 2 2 2 2 2 2 2 2 2 2 2 2 2 2 2 2 2 2 2 2 2 2 2 2 2 2 2 2 2
left_child=3 10 14 6 5 8 -1 19 17 16 -2 -11 18 -12 -3 25 -7 -4 -10 28 -21 -20 -23 27 -25 26 -6 -18 -5 -22
right_child=1 2 4 7 15 9 -8 -9 12 11 13 -13 -14 -15 -16 -17 23 -19 21 20 29 22 -24 24 -26 -27 -28 -29 -30 -31
leaf_value=-0.047500000000000001 0 0.047500000000000001 -0.0025000000000000022 -0.047500000000000001 0.18843750000000001 -0.0025000000000000022 0 0.047500000000000001 0.096250000000000002 0.23312500000000003 0.045624999999999999 0.14499999999999999 0.14499999999999999 0.095000000000000001 0.095000000000000001 0.23250000000000004 0.19 0.047500000000000001 0.047500000000000001 -0.047500000000000001 0.0025000000000000022 0.030000000000000006 0.097500000000000003 -0.0074999999999999963 0.14250000000000002 0.23750000000000002 0.092500000000000013 0.047500000000000001 0.047500000000000001 -0.047500000000000001
leaf_weight=5364 505 647 101 1965 167 50 512 580 303 740 208 67 49 519 231 474 309 204 270 149 196 74 366 40 226 78 198 49 66 119
leaf_count=5364 505 647 101 1965 167 50 512 580 303 740 208 67 49 519 231 474 309 204 270 149 196 74 366 40 226 78 198 49 66 119
internal_value=-0.00011635 0.0123085 0.0143792 -0.00827142 0.0167032 0.0147823 -0.0104323 -0.00414228 0.01047 0.0187627 0.00450487 0.0219486 0.0125 0.00765131 0.00441344 0.022669 0.0149481 0.00340164 0.0116856 -0.00550601 -0.00118534 0.00954225 0.0123864 0.0161859 0.0117481 0.0187641 0.0166781 0.0194832 -0.00649311 0.0022619
internal_weight=14826 5875 4643 8951 3765 2848 5876 3075 1367 1481 1232 807 1062 727 878 917 674 305 1013 2495 464 710 440 624 266 443 365 358 2031 315
internal_count=14826 5875 4643 8951 3765 2848 5876 3075 1367 1481 1232 807 1062 727 878 917 674 305 1013 2495 464 710 440 624 266 443 365 358 2031 315
is_linear=0
shrinkage=0.05


Tree=2
num_leaves=31
num_cat=0
split_feature=10 17 19 19 9 19 19 3 19 8 4 16 4 0 1 13 19 6 7 9 16 5 10 12 2 0 14 10 14 6
split_gain=586.722 71.7344 20.2993 18.3365 16.0462 11.5677 10.1114 15.3168 9.50127 8.62495 7.35094 6.7285 6.10296 5.72892 6.56507 6.40222 4.89018 6.19937 4.67638 4.55311 4.72214 4.28154 4.19484 4.08113 3.97696 4.00867 3.9561 3.95393 6.32765 3.90117
threshold=1.6125000000000003 7.5000000000000009 69.500000000000014 45.500000000000007 89.100000000000009 43.500000000000007 47.500000000000007 7.416666666666667 44.500000000000007 5.9000000000000012 79.833333333333357 3.5000000000000004 83.166666666666671 2.5833333333333335 0.28166666666666679 9.9500000000000011 56.500000000000007 0.018999999999999993 0.0054999999999999979 79.675000000000011 3.5000000000000004 6.5500000000000007 5.2928571428571436 0.056125000000000015 0.14166666666666672 2.1666666666666674 77.950000000000017 2.3875000000000006 88.612500000000011 0.3010000000000001
decision_type=2 2 2 2 2 2 2 2 2 2 2 2 2 2 2 2 2 2 2 2 2 2 2 2 2 2 2 2 2 2
left_child=3 6 4 18 5 -3 -2 16 -6 -5 29 12 -9 -12 15 22 27 -18 -1 -19 -21 -10 -15 -17 25 -4 -13 -8 -29 -7
right_child=1 2 24 9 8 10 7 11 21 -11 13 26 -14 14 -16 23 17 19 -20 20 -22 -23 -24 -25 -26 -27 -28 28 -30 -31
leaf_value=-0.045124999999999998 0.0023749999999999995 -0.0022812500000000016 0.19190234375000001 -0.045124999999999998 0.090249999999999997 0.045124999999999998 -0.0023750000000000051 0.048812499999999995 0.18537500000000001 0.095125000000000001 0.14018749999999999 0.055124999999999993 -0.0023750000000000051 0.052804687500000003 0.13787500000000003 0.092625000000000013 0.098812499999999998 0.045124999999999998 0 0.046375 0.18337500000000001 0.083375000000000005 0.14853125 0.18056250000000001 0.22087500000000004 0.28025000000000005 0.13300000000000001 0.03961328125 0.14048437499999999 0.23517578124999999
leaf_weight=5282 1113 201 36 2074 448 472 347 120 1087 37 256 52 86 608 85 97 32 397 242 67 133 65 92 71 221 169 221 606 55 54
leaf_count=5282 1113 201 36 2074 448 472 347 120 1087 37 256 52 86 608 85 97 32 397 242 67 133 65 92 71 221 169 221 606 55 54
internal_value=0.000342304 0.0105914 0.0150997 -0.00931074 0.0138575 0.0107955 0.00505962 0.00708885 0.0175625 -0.00534699 0.012111 0.014953 0.00813107 0.0142577 0.0124738 0.0111751 0.00478772 0.00824722 -0.0108255 0.00709799 0.01325 0.0199653 0.00907143 0.0199405 0.0254108 0.0304268 0.0201007 0.00262897 0.00489788 0.00717681
internal_weight=14826 7191 3962 7635 3536 1936 3229 2116 1600 2111 1735 479 206 1209 953 868 1637 629 5524 597 200 1152 700 168 426 205 273 1008 661 526
internal_count=14826 7191 3962 7635 3536 1936 3229 2116 1600 2111 1735 479 206 1209 953 868 1637 629 5524 597 200 1152 700 168 426 205 273 1008 661 526
is_linear=0
shrinkage=0.05


Tree=3
num_leaves=31
num_cat=0
split_feature=15 17 9 19 19 9 23 14 19 19 11 14 1 9 11 5 13 13 19 5 0 9 11 8 2 0 9 0 3 5
split_gain=574.606 53.5674 36.797 20.4262 15.9801 15.1178 11.1482 19.4411 10.8271 10.7401 6.95037 6.78383 6.01063 7.61131 5.31387 5.33022 4.90029 4.88067 4.52432 4.29263 4.27322 4.13374 4.06533 4.10321 3.97696 4.00867 3.92951 4.6637 3.89063 3.65489
threshold=2.5000000000000004 7.5000000000000009 1.0000000180025095e-35 69.500000000000014 45.500000000000007 89.100000000000009 2.5000000000000004 79.527777777777786 44.500000000000007 43.500000000000007 0.25950000000000006 76.050000000000011 0.30416666666666675 86.90000000000002 0.022111111111111116 4.1000000000000005 11.050000000000002 6.3875000000000011 54.500000000000007 6.5500000000000007 2.5833333333333335 74.90000000000002 0.14171428571428576 8.9000000000000021 0.14166666666666672 2.1666666666666674 83.366666666666688 2.1666666666666674 10.16666666666667 7.4500000000000011
decision_type=2 2 2 2 2 2 2 2 2 2 2 2 2 2 2 2 2 2 2 2 2 2 2 2 2 2 2 2 2 2
left_child=2 6 4 5 -1 9 18 14 -7 -3 11 -11 13 17 -8 -16 20 -9 28 -10 26 -4 -22 -24 25 -5 27 -13 -2 -26
right_child=1 3 21 24 -6 8 7 12 19 10 -12 16 -14 -15 15 -17 -18 -19 -20 -21 22 -23 23 -25 29 -27 -28 -29 -30 -31
leaf_value=-0.042868750000000004 0 0.0084371093749999963 0.00039433593750000108 0.18230722656250001 -0.042868750000000004 0.085737500000000008 0.18883906250000002 0.034901855468749993 0.17610625000000002 0.034671386718750009 0.15227529296875 0.040618749999999995 0.14878125 0.12635000000000002 0.040738085937500002 0.083684667968750001 0.13067812500000003 0.100789501953125 0.22631406250000002 0.079206250000000006 0.073596875000000006 -0.0001187500000000008 0.17254082031250001 0.027859765625000012 0.212034375 0.26623750000000002 0.13811562500000002 0.22247578125 0.099881250000000005 0.07233125
leaf_weight=5225 885 204 505 36 2034 463 35 151 1091 146 159 132 52 125 679 155 121 156 55 65 791 676 143 45 184 169 169 34 104 37
leaf_count=5225 885 204 505 36 2034 463 35 151 1091 146 159 132 52 125 679 155 121 156 55 65 791 676 143 45 184 169 169 34 104 37
internal_value=0.000197289 0.0115135 -0.00836493 0.0150633 -0.00969658 0.0138261 0.00560597 0.00860126 0.017395 0.0108539 0.0121264 0.0111243 0.0166322 0.0146991 0.00412831 0.00332734 0.012169 0.0104642 0.00172414 0.0199827 0.0112823 -0.000179932 0.0096144 0.0162234 0.0254108 0.0304268 0.0161567 0.0106928 0.000947927 0.0207579
internal_weight=14826 6386 8440 3989 7259 3563 2397 1353 1619 1944 1740 1581 484 432 869 834 1435 307 1044 1156 1314 1181 979 188 426 205 335 166 989 221
internal_count=14826 6386 8440 3989 7259 3563 2397 1353 1619 1944 1740 1581 484 432 869 834 1435 307 1044 1156 1314 1181 979 188 426 205 335 166 989 221
is_linear=0
shrinkage=0.05


Tree=4
num_leaves=31
num_cat=0
split_feature=15 17 19 19 4 23 14 5 4 16 10 4 0 11 4 14 16 19 3 0 6 10 17 1 13 14 5 10 8 23
split_gain=544.121 58.9331 22.4061 15.1266 16.0268 12.3995 16.9893 7.28717 7.21568 5.9738 5.90596 5.59727 5.36917 5.33786 6.37946 5.65148 5.25332 6.61287 4.66299 5.36653 4.629 4.44888 4.33025 3.83523 6.43351 3.57094 4.45011 5.86323 3.52365 3.49354
threshold=1.5000000000000002 7.5000000000000009 46.500000000000007 44.500000000000007 87.583333333333357 2.5000000000000004 79.527777777777786 6.5500000000000007 1.0000000180025095e-35 3.5000000000000004 2.2361111111111116 88.583333333333357 0.83333333333333337 0.14050000000000004 79.833333333333357 74.845238095238116 4.5000000000000009 44.500000000000007 10.833333333333334 2.5833333333333335 0.17100000000000004 6.3166666666666673 6.5000000000000009 0.28833333333333339 3.9500000000000006 88.612500000000011 4.1000000000000005 3.7321428571428577 5.4500000000000011 3.5000000000000004
decision_type=2 2 2 2 2 2 2 2 2 2 2 2 2 2 2 2 2 2 2 2 2 2 2 2 2 2 2 2 2 2
left_child=2 5 8 11 13 16 21 25 -1 -8 -11 -3 29 14 20 -15 -2 -18 19 -16 -5 28 -19 24 -12 26 27 -6 -7 -4
right_child=1 3 12 4 7 6 9 -9 -10 10 23 -13 -14 15 18 -17 17 22 -20 -21 -22 -23 -24 -25 -26 -27 -28 -29 -30 -31
leaf_value=-0.040725312499999999 -0.0001187500000000008 0.036398671875000004 -0.040725312499999999 0.041135180664062493 0.12150671875000002 0.0024740332031249982 0.041665482788085934 0.11134710937499999 -0.00011281250000000353 0.033132399902343748 -0.0061007568359375047 0.081450624999999999 0.00037461914062499881 0.025752446289062494 0.13080359375000003 0.155300625 0.044887187500000009 0.040644335937499991 0.14831343750000001 0.044001601562499999 -0.058864819335937513 0.14534903320312501 0.213939765625 0.13990825195312501 0.12003250000000001 0.20776968750000002 0.196019375 0.048253749999999984 0.040531845703125007 -0.040725312499999999
leaf_weight=5241 690 208 1618 288 246 665 136 147 265 47 41 519 360 66 122 511 337 146 95 395 43 37 76 48 269 937 245 167 461 400
leaf_count=5241 690 208 1618 288 246 665 136 147 265 47 41 519 360 66 122 511 337 146 95 395 43 37 76 48 269 937 245 167 461 400
internal_value=1.68623e-06 0.0102096 -0.00898656 0.0141734 0.0156269 0.00485523 0.00762911 0.0189007 -0.0107383 0.0149492 0.0179938 0.00765131 -0.00493061 0.011875 0.00955726 0.0156629 0.00107086 0.00467352 0.0125817 0.0107108 0.00396526 0.00422399 0.0113739 0.0201816 0.0181452 0.0198824 0.0170593 0.0138923 0.00366341 -0.00593409
internal_weight=14826 6942 7884 3989 3262 2953 1704 1742 5506 541 405 727 2378 1520 943 577 1249 559 612 517 331 1163 222 358 310 1595 658 413 1126 2018
internal_count=14826 6942 7884 3989 3262 2953 1704 1742 5506 541 405 727 2378 1520 943 577 1249 559 612 517 331 1163 222 358 310 1595 658 413 1126 2018
is_linear=0
shrinkage=0.05


Tree=5
num_leaves=31
num_cat=0
split_feature=15 17 4 6 14 3 8 11 4 14 7 23 5 23 3 7 8 8 8 7 12 6 12 13 24 16 13 11 10 23
split_gain=509.389 38.9135 16.4554 10.2962 11.5888 6.5212 6.15847 7.70686 7.4568 5.42583 4.72675 4.56353 4.34286 4.30677 4.11756 4.08033 4.01372 7.09575 3.52037 6.66194 3.495 6.27129 4.70693 3.46311 3.45481 3.1661 4.94111 4.29143 2.99362 2.87104
threshold=1.5000000000000002 7.5000000000000009 1.0000000180025095e-35 0.071000000000000021 79.225000000000009 11.833333333333334 11.550000000000002 0.13414285714285717 87.583333333333357 74.845238095238116 0.044500000000000019 2.5000000000000004 1.9000000000000001 2.5000000000000004 10.833333333333334 0.018000000000000019 4.5500000000000007 4.366666666666668 12.775000000000002 0.014000000000000011 0.046833333333333345 0.039000000000000014 0.088166666666666685 9.7888888888888914 2.2500000000000004 4.5000000000000009 5.5634920634920642 0.065357142857142878 3.7321428571428577 2.5000000000000004
decision_type=2 2 2 2 2 2 2 2 2 2 2 2 2 2 2 2 2 2 2 2 2 2 2 2 2 2 2 2 2 2
left_child=2 3 11 5 12 25 7 8 14 -9 15 -1 -5 -7 20 -6 17 -12 -8 -20 23 -22 -23 28 -10 -2 -27 -28 -3 -26
right_child=1 6 -4 4 10 13 18 9 24 -11 16 -13 -14 -15 -16 -17 -18 -19 19 -21 21 22 -24 -25 29 26 27 -29 -30 -31
leaf_value=-0.038689046875000001 5.9374999999972644e-06 0.045591023437500003 -0.00010407275390625915 0.13954419873046875 0.096522584960937519 0.092642828125000007 0.16385738085937504 0.024464823974609362 0.20203745312499999 0.15899620605468751 0.2097191136474609 -0.038689046875000001 0.036830839355468749 0.12780645458984374 0.16471604687500002 0.041719407470703129 0.13403480895996095 -0.056433000701904316 -0.047375031250000005 0.10441245312500001 0.13067183398437501 0.11804466406250001 0.029104841796874992 0.095591023437500006 0.10203745312500001 0.0043068398437499994 0.079954402160644533 -0.0023631093750000054 -0.013395158203125014 0.098900126953125
leaf_weight=3184 1000 208 627 35 67 37 188 71 279 995 47 4073 657 46 43 130 202 31 33 121 175 136 275 39 1092 329 335 49 137 212
leaf_count=3184 1000 208 627 35 67 37 188 71 279 995 47 4073 657 46 43 130 202 31 33 121 175 136 275 39 1092 329 335 49 137 212
internal_value=-0.000401434 0.00944719 -0.00910705 0.0051054 0.00875749 0.00272829 0.0126623 0.0120631 0.0105932 0.0156426 0.0147537 -0.00977849 0.00462428 0.0164157 0.00724334 0.0088198 0.0189286 0.00929487 0.0190789 0.013474 0.00657216 0.00900171 0.00562652 0.00286458 0.0127369 0.00206509 0.0046108 0.00846354 0.00126812 0.0116564
internal_weight=14853 6969 7884 2965 1169 1796 4004 3662 2596 1066 477 7257 692 83 1013 197 280 78 342 154 970 586 411 384 1583 1713 713 384 345 1304
internal_count=14853 6969 7884 2965 1169 1796 4004 3662 2596 1066 477 7257 692 83 1013 197 280 78 342 154 970 586 411 384 1583 1713 713 384 345 1304
is_linear=0
shrinkage=0.05


Tree=6
num_leaves=31
num_cat=0
split_feature=16 9 19 14 19 17 1 8 3 17 10 19 1 9 14 12 2 5 11 13 10 11 6 6 9 7 13 24 13 12
split_gain=464.57 32.9954 17.4824 17.4727 16.5887 8.90946 7.436 7.60506 5.55955 5.3024 5.06674 4.50705 4.27202 5.7441 3.6093 3.2396 3.34081 5.85437 4.08385 4.18959 5.98754 3.13934 3.13519 3.59289 3.38687 3.17211 3.11723 3.1004 3.06544 2.97578
threshold=2.5000000000000004 1.0000000180025095e-35 44.500000000000007 75.887500000000017 45.500000000000007 5.5000000000000009 0.30416666666666675 7.6333333333333337 14.500000000000002 7.5000000000000009 3.7638888888888893 56.500000000000007 0.015833333333333328 86.90000000000002 87.387500000000017 0.14550000000000005 0.16833333333333336 2.9000000000000004 0.27050000000000007 5.6458333333333348 2.8166666666666669 0.23750000000000002 0.04366666666666668 0.0026666666666666674 89.100000000000009 0.0036666666666666683 6.2678571428571432 2.7500000000000004 8.8944444444444475 0.013541666666666669
decision_type=2 2 2 2 2 2 2 2 2 2 2 2 2 2 2 2 2 2 2 2 2 2 2 2 2 2 2 2 2 2
left_child=1 4 9 26 -1 6 7 12 11 -2 22 15 -5 -14 -12 16 18 -18 19 27 -21 -22 23 24 -11 -26 -4 -7 -13 -24
right_child=2 -3 3 5 -6 8 -8 -9 -10 10 14 28 13 -15 -16 -17 17 -19 -20 20 21 -23 29 -25 25 -27 -28 -29 -30 -31
leaf_value=-0.036754594531250004 0.0022618906250000017 -9.8869116210942309e-05 0.034006520043945311 -0.0091032228515625091 -0.036754594531250004 0.19193558046875003 0.15220778411254882 0.090249390624999995 0.14216058046874999 -0.0066885277343750049 0.030767803125000007 0.1533881235351563 0.03158871145019531 0.12128232386779786 0.22153647980957031 0.13525135825195314 -0.016475400292968744 0.11405988696289063 0.10868897584533693 0.15900841640625002 0.10899411795654297 -0.033531761474609366 -0.027723778906249996 -0.0066885277343750049 0.022276221093750007 0.12227622109375001 0.081696578356933586 0.042279330468750015 0.19227933046875001 0.12776166054687499
leaf_weight=5230 645 1212 613 164 2027 120 35 161 50 67 65 998 237 39 114 183 67 79 31 218 1118 31 41 218 65 56 147 509 206 107
leaf_count=5230 645 1212 613 164 2027 120 35 161 50 67 65 998 237 39 114 183 67 79 31 218 1118 31 41 218 65 56 147 509 206 107
internal_value=-0.000825591 -0.00850307 0.00935934 0.0107321 -0.00977849 0.0119819 0.00652516 0.00522047 0.0129432 0.00437228 0.00728172 0.0127107 0.00181818 0.00561594 0.014595 0.0114389 0.0109008 0.00359589 0.011427 0.0111473 0.0127012 0.0112598 0.00491877 0.00264778 0.00771277 0.0127066 0.00375 0.00777027 0.0151993 0.0111486
internal_weight=14853 8469 6384 5006 7257 4246 636 601 3610 1378 733 3560 440 276 179 2356 2173 146 2027 1996 1367 1149 554 406 188 121 760 629 1204 148
internal_count=14853 8469 6384 5006 7257 4246 636 601 3610 1378 733 3560 440 276 179 2356 2173 146 2027 1996 1367 1149 554 406 188 121 760 629 1204 148
is_linear=0
shrinkage=0.05


Tree=7
num_leaves=31
num_cat=0
split_feature=15 16 19 19 13 3 14 4 11 23 9 3 6 19 9 6 3 0 24 14 10 7 17 11 7 10 11 4 19 12
split_gain=408.224 24.4434 22.3501 11.9178 11.8275 7.59949 6.10863 5.9182 7.08817 5.86412 5.6126 4.39229 4.10353 5.55307 5.43269 5.0427 4.06992 4.06259 3.90511 3.87638 3.93455 3.75937 3.50298 3.80687 3.32876 3.24571 3.18498 2.90413 2.89714 2.83613
threshold=1.5000000000000002 4.5000000000000009 45.500000000000007 43.500000000000007 5.6458333333333348 2.8333333333333335 74.845238095238116 80.833333333333357 0.12535714285714289 2.5000000000000004 88.63333333333334 7.5833333333333348 0.039000000000000014 50.500000000000007 87.100000000000009 0.059000000000000018 4.8333333333333348 2.5833333333333335 2.7500000000000004 85.950000000000017 3.2928571428571431 0.020000000000000014 8.5000000000000018 1.0000000180025095e-35 0.12900000000000006 2.7071428571428577 0.022928571428571434 81.833333333333357 51.500000000000007 0.075277777777777791
decision_type=2 2 2 2 2 2 2 2 2 2 2 2 2 2 2 2 2 2 2 2 2 2 2 2 2 2 2 2 2 2
left_child=2 9 5 22 6 -1 -5 8 24 -2 11 -11 14 15 -9 21 -4 -15 -16 20 -17 -14 -3 -24 -6 -8 -25 -19 -13 -21
right_child=1 3 16 4 7 -7 25 12 -10 10 -12 28 13 17 18 19 -18 27 -20 29 -22 -23 23 26 -26 -27 -28 -29 -30 -31
leaf_value=-0.034916864804687503 -0.00010745390624999906 -0.0023580484375000047 -0.034916864804687503 0.021541256773681627 0.022841718642578123 -3.9290783691359191e-06 0.025120798865966798 0.15670535496643068 0.10412036364288331 0.029185338067321778 0.13145831406455996 0.093321407353820815 0.16583121526794434 0.18369113658966063 0.2565152139620972 0.020300321493988027 0.00036603527709960781 0.15872987073989867 0.11465804952896119 0.11552620529800416 0.11564323538635256 -0.0079847968173217716 0.071162410039062513 -0.0063541013476562606 0.10639087974365236 0.12431872102050777 0.07073783093750001 0.13789102590820312 0.041431648045654301 0.0070307596936035168
leaf_weight=5280 694 334 2213 306 328 171 278 218 131 687 51 70 49 127 99 44 220 34 420 238 79 163 63 160 61 1170 205 761 80 119
leaf_count=5280 694 334 2213 306 328 171 278 218 131 687 51 70 49 127 99 44 220 34 420 238 79 163 63 160 61 1170 205 761 80 119
internal_value=-0.00131371 0.00750287 -0.00910705 0.00910757 0.0100622 -0.0108856 0.00682725 0.0120385 0.00721154 0.00203856 0.00472973 0.00374851 0.0131061 0.0116945 0.0161974 0.00830925 -0.00512228 0.0142354 0.0134152 0.0111458 0.0188008 0.00188679 0.00331365 0.00630841 0.00382391 0.0081837 0.00434932 0.0129088 0.0115 0.0085084
internal_weight=14853 6969 7884 5387 4625 5451 1754 2871 520 1582 888 837 2351 1614 737 692 2433 922 519 480 123 212 762 428 389 1448 365 795 150 357
internal_count=14853 6969 7884 5387 4625 5451 1754 2871 520 1582 888 837 2351 1614 737 692 2433 922 519 480 123 212 762 428 389 1448 365 795 150 357
is_linear=0
shrinkage=0.05


Tree=8
num_leaves=31
num_cat=0
split_feature=15 9 19 13 19 17 19 5 9 3 16 24 9 24 0 2 12 2 2 14 3 10 8 10 12 6 10 9 12 2
split_gain=378.274 28.5724 16.5887 12.4233 11.7094 6.48488 6.25862 4.9547 3.798 3.69375 3.44079 4.24922 3.35143 3.1949 3.1104 5.17225 4.23126 5.08844 3.18922 2.88119 2.73111 2.66185 2.65641 2.95079 2.57599 3.59989 3.35769 3.29389 3.38325 2.51158
threshold=2.5000000000000004 1.0000000180025095e-35 45.500000000000007 5.7638888888888902 43.500000000000007 7.5000000000000009 67.500000000000014 4.1000000000000005 74.90000000000002 11.833333333333334 3.5000000000000004 4.5000000000000009 76.90000000000002 3.7500000000000004 3.8333333333333335 0.071666666666666698 0.13450000000000004 0.16583333333333336 0.11500000000000003 85.354166666666671 11.16666666666667 4.5857142857142863 6.9000000000000012 5.9500000000000011 0.05050000000000001 0.039000000000000014 4.8166666666666673 88.366666666666688 0.064142857142857168 0.056666666666666671
decision_type=2 2 2 2 2 2 2 2 2 2 2 2 2 2 2 2 2 2 2 2 2 2 2 2 2 2 2 2 2 2
left_child=1 2 -1 5 20 7 9 -2 -9 10 12 14 -6 19 15 -12 17 18 -17 -7 -5 -10 -8 -24 -16 26 -26 28 -27 -11
right_child=3 -3 -4 4 6 13 22 8 21 29 11 -13 -14 -15 24 16 -18 -19 -20 -21 -22 -23 23 -25 25 27 -28 -29 -30 -31
leaf_value=-0.033171021564453132 0.010105993607177732 -0.00011222742425537335 -0.033171021564453132 0.022828451225097659 0.17609888880039978 0.059860911596069349 0.25495763209777067 0.010056549767456053 0.14110031443359375 0.086542941469017032 0.14398785320611573 0.0014229589664154219 -0.004349450537109373 0.018890845233703615 0.056617797813774108 0.067735326449768068 0.13459853692498777 -0.012206826490730283 0.17584294923353194 0.15847740787475587 0.088015494609375008 0.034970553063964835 0.29984869474279785 0.19518605766699218 0.18158444530810547 0.21363865112158203 0.081096722094474813 0.033528538497680671 0.060077640618652339 0.13005376542522429
leaf_weight=5230 986 1212 2027 571 42 527 99 91 43 198 756 113 134 274 423 211 133 109 56 529 70 127 99 55 90 33 41 206 244 124
leaf_count=5230 986 1212 2027 571 42 527 99 91 43 198 756 113 134 274 423 211 133 109 56 529 70 127 99 55 90 33 41 206 244 124
internal_value=-0.00166381 -0.00859163 -0.00977849 0.00752663 0.00934134 0.00484575 0.0105891 0.00225541 0.00838123 0.00993392 0.00930625 0.00979814 0.00255682 0.00727444 0.0102628 0.0119269 0.00803045 0.00531915 0.00903558 0.00852273 0.00317863 0.0127941 0.0181324 0.0222403 0.00823288 0.0103013 0.0176527 0.00830745 0.0118682 0.0149845
internal_weight=14853 8469 7257 6384 3807 2577 3166 1247 261 2913 2591 2415 176 1330 2302 1265 509 376 267 1056 641 170 253 154 1037 614 131 483 277 322
internal_count=14853 8469 7257 6384 3807 2577 3166 1247 261 2913 2591 2415 176 1330 2302 1265 509 376 267 1056 641 170 253 154 1037 614 131 483 277 322
is_linear=0
shrinkage=0.05


Tree=9
num_leaves=31
num_cat=0
split_feature=4 16 19 13 24 19 15 23 8 14 10 3 8 19 8 12 8 6 19 8 7 12 19 23 19 19 13 10 4 11
split_gain=351.763 30.9826 16.5887 7.77758 6.06927 5.03194 4.07709 7.78284 5.87018 4.0594 4.16704 3.61304 3.40096 3.34211 3.11086 4.9367 2.95406 2.81938 2.63357 4.83751 2.6146 3.40203 2.72904 2.41121 4.69656 7.05882 2.40072 2.38253 2.38064 2.3684
threshold=1.0000000180025095e-35 4.5000000000000009 45.500000000000007 8.7321428571428594 4.5000000000000009 40.500000000000007 2.5000000000000004 2.5000000000000004 5.9000000000000012 74.845238095238116 2.7071428571428577 5.166666666666667 4.2250000000000005 56.500000000000007 12.775000000000002 0.031547619047619054 11.733333333333336 0.048999999999999995 67.500000000000014 6.7083333333333348 0.015500000000000009 0.04881944444444445 41.500000000000007 3.5000000000000004 51.500000000000007 54.500000000000007 8.8944444444444475 3.5857142857142863 84.416666666666671 0.032111111111111125
decision_type=2 2 2 2 2 2 2 2 2 2 2 2 2 2 2 2 2 2 2 2 2 2 2 2 2 2 2 2 2 2
left_child=2 6 -1 4 9 -5 -2 28 11 -3 -11 12 -9 14 16 -16 26 -18 20 -20 22 27 -12 -4 -25 -26 -7 -22 -8 -15
right_child=1 3 23 5 -6 13 7 8 -10 10 18 -13 -14 29 15 -17 17 -19 19 -21 21 -23 -24 24 25 -27 -28 -29 -30 -31
leaf_value=-0.031512470486230473 -0.00010661605304260747 0.023834344674882497 -0.031512470486230473 0.0048594754023437497 -0.0056472044298248349 0.20273586069625243 -0.0071883623622436502 0.035201709489273071 0.067128314288703153 0.03176992409935761 0.0059304191433715847 -0.01033615498826599 0.08232045090419006 0.18908277474834753 -0.024368297961044977 0.085534603366487508 0.18290865130103609 0.081869623075668724 0.17343388931417114 0.23761212419648442 0.13670072205569458 0.091527343728884603 0.16354274500054933 -0.031512470486230473 0.015987529513769534 -0.031512470486230473 0.094501463477833947 0.02710418338482401 0.037380847355278017 0.15267709086888581
leaf_weight=5230 1212 395 1629 105 196 51 225 167 196 768 56 117 46 32 52 83 62 76 320 85 180 1199 393 143 85 170 717 405 246 212
leaf_count=5230 1212 395 1629 105 196 51 225 167 196 768 56 117 46 32 52 83 62 76 320 85 180 1199 393 143 85 170 717 405 246 212
internal_value=-0.00190618 0.0056148 -0.00977849 0.00765964 0.00653928 0.0108813 0.000628112 0.00299649 0.00717681 0.00698172 0.00753817 0.00310606 0.00698357 0.0117412 0.0105067 0.00342593 0.0115618 0.0182971 0.0084818 0.0121914 0.007809 0.00695067 0.0112194 -0.00593858 -0.00244975 0.00161765 0.0103516 0.00382479 -0.00167197 0.0170082
internal_weight=14853 7596 7257 5387 3997 1390 2209 997 526 3801 3406 330 213 1285 1041 135 906 138 2638 405 2233 1784 449 2027 398 255 768 585 471 244
internal_count=14853 7596 7257 5387 3997 1390 2209 997 526 3801 3406 330 213 1285 1041 135 906 138 2638 405 2233 1784 449 2027 398 255 768 585 471 244
is_linear=0
shrinkage=0.05


Tree=10
num_leaves=31
num_cat=0
split_feature=4 16 19 4 24 19 13 23 19 19 2 19 12 13 16 1 13 13 19 8 5 14 9 19 19 5 1 19 24 5
split_gain=331.369 26.8794 17.301 7.89643 5.51049 4.42348 4.46872 3.69729 5.20674 8.12132 3.42411 4.39028 3.38594 3.45045 3.1944 3.84453 2.8264 4.68911 3.1858 2.97265 2.74587 2.69486 3.2008 3.89295 2.64652 2.45866 2.41634 2.36805 2.23474 2.47759
threshold=1.0000000180025095e-35 4.5000000000000009 45.500000000000007 75.583333333333357 3.7500000000000004 45.500000000000007 8.6125000000000025 3.5000000000000004 50.500000000000007 59.500000000000007 0.036666666666666646 56.500000000000007 0.011833333333333336 2.9500000000000006 3.5000000000000004 0.18833333333333338 7.8452380952380958 6.7071428571428582 48.500000000000007 7.1000000000000005 5.9000000000000012 85.211111111111123 81.100000000000009 68.500000000000014 53.500000000000007 1.2916666666666667 0.35166666666666674 48.500000000000007 4.5000000000000009 2.1000000000000005
decision_type=2 2 2 2 2 2 2 2 2 2 2 2 2 2 2 2 2 2 2 2 2 2 2 2 2 2 2 2 2 2
left_child=2 10 -1 12 5 -5 16 -4 27 -10 11 20 -3 -14 25 -16 17 19 -18 21 -2 22 23 -7 -20 -12 -24 -9 29 -6
right_child=1 3 7 4 28 6 -8 8 9 -11 14 -13 13 -15 15 -17 18 -19 24 -21 -22 -23 26 -25 -26 -27 -28 -29 -30 -31
leaf_value=-0.029936846961918947 -0.002357683674873279 -0.018337834503550057 -0.029936846961918947 0.05639068140390318 0.11815468246365157 0.046020538178576535 0.11385625918410201 0.020063153038081056 0.015188153038081055 -0.029936846961918947 3.2863846289216128e-05 0.04460462582469802 0.20979456331807189 0.018026178155020608 0.046900962451432826 0.13571851723868639 0.083964280011936829 0.1482486264679973 -0.0045808755349437185 -0.0079177366959189092 0.049914113846289215 0.16229298059720154 -0.0035525728992118924 0.31166070117397038 0.11917826993247745 0.00040151809061294565 0.2123411699239704 -0.029936846961918947 1.0186801689149318e-05 0.03362168811376938
leaf_weight=5279 1183 77 1633 988 102 231 767 33 136 136 44 116 38 568 185 33 34 372 195 88 76 634 221 45 78 577 49 118 223 745
leaf_count=5279 1183 77 1633 988 102 231 767 33 136 136 44 116 38 568 185 33 34 372 195 88 76 634 221 45 78 577 49 118 223 745
internal_value=-0.00220275 0.00506422 -0.00980061 0.00695005 0.00766974 0.0085832 0.00962601 -0.00590953 -0.0017435 0.00238971 0.000417796 -0.00111818 0.00192167 0.00317657 0.00293504 0.0081422 0.00835259 0.00917683 0.00394951 0.00772871 -0.00197577 0.00838983 0.00581502 0.00960145 0.00215201 0.00110709 0.00194444 -0.00918874 0.00450935 0.00568182
internal_weight=15004 7669 7335 5455 4772 3702 2714 2056 423 272 2214 1375 683 606 839 218 1947 1640 307 1268 1259 1180 546 276 273 621 270 151 1070 847
internal_count=15004 7669 7335 5455 4772 3702 2714 2056 423 272 2214 1375 683 606 839 218 1947 1640 307 1268 1259 1180 546 276 273 621 270 151 1070 847
is_linear=0
shrinkage=0.05


Tree=11
num_leaves=31
num_cat=0
split_feature=4 17 19 13 5 13 6 9 23 19 19 11 12 16 24 4 1 1 2 12 4 4 12 12 6 19 10 9 5 19
split_gain=318.988 20.1781 17.301 5.04376 4.79054 3.87976 4.06726 3.91291 3.69729 5.20674 8.12132 3.33126 3.08534 2.90292 2.83044 2.82512 4.08883 3.8405 3.67718 3.13887 2.7424 2.64014 3.60262 3.86375 2.57145 2.51718 4.1801 2.4631 3.22168 2.51273
threshold=1.0000000180025095e-35 7.5000000000000009 45.500000000000007 8.7321428571428594 4.5500000000000007 4.4365079365079376 0.071000000000000021 77.366666666666688 3.5000000000000004 50.500000000000007 59.500000000000007 0.065357142857142878 0.015857142857142865 4.5000000000000009 3.7500000000000004 77.583333333333357 0.050000000000000024 0.45166666666666672 0.15500000000000005 0.022111111111111116 83.500000000000014 81.500000000000014 0.0095000000000000032 0.077321428571428596 0.10100000000000002 56.500000000000007 2.5634920634920637 85.90000000000002 7.4500000000000011 48.500000000000007
decision_type=2 2 2 2 2 2 2 2 2 2 2 2 2 2 2 2 2 2 2 2 2 2 2 2 2 2 2 2 2 2
left_child=2 4 -1 14 5 25 11 24 -4 -10 -11 13 -5 21 -3 16 -6 18 -17 -18 -9 22 -7 -24 -8 -2 -27 -14 29 -29
right_child=1 3 8 12 15 6 7 20 9 10 -12 -13 27 -15 -16 17 19 -19 -20 -21 -22 -23 23 -25 -26 26 -28 28 -30 -31
leaf_value=-0.028440004613823001 -0.0029161215772516738 0.10155218671932215 -0.028440004613823001 0.016168091503366074 -0.0024836408281824654 0.10025295712575272 0.043054280196150034 0.061610047875769208 -0.028440004613823001 0.014428745386177 -0.028440004613823001 -0.0091232346711925157 0.071587843266334536 0.044920782237019008 0.021030202288523273 0.057486180209704529 -0.0025969909427049466 -0.024623236270872113 0.16541151366614743 0.050971922152459472 0.048868307341390228 -0.0022434894545427242 -0.0012538131352525462 0.047683136200619994 -0.00459559672466684 0.11611545666987966 0.00063992891528509295 0.0953678278971134 -0.04002661700122357 0.11847749375386507
leaf_weight=5279 783 2257 1633 144 77 47 69 102 151 136 136 127 269 412 619 327 83 44 59 88 173 450 289 48 180 44 221 281 32 444
leaf_count=5279 783 2257 1633 144 77 47 69 102 151 136 136 127 269 412 619 327 83 44 59 88 173 450 289 48 180 44 221 281 32 444
internal_value=-0.00234604 0.00478387 -0.00980061 0.00721083 0.00207356 0.00120119 0.00255008 0.00629771 -0.00590953 -0.0017435 0.00238971 0.00111981 0.00997863 0.0019061 0.00608484 0.00586283 0.0016129 0.00831395 0.00990933 0.00592105 0.0104091 0.000209832 0.00325521 0.00144659 0.00175703 -0.00124046 0.0029717 0.0109405 0.0124009 0.0130862
internal_weight=15004 7669 7335 4046 3623 2945 1897 524 2056 423 272 1373 1170 1246 2876 678 248 430 386 171 275 834 384 337 249 1048 265 1026 757 725
internal_count=15004 7669 7335 4046 3623 2945 1897 524 2056 423 272 1373 1170 1246 2876 678 248 430 386 171 275 834 384 337 249 1048 265 1026 757 725
is_linear=0
shrinkage=0.05


Tree=12
num_leaves=31
num_cat=0
split_feature=4 16 19 4 19 24 3 11 23 19 19 2 12 8 19 12 9 2 12 5 7 19 8 3 9 2 7 23 1 0
split_gain=300.166 18.3484 17.301 6.31263 4.66809 4.50809 3.82336 3.89034 3.69729 5.20674 8.12132 3.31386 3.04369 2.99499 2.76734 3.55755 3.30653 2.77157 5.51009 5.20477 3.74739 3.6794 2.73823 5.68477 2.73433 2.69626 3.60867 3.04446 2.545 3.21583
threshold=1.0000000180025095e-35 4.5000000000000009 45.500000000000007 75.583333333333357 70.500000000000014 4.5000000000000009 11.833333333333334 0.0081666666666666693 3.5000000000000004 50.500000000000007 59.500000000000007 0.0033333333333333405 0.011833333333333336 7.7083333333333348 50.500000000000007 0.17725000000000005 88.90000000000002 0.056666666666666671 0.056125000000000015 3.3666666666666671 0.049000000000000023 57.500000000000007 2.6333333333333337 1.4166666666666667 85.90000000000002 0.056666666666666671 0.16266666666666671 2.5000000000000004 0.063333333333333366 4.416666666666667
decision_type=2 2 2 2 2 2 2 2 2 2 2 2 2 2 2 2 2 2 2 2 2 2 2 2 2 2 2 2 2 2
left_child=2 4 -1 12 11 6 14 -8 -4 -10 -11 -2 -3 22 15 16 24 18 19 21 -19 -16 23 -13 -5 27 -27 -9 29 -15
right_child=1 3 8 5 -6 -7 7 25 9 10 -12 13 -14 28 17 -17 -18 20 -20 -21 -22 -23 -24 -25 -26 26 -28 -29 -30 -31
leaf_value=-0.027018004383131851 -0.0043658168884334941 -0.022498552114338655 -0.027018004383131851 0.045765924360452674 0.0368832768187939 -0.0010418326528214728 -0.019018585250770489 0.17194145209823616 -0.027018004383131851 0.01370730811686815 -0.027018004383131851 -0.020679913226388093 0.018918628611381362 0.038637131588086397 0.19049779629375527 0.18075575639604127 0.071398817112102386 -0.019135534038561171 0.17604477499482701 0.085393837386757793 0.08208629806512388 0.10881202285031813 -0.000670901435889082 0.085133042928736719 0.0097140230205847167 0.15886939455445664 0.039597247893280813 0.036698970515236941 0.084155380296613597 -0.0028423383767536281
leaf_weight=5279 350 77 1633 540 70 223 32 78 151 136 136 74 606 225 128 36 1106 68 192 427 1103 88 1241 56 513 97 40 101 102 96
leaf_count=5279 350 77 1633 540 70 223 32 78 151 136 136 74 606 225 128 36 1106 68 192 427 1103 88 1241 56 513 97 40 101 102 96
internal_value=-0.00256931 0.00434705 -0.00980061 0.00590513 0.00050813 0.00654862 0.00688888 0.0119253 -0.00590953 -0.0017435 0.00238971 9.32836e-05 0.00140922 0.000961538 0.00647167 0.00524487 0.00498495 0.00781406 0.010015 0.00779549 0.00624466 0.0141204 -0.000173231 0.00673077 0.00297958 0.0136076 0.0188869 0.00956704 0.00463948 0.00245327
internal_weight=15004 7669 7335 5455 2214 4772 4549 348 2056 423 272 2144 683 1794 4201 2195 2159 2006 835 643 1171 216 1371 130 1053 316 137 179 423 321
internal_count=15004 7669 7335 5455 2214 4772 4549 348 2056 423 272 2144 683 1794 4201 2195 2159 2006 835 643 1171 216 1371 130 1053 316 137 179 423 321
is_linear=0
shrinkage=0.05


Tree=13
num_leaves=31
num_cat=0
split_feature=4 19 16 13 23 19 19 19 0 9 12 14 2 15 23 8 12 24 10 8 19 1 9 19 24 4 4 8 6 11
split_gain=271.82 17.301 16.5977 6.98903 3.69729 5.20674 8.12132 3.65135 4.10512 5.05754 3.63751 3.39666 3.1733 3.09392 8.26568 3.84908 2.98815 2.89893 2.86841 2.40179 2.36805 2.30183 2.4909 2.29092 2.23072 2.22533 2.08646 6.80984 2.01918 5.05508
threshold=1.0000000180025095e-35 45.500000000000007 4.5000000000000009 6.6833333333333345 3.5000000000000004 50.500000000000007 59.500000000000007 41.500000000000007 5.166666666666667 81.100000000000009 0.019500000000000007 84.950000000000017 0.0033333333333333405 2.5000000000000004 2.5000000000000004 5.9000000000000012 0.017071428571428574 4.5000000000000009 5.1833333333333345 7.1000000000000005 48.500000000000007 0.015833333333333328 82.90000000000002 95.500000000000014 3.7500000000000004 81.166666666666671 77.416666666666671 4.4500000000000011 0.048999999999999995 0.070500000000000021
decision_type=2 2 2 2 2 2 2 2 2 2 2 2 2 2 2 2 2 2 2 2 2 2 2 2 2 2 2 2 2 2
left_child=1 -1 12 7 -3 20 -7 -4 11 18 -5 -9 -2 26 21 16 -16 19 -10 -13 -6 -15 -23 24 28 -17 -14 -28 29 -12
right_child=2 4 3 10 5 6 -8 8 9 -11 23 17 13 14 15 25 -18 -19 -20 -21 -22 22 -24 -25 -26 -27 27 -29 -30 -31
leaf_value=-0.02566710416397526 -0.004147526044011818 -0.02566710416397526 -0.0037227192962356881 0.039919489651198493 0.021832895836024747 0.013021942711024742 -0.02566710416397526 0.010291001477679435 0.24403024981286692 0.1269635386709039 0.098711451612695095 0.10662488811648406 -0.0018413429544517079 -0.0066891973752805541 0.13121294134960471 0.08343459310299145 0.021527133270833429 -0.019658834886477562 0.17799747935681701 -0.017975854058424015 -0.02566710416397526 -0.0021551509373186617 0.1259363807864107 0.25939973985951287 0.026915737311241639 0.04781073225655133 0.078790185979104782 -0.0018512379747035901 0.073680103509794898 0.24502451275353865
leaf_weight=5279 350 1633 187 493 33 136 136 1127 43 315 680 859 579 219 35 94 263 42 48 70 118 83 63 33 510 95 56 377 990 58
leaf_count=5279 350 1633 187 493 33 136 136 1127 43 315 680 859 579 219 35 94 263 42 48 70 118 83 63 33 510 95 56 377 990 58
internal_value=-0.00291922 -0.00980061 0.00366247 0.00514436 -0.00590953 -0.0017435 0.00238971 0.00333055 0.00383387 0.00843596 0.00691027 0.00294328 1.12918e-05 0.000831545 0.00305164 0.0073152 0.00377517 0.00511071 0.0188187 0.0056916 -0.00918874 -0.00263699 0.00222603 0.00775539 0.00756256 0.0128968 -0.00103755 0.00158776 0.00842014 0.0103997
internal_weight=15004 7335 7669 5455 2056 423 272 2691 2504 406 2764 2098 2214 1864 852 487 298 971 91 929 151 365 146 2271 2238 189 1012 433 1728 738
internal_count=15004 7335 7669 5455 2056 423 272 2691 2504 406 2764 2098 2214 1864 852 487 298 971 91 929 151 365 146 2271 2238 189 1012 433 1728 738
is_linear=0
shrinkage=0.05


Tree=14
num_leaves=31
num_cat=0
split_feature=4 19 16 13 19 7 23 19 19 12 19 19 24 3 12 4 19 12 9 0 6 2 9 4 6 12 13 0 12 13
split_gain=257.533 17.301 12.7672 6.55147 3.8293 4.55771 3.69729 5.20674 8.12132 3.43485 3.31553 3.14666 3.54881 3.13761 3.53581 2.81138 2.36805 2.26966 2.46242 2.26694 2.19859 2.19229 2.14984 2.65618 2.19521 4.39726 4.87722 3.8798 3.09603 2.92512
threshold=1.0000000180025095e-35 45.500000000000007 4.5000000000000009 6.6833333333333345 54.500000000000007 0.028000000000000014 3.5000000000000004 50.500000000000007 59.500000000000007 0.11275 67.500000000000014 41.500000000000007 2.7500000000000004 12.16666666666667 0.039500000000000007 83.166666666666671 48.500000000000007 0.054142857142857152 89.90000000000002 6.5833333333333348 0.23999999999999999 0.18833333333333338 74.550000000000011 75.166666666666671 0.048999999999999995 0.05800000000000001 7.2928571428571436 2.5833333333333335 0.07105555555555558 7.6833333333333345
decision_type=2 2 2 2 2 2 2 2 2 2 2 2 2 2 2 2 2 2 2 2 2 2 2 2 2 2 2 2 2 2
left_child=1 -1 4 11 9 -6 -3 16 -9 -2 13 -4 19 22 -15 21 -8 -16 -19 20 -13 -11 -5 -24 25 26 -25 -26 -27 -29
right_child=2 6 3 10 5 -7 7 8 -10 15 -12 12 -14 14 17 -17 -18 18 -20 -21 -22 -23 23 24 27 28 -28 29 -30 -31
leaf_value=-0.024383748955776496 -0.0017656274416635754 -0.024383748955776496 -0.0035365833314239038 0.095323364459973678 0.043335179454873279 0.010408294579271143 0.020741251044223509 0.012370845575473506 -0.024383748955776496 0.035464083447189564 0.17622490415070433 0.13540730635871984 0.022306902660942082 0.043318548851951993 0.18076392622065784 0.13957513683726999 -0.024383748955776496 0.12519020450002291 0.083120352262958913 0.29806732121008817 -0.0036136407765709369 -0.003566349914997935 -0.0092628679257983123 0.18275872022179518 0.092208341731988164 0.19002440268982795 0.045990757872382861 0.07364097441446063 0.096469206932349616 0.018686095825053286
leaf_weight=5279 1587 1633 187 37 128 363 33 136 136 36 161 300 2067 108 36 33 118 60 81 42 95 67 110 62 196 66 582 198 266 801
leaf_count=5279 1587 1633 187 37 128 363 33 136 136 36 161 300 2067 108 36 33 118 60 81 42 95 67 110 62 196 66 582 198 266 801
internal_value=-0.00310251 -0.00980061 0.00330389 0.00460357 0.000101626 0.00399695 -0.00590953 -0.0017435 0.00238971 -0.00100842 0.00631331 0.00284745 0.0033147 0.00588264 0.0108333 0.00661765 -0.00918874 0.0151836 0.0123227 0.00740847 0.00623418 0.00254854 0.00527394 0.00508001 0.00546407 0.00722336 0.00481366 0.0040272 0.0118976 0.00276527
internal_weight=15004 7335 7669 5455 2214 491 2056 423 272 1723 2764 2691 2504 2603 285 136 151 177 141 437 395 103 2318 2281 2171 976 644 1195 332 999
internal_count=15004 7335 7669 5455 2214 491 2056 423 272 1723 2764 2691 2504 2603 285 136 151 177 141 437 395 103 2318 2281 2171 976 644 1195 332 999
is_linear=0
shrinkage=0.05


Tree=15
num_leaves=31
num_cat=0
split_feature=10 19 16 4 23 19 19 13 19 6 6 12 11 10 2 12 13 19 0 10 14 6 14 14 6 12 14 13 5 0
split_gain=247.677 17.2209 11.4557 4.57884 3.95422 6.40303 7.01292 3.90574 4.18758 2.67665 2.66397 4.3796 3.5252 3.02816 2.48806 2.41779 3.45616 2.40261 2.85111 2.34371 3.74778 2.97948 2.89922 2.84045 4.0138 2.57791 2.46335 2.59508 2.29167 2.24862
threshold=1.1000000000000003 45.500000000000007 4.5000000000000009 76.416666666666671 3.5000000000000004 50.500000000000007 59.500000000000007 6.5634920634920642 71.500000000000014 0.52500000000000013 0.048999999999999995 0.015857142857142865 0.06950000000000002 2.2678571428571432 0.010000000000000007 0.011833333333333336 3.1339285714285716 69.500000000000014 4.5833333333333348 4.6458333333333348 88.7638888888889 0.29300000000000009 89.267857142857153 88.105555555555569 0.074500000000000025 0.019500000000000007 87.211111111111123 7.8819444444444455 5.366666666666668 2.5833333333333335
decision_type=2 2 2 2 2 2 2 2 2 2 2 2 2 2 2 2 2 2 2 2 2 2 2 2 2 2 2 2 2 2
left_child=1 14 -2 15 -3 -6 -7 9 10 -5 11 -9 -13 -12 -1 -4 -17 18 -18 23 21 -21 -22 26 25 -25 27 -15 -11 -29
right_child=2 4 3 7 5 6 -8 8 -10 28 13 12 -14 19 -16 16 17 -19 -20 20 22 -23 -24 24 -26 -27 -28 29 -30 -31
leaf_value=-0.023164561507987669 0.00022057336079723267 -0.023164561507987669 -0.016928917175894575 0.043376178507661733 -0.023164561507987669 0.01175230329669983 -0.023164561507987669 0.017180434737762745 0.20718572595748636 0.29550732291061915 0.15440054722154808 0.074479134768891467 0.21723217904533731 0.077097158624064133 -0.0025337072237843015 0.16276941845197621 0.011469744999097094 0.24508844004688096 -0.020796816945090037 0.14175777017927091 -0.062883982526103416 -0.00042840100453577781 0.053668755900892401 0.041844014951287811 0.03783145734053403 0.22768634391858544 -0.023582390895197525 0.058157156958316317 0.16085041583712953 -0.0078615461916108579
leaf_weight=5313 2082 1704 73 1889 143 142 136 180 124 33 35 869 77 118 78 60 479 37 142 136 38 36 128 39 290 67 129 43 55 295
leaf_count=5313 2082 1704 73 1889 143 142 136 180 124 33 35 869 77 118 78 60 479 37 142 136 38 36 128 39 290 67 129 43 55 295
internal_value=-0.0032014 -0.00960617 0.00325664 0.00447692 -0.00579412 -0.00145487 0.00296763 0.0050835 0.00635561 0.00340794 0.00590726 0.00770426 0.00906448 0.00441285 -0.0111088 0.00096397 0.0018454 0.000797872 6.03865e-05 0.00402767 0.00761834 0.0127907 0.00225904 0.00279052 0.00606061 0.0143868 0.000576923 0.00230263 0.0119318 7.39645e-05
internal_weight=14970 7516 7454 5372 2125 421 278 4581 2604 1977 2480 1126 946 1354 5391 791 718 658 621 1319 338 172 166 981 396 106 585 456 88 338
internal_count=14970 7516 7454 5372 2125 421 278 4581 2604 1977 2480 1126 946 1354 5391 791 718 658 621 1319 338 172 166 981 396 106 585 456 88 338
is_linear=0
shrinkage=0.05


Tree=16
num_leaves=31
num_cat=0
split_feature=10 19 17 3 23 19 19 10 15 7 19 24 19 19 9 17 2 4 14 0 8 6 1 8 3 24 0 8 19 1
split_gain=237.199 17.2209 12.1269 4.67074 3.95422 6.40303 7.01292 3.74236 3.65231 4.04561 3.34817 3.13094 3.75069 2.62097 3.50787 2.71674 2.48806 2.43743 2.91302 3.76423 2.65115 3.19924 2.39162 2.2269 1.9798 1.95725 2.10575 1.91357 2.30178 1.85257
threshold=1.1000000000000003 45.500000000000007 7.5000000000000009 11.583333333333334 3.5000000000000004 50.500000000000007 59.500000000000007 8.1055555555555561 1.5000000000000002 0.049000000000000023 52.500000000000007 2.7500000000000004 77.000000000000014 43.500000000000007 89.550000000000011 9.5000000000000018 0.010000000000000007 77.416666666666671 86.950000000000017 1.8333333333333337 9.2250000000000014 0.089000000000000037 0.59666666666666679 6.7083333333333348 14.833333333333334 4.5000000000000009 7.166666666666667 2.7083333333333335 45.500000000000007 0.32833333333333342
decision_type=2 2 2 2 2 2 2 2 2 2 2 2 2 2 2 2 2 2 2 2 2 2 2 2 2 2 2 2 2 2
left_child=1 16 3 7 -3 -6 -7 10 -5 -10 17 13 24 -4 15 -15 -1 -2 19 -19 21 -20 -12 -14 25 26 29 -21 -29 -13
right_child=2 4 11 8 5 6 -8 -9 9 -11 22 12 23 14 -16 -17 -18 18 20 27 -22 -23 -24 -25 -26 -27 -28 28 -30 -31
leaf_value=-0.022006333432588288 -0.002318740452358259 -0.022006333432588288 -0.0081652175798659302 -0.0026683395471104989 -0.022006333432588288 0.011164688131864837 -0.022006333432588288 0.10842012085859271 0.069230025454061539 0.12733710837059109 0.023122143378823991 0.050115915332151019 0.123003846394557 0.14229364990934654 0.15172044546524055 0.055464305503320627 -0.0024070218625950853 -0.0031758286793434399 -0.0018328376224717392 -0.0038324809072969538 -0.022303762720306933 0.090237248631591938 -0.013202867311614963 0.22964327315384506 0.088129484403302608 -0.0066342586495900637 -0.0081157764697712409 0.092802756822784507 0.018383934894302265 0.11032122541274869
leaf_weight=5313 877 1704 68 49 143 142 136 34 82 31 1148 2572 142 73 282 289 78 109 506 31 166 40 44 47 38 173 175 137 208 133
leaf_count=5313 877 1704 68 49 143 142 136 34 82 31 1148 2572 142 73 282 289 78 109 506 31 166 40 44 47 38 173 175 137 208 133
internal_value=-0.00333834 -0.00960617 0.00298162 0.000816002 -0.00579412 -0.00145487 0.00296763 0.000409091 0.00910494 0.0140487 0.000237293 0.00485972 0.00420732 0.00786517 0.00885093 0.00559392 -0.0111088 -0.000976374 0.00049081 0.00347938 -0.00154494 0.000137363 0.00234899 0.011045 0.00378923 0.00364805 0.00395833 0.00585106 0.00692029 0.00430222
internal_weight=14970 7516 7454 3462 2125 421 278 3300 162 113 3266 3992 3280 712 644 362 5391 2074 1197 485 712 546 1192 189 3091 3053 2880 376 345 2705
internal_count=14970 7516 7454 3462 2125 421 278 3300 162 113 3266 3992 3280 712 644 362 5391 2074 1197 485 712 546 1192 189 3091 3053 2880 376 345 2705
is_linear=0
shrinkage=0.05


Tree=17
num_leaves=31
num_cat=0
split_feature=4 19 17 23 19 19 14 17 6 14 15 9 13 24 9 13 6 19 6 0 19 23 12 3 14 14 13 3 19 11
split_gain=230.366 17.2564 12.5561 4.16682 6.40303 7.01292 3.89737 3.0544 4.86933 2.88756 2.78357 4.76593 4.30479 2.56096 3.54957 2.72443 2.735 2.84421 3.29714 2.31056 3.42359 2.08206 2.01076 2.1293 1.98187 2.07436 1.96876 2.20028 1.9488 2.42354
threshold=1.0000000180025095e-35 45.500000000000007 6.5000000000000009 3.5000000000000004 50.500000000000007 59.500000000000007 79.63333333333334 7.5000000000000009 0.30550000000000005 73.354166666666671 2.5000000000000004 68.100000000000009 5.7638888888888902 2.7500000000000004 89.366666666666688 13.112500000000002 0.20900000000000005 71.500000000000014 0.15900000000000006 3.8333333333333335 41.500000000000007 2.5000000000000004 0.12105555555555557 9.5833333333333339 82.612500000000011 82.211111111111123 6.2111111111111121 10.833333333333334 42.500000000000007 0.2623611111111111
decision_type=2 2 2 2 2 2 2 2 2 2 2 2 2 2 2 2 2 2 2 2 2 2 2 2 2 2 2 2 2 2
left_child=1 -1 10 -3 -5 -6 7 -4 9 -9 -2 -12 19 14 -8 16 17 18 24 -13 -21 26 23 -11 25 -15 -14 -28 -16 -30
right_child=2 3 6 4 5 -7 13 8 -10 22 11 12 21 15 28 -17 -18 -19 -20 20 -22 -23 -24 -25 -26 -27 27 -29 29 -31
leaf_value=-0.020906016760958872 -0.001437009322030891 -0.020906016760958872 -0.017021683373514573 -0.020906016760958872 0.010606453725271593 -0.020906016760958872 0.088057224352042024 0.051829232663993807 0.25559844389100683 -0.016092516331746434 0.071863232838146704 -0.012091115629924744 0.060758920621775819 0.029715971042456192 -0.0018680308102804273 0.10797274707180692 0.10723765625639481 0.22585416775681244 -0.016602285850121312 -0.0044533516488676319 0.024078877438593049 0.063000627888397276 0.054933591343160032 0.061112635821805796 0.043955241397831114 0.11068079932773772 -0.0030170372453762642 0.073748806480915946 0.14898097758181716 -0.012627714686436808
leaf_weight=5250 1232 1670 209 143 142 136 337 55 56 270 64 734 39 153 38 36 475 81 198 52 206 407 80 40 2149 30 327 55 276 30
leaf_count=5250 1232 1670 209 143 142 136 337 55 56 270 64 734 39 153 38 36 475 81 198 52 206 407 80 40 2149 30 327 55 276 30
internal_value=-0.0034185 -0.00974152 0.00266581 -0.00590029 -0.00145487 0.00296763 0.00435132 0.000950704 0.00306886 0.00132022 0.000224647 0.00143312 0.000961538 0.0049862 0.00776432 0.0043802 0.00422067 0.00358579 0.00329051 -0.00126008 0.00281008 0.00362319 -0.000192308 -0.00201613 0.00381647 0.00881148 0.00115796 6.5445e-05 0.0113372 0.0126634
internal_weight=14970 7341 7629 2091 421 278 4513 710 501 445 3116 1884 1820 3803 681 3122 3086 2611 2530 992 258 828 390 310 2332 183 421 382 344 306
internal_count=14970 7341 7629 2091 421 278 4513 710 501 445 3116 1884 1820 3803 681 3122 3086 2611 2530 992 258 828 390 310 2332 183 421 382 344 306
is_linear=0
shrinkage=0.05


Tree=18
num_leaves=31
num_cat=0
split_feature=4 19 17 14 23 19 19 2 6 19 24 9 19 13 0 11 11 3 14 14 0 0 4 12 2 7 13 13 19 4
split_gain=222.165 17.2564 10.6706 4.22113 4.16682 6.40303 7.01292 2.86391 2.64689 2.59601 2.49062 3.70301 2.91885 3.02225 2.18391 2.13658 2.28765 2.0646 2.06336 1.95047 1.93221 2.81439 1.90524 2.26309 2.18711 3.00704 1.86119 2.57198 1.91875 1.894
threshold=1.0000000180025095e-35 45.500000000000007 6.5000000000000009 79.63333333333334 3.5000000000000004 50.500000000000007 59.500000000000007 0.18166666666666673 0.32100000000000006 47.500000000000007 2.7500000000000004 89.366666666666688 71.500000000000014 13.112500000000002 7.166666666666667 0.45250000000000007 0.3605000000000001 11.583333333333334 82.612500000000011 84.950000000000017 5.166666666666667 4.166666666666667 78.583333333333357 0.02788888888888889 0.054166666666666682 0.091000000000000039 2.5277777777777781 4.3166666666666673 52.500000000000007 71.166666666666671
decision_type=2 2 2 2 2 2 2 2 2 2 2 2 2 2 2 2 2 2 2 2 2 2 2 2 2 2 2 2 2 2
left_child=1 -1 9 7 -3 -6 -7 8 -4 -2 11 -5 13 14 18 16 17 26 22 -14 21 -20 -12 -24 -25 -26 28 -28 -11 -29
right_child=2 4 3 10 5 6 -8 -9 -10 15 12 -13 19 -15 -16 -17 -18 -19 20 -21 -22 -23 23 24 25 -27 27 29 -30 -31
leaf_value=-0.019860715922910929 -0.0013356545229419538 -0.019860715922910929 -0.0096660992731548157 0.083654363134439927 -0.019860715922910929 0.010076131039008014 -0.019860715922910929 0.049760522032734081 0.17471207809832345 -0.00035440881903199832 0.0010068417610853864 0.13081416056552564 0.027346228072811465 0.11588965665718752 -0.010403611629389131 -0.017672399992812799 0.058743445657270278 0.099864211237697731 0.05184755725006425 0.17998239318910009 0.077301917324917299 -0.0085925877060625717 0.20985346269847682 0.012249889101112155 0.11733367672481176 0.027655450944025519 -0.0030747978838207902 -0.0017459665835494076 0.03882505126317895 0.030575360322070335
leaf_weight=5250 1241 1670 555 337 143 142 136 86 69 70 85 344 79 34 146 83 33 50 1602 217 332 439 31 63 35 59 483 300 83 773
leaf_count=5250 1241 1670 555 337 143 142 136 86 69 70 85 344 79 34 146 83 33 50 1602 217 332 439 31 63 35 59 483 300 83 773
internal_value=-0.00353206 -0.00974152 0.00244298 0.00399679 -0.00590029 -0.00145487 0.00296763 0.000457746 -0.000721154 0.000192555 0.00465751 0.00739721 0.0040599 0.00356511 0.00338467 0.00136667 0.00172991 0.00148522 0.00371315 0.00878378 0.00323957 0.00266414 0.00782967 0.0106383 0.00820064 0.0130319 0.00119222 0.000674807 0.00645425 0.00203868
internal_weight=14970 7341 7629 4513 2091 421 278 710 624 3116 3803 681 3122 2826 2792 1875 1792 1759 2646 296 2373 2041 273 188 157 94 1709 1556 153 1073
internal_count=14970 7341 7629 4513 2091 421 278 710 624 3116 3803 681 3122 2826 2792 1875 1792 1759 2646 296 2373 2041 273 188 157 94 1709 1556 153 1073
is_linear=0
shrinkage=0.05


Tree=19
num_leaves=31
num_cat=0
split_feature=4 19 17 23 19 19 3 10 19 10 13 14 10 6 12 2 11 5 13 8 14 4 7 11 14 4 11 11 3 12
split_gain=215.288 17.2564 9.59443 4.16682 6.40303 7.01292 3.78966 3.90645 3.48204 3.19197 3.77358 2.64934 5.02958 2.79047 2.85652 2.34019 2.15725 2.07044 1.87761 1.87139 2.2125 4.19869 3.24536 3.56007 3.14279 2.19235 2.16677 2.93792 1.8877 1.86522
threshold=1.0000000180025095e-35 45.500000000000007 7.5000000000000009 3.5000000000000004 50.500000000000007 59.500000000000007 11.583333333333334 8.1055555555555561 52.500000000000007 3.2361111111111116 13.112500000000002 89.267857142857153 3.3166666666666669 0.31100000000000011 0.011055555555555558 0.036666666666666646 0.45250000000000007 3.1000000000000005 4.1055555555555561 2.1000000000000005 77.354166666666671 79.833333333333357 0.053666666666666675 0.21550000000000005 79.527777777777786 88.833333333333357 0.2131666666666667 0.12464285714285715 10.833333333333334 0.031180555555555562
decision_type=2 2 2 2 2 2 2 2 2 2 2 2 2 2 2 2 2 2 2 2 2 2 2 2 2 2 2 2 2 2
left_child=1 -1 6 -3 -5 -6 7 8 -2 -8 -11 13 -13 14 -4 18 19 -14 -15 -10 26 -22 25 24 -24 -23 27 29 -26 -21
right_child=2 3 11 4 5 -7 9 -9 16 10 -12 12 17 15 -16 -17 -18 -19 -20 20 21 22 23 -25 28 -27 -28 -29 -30 -31
leaf_value=-0.018867680126765381 -0.0014389321228513554 -0.018867680126765381 -0.023374938843120564 -0.018867680126765381 0.0095723244870576096 -0.018867680126765381 -0.0073809121611248703 0.10009832370935046 0.035477696973643329 0.096327565026773365 0.053727742499499791 0.033151842071663155 0.14035193995715431 0.13819204351766712 0.035682849542716548 0.094799070062264623 -0.021962779589122284 0.1222585947028782 0.21667302656518075 0.089549267248463779 0.051516943331969912 -0.019727669496945474 -0.015706795280996312 0.20250570250585842 0.067455447941996205 0.089207153108482887 -0.013614858980711931 0.049690684594579294 -0.035476643053915645 -0.0064083075161007093
leaf_weight=5250 2246 1670 98 143 142 136 56 34 83 53 53 497 119 62 2313 191 63 664 48 58 79 168 38 49 178 59 151 80 30 159
leaf_count=5250 2246 1670 98 143 142 136 56 34 83 53 53 497 119 62 2313 191 63 664 48 58 79 168 38 49 178 59 151 80 30 159
internal_value=-0.00362892 -0.00974152 0.00225292 -0.00590029 -0.00145487 0.00296763 0.000395243 4.67626e-05 -0.000119878 0.00787037 0.0129717 0.00394539 0.00582031 0.00306047 0.00249378 0.00759967 0.00206067 0.00831737 0.0134091 0.00256184 0.00198999 0.00397255 0.00234674 0.00580508 0.00335366 -0.00214758 -0.000669643 0.00180976 0.00576923 -0.00120968
internal_weight=14970 7341 7629 2091 421 278 3637 3475 3441 162 106 3992 1280 2712 2411 301 1195 783 110 1132 1049 601 522 295 246 227 448 297 208 217
internal_count=14970 7341 7629 2091 421 278 3637 3475 3441 162 106 3992 1280 2712 2411 301 1195 783 110 1132 1049 601 522 295 246 227 448 297 208 217
is_linear=0
shrinkage=0.05


Tree=20
num_leaves=31
num_cat=0
split_feature=4 19 4 19 23 19 19 10 4 3 10 23 24 19 19 19 1 10 9 8 19 24 11 19 2 19 14 1 2 26
split_gain=204.948 18.3005 4.79749 4.2509 3.83172 5.37365 8.01205 3.68173 3.63914 2.6256 2.36236 4.1475 2.35149 2.24673 2.15486 2.33019 2.20011 2.1493 1.89647 3.34672 3.01891 3.49525 2.87688 3.01385 2.64591 2.45144 2.28679 3.49478 2.1194 1.92204
threshold=1.0000000180025095e-35 45.500000000000007 77.583333333333357 43.500000000000007 3.5000000000000004 51.500000000000007 59.500000000000007 7.5277777777777786 80.833333333333357 12.16666666666667 1.9500000000000002 2.5000000000000004 4.5000000000000009 48.500000000000007 52.500000000000007 50.500000000000007 0.23000000000000007 4.6833333333333345 88.550000000000011 10.900000000000002 50.500000000000007 1.5000000000000002 0.21944444444444447 70.500000000000014 0.030000000000000027 46.500000000000007 88.316666666666677 0.32833333333333342 0.015833333333333328 1.0000000180025095e-35
decision_type=2 2 2 2 2 2 2 2 2 2 2 2 2 2 2 2 2 2 2 2 2 2 2 2 2 2 2 2 2 2
left_child=1 -1 10 8 -3 13 -7 9 -4 12 11 -2 18 -6 15 16 17 -12 26 20 21 -20 -22 -24 -23 -26 27 -5 -29 -27
right_child=2 4 3 7 5 6 -8 -9 -10 -11 14 -13 -14 -15 -16 -17 -18 -19 19 -21 22 24 23 -25 25 29 -28 28 -30 -31
leaf_value=-0.017924296120427112 0.00035176894099568927 -0.017924296120427112 0.07099935565154368 0.021852766571745442 0.024944453879572889 0.0090937082627047302 -0.017924296120427112 0.15137565621252552 -0.0010935483022460723 0.06756201833608784 -0.00066174073392043513 0.06129855489741344 -0.0079467174908782051 -0.017924296120427112 0.018458440118781852 -0.0098456184404115202 0.017665256811762019 -0.0094281818446434809 0.14022261610945508 -0.014315070628407367 0.13156738439529017 0.0097768937877125567 -0.0073814156450538911 0.1625310284509216 0.13663863432200538 0.1038986129241122 -0.013149290448488572 0.1585612363393287 0.11563343577803681 -0.024099070630585008
leaf_weight=5269 101 1652 43 1857 34 126 139 60 1005 288 643 47 196 110 750 246 88 92 42 144 559 552 115 84 104 96 208 39 165 89
leaf_count=5269 101 1652 43 1857 34 126 139 60 1005 288 643 47 196 110 750 246 88 92 42 144 559 552 115 84 104 96 208 39 165 89
internal_value=-0.0036129 -0.00958049 0.00213286 0.00287372 -0.00558588 -0.00125306 0.0029717 0.00352871 0 0.00336602 6.35486e-06 0.00608108 0.00305294 -0.00902778 -0.000487905 -0.00192937 -0.000653098 -0.00154762 0.00331154 0.00453081 0.00517215 0.00318516 0.00748681 0.00232412 0.00248216 0.00635813 0.00235236 0.00285662 0.00906863 0.00290541
internal_weight=14943 7330 7613 5646 2061 409 265 4598 1048 4538 1967 148 4250 144 1819 1069 823 735 4054 1785 1641 883 758 199 841 289 2269 2061 204 185
internal_count=14943 7330 7613 5646 2061 409 265 4598 1048 4538 1967 148 4250 144 1819 1069 823 735 4054 1785 1641 883 758 199 841 289 2269 2061 204 185
is_linear=0
shrinkage=0.05


Tree=21
num_leaves=31
num_cat=0
split_feature=4 19 17 23 19 19 5 3 24 19 13 9 5 19 19 13 16 3 0 5 5 24 19 0 12 12 12 5 10 0
split_gain=197.66 18.3005 6.09719 3.83172 5.37365 8.01205 3.56024 3.27186 2.94929 2.75911 2.67769 2.52591 2.38368 2.24673 2.11412 1.93642 3.17717 2.50381 1.95535 1.94717 2.34139 1.93177 1.8275 2.00006 1.67984 1.67653 2.12185 1.66539 1.59405 1.58628
threshold=1.0000000180025095e-35 45.500000000000007 7.5000000000000009 3.5000000000000004 51.500000000000007 59.500000000000007 8.1000000000000014 12.16666666666667 2.7500000000000004 52.500000000000007 13.112500000000002 89.366666666666688 1.9000000000000001 48.500000000000007 70.500000000000014 5.9500000000000011 3.5000000000000004 2.8333333333333335 2.8333333333333335 3.9000000000000004 5.291666666666667 4.5000000000000009 43.500000000000007 4.5833333333333348 0.07105555555555558 0.090500000000000011 0.13828571428571432 7.1000000000000005 5.1055555555555561 5.8333333333333348
decision_type=2 2 2 2 2 2 2 2 2 2 2 2 2 2 2 2 2 2 2 2 2 2 2 2 2 2 2 2 2 2
left_child=1 -1 6 -3 13 -6 7 9 11 -2 14 -4 -11 -5 21 17 18 -14 -17 -19 -21 25 -13 -24 -22 -10 -27 29 -28 -16
right_child=2 3 8 4 5 -7 -8 -9 10 12 -12 22 15 -15 27 16 -18 19 -20 20 24 -23 23 -25 -26 26 28 -29 -30 -31
leaf_value=-0.017028081314405755 -0.001149961505618602 -0.017028081314405755 0.074484622731498709 0.023697231185594244 0.0086390228495694943 -0.017028081314405755 0.08926534456627247 0.071374527654358658 0.052279218185570221 0.068630313394822076 0.10346921194024397 -0.019588232216360402 0.029246541868852362 -0.017028081314405755 0.10474659714567798 0.036419549622980545 0.093955219412961921 -0.013257506921435526 -0.0044007029446082703 0.12172215682068802 0.04285363563970318 -0.018626175416363838 0.13762470145148109 0.105671538907293 -0.01251955937140386 -0.012443018633020565 0.057420249224111576 -0.031865717151052027 -0.0061978935515218051 0.16890555245111297
leaf_weight=5269 2241 1652 415 34 126 139 47 102 1995 30 30 35 133 110 194 39 229 424 142 89 44 166 154 111 70 483 247 58 69 66
leaf_count=5269 2241 1652 415 34 126 139 47 102 1995 30 30 35 133 110 194 39 229 424 142 89 44 166 154 111 70 483 247 58 69 66
internal_value=-0.00371997 -0.00958049 0.0019227 -0.00558588 -0.00125306 0.0029717 0.000424791 0.000243438 0.00325938 -1.81633e-05 0.00262999 0.00617133 0.00191667 -0.00902778 0.0024939 0.00155983 0.00432927 6.57895e-05 -0.000621547 -0.00125598 0.00277094 0.0020777 0.00966667 0.0110849 -0.00197368 0.00238905 0.000453692 0.00636792 0.00363924 0.00807692
internal_weight=14943 7330 7613 2061 409 265 3590 3543 4023 3441 3308 715 1200 144 3278 1170 410 760 181 627 203 2960 300 265 114 2794 799 318 316 260
internal_count=14943 7330 7613 2061 409 265 3590 3543 4023 3441 3308 715 1200 144 3278 1170 410 760 181 627 203 2960 300 265 114 2794 799 318 316 260
is_linear=0
shrinkage=0.05


Tree=22
num_leaves=31
num_cat=0
split_feature=4 19 10 23 19 19 14 0 24 7 19 19 15 13 14 24 6 1 4 13 19 1 7 10 4 7 9 5 5 19
split_gain=193.395 18.3005 4.82131 3.83172 5.37365 8.01205 3.70839 2.91676 3.21782 3.16084 2.70349 2.24673 2.0933 1.89446 1.88354 1.79456 1.79386 2.94055 2.77355 1.84724 2.40324 2.16883 2.13867 2.88313 2.36919 2.29509 1.99315 2.69792 1.90246 1.68172
threshold=1.0000000180025095e-35 45.500000000000007 3.0500000000000003 3.5000000000000004 51.500000000000007 59.500000000000007 89.267857142857153 3.4166666666666674 3.7500000000000004 1.0000000180025095e-35 71.500000000000014 48.500000000000007 2.5000000000000004 5.1833333333333345 68.062500000000014 2.2500000000000004 0.24000000000000005 0.21500000000000005 71.833333333333357 4.4142857142857155 44.500000000000007 0.0066666666666666706 0.089000000000000037 1.9500000000000002 72.500000000000014 0.11399999999999999 78.225000000000009 2.3666666666666671 2.7750000000000004 51.500000000000007
decision_type=2 2 2 2 2 2 2 2 2 2 2 2 2 2 2 2 2 2 2 2 2 2 2 2 2 2 2 2 2 2
left_child=1 -1 12 -3 11 -6 10 8 13 -9 -4 -5 29 -8 -14 -11 17 19 -18 -16 -21 -22 23 -23 -25 -24 27 -26 -27 -2
right_child=2 3 6 4 5 -7 7 9 -10 15 -12 -13 14 -15 16 -17 18 -19 -20 20 21 22 25 24 26 28 -28 -29 -30 -31
leaf_value=-0.016176677248685468 -0.0020111121184835045 -0.016176677248685468 0.017147289515525667 0.022512369626314532 0.0082070717070910192 -0.016176677248685468 0.16301001077985053 -0.021158718196069209 0.011562797975931939 0.14283188471277816 0.084515969831313736 -0.016176677248685468 0.057294786175151782 0.1210902411342312 -0.0094136836115975824 0.048888880387234594 -0.017011196051433631 -0.017081008942866283 0.15420299123473657 -0.0011239085507737279 0.10719352673585712 0.14673710211054572 -0.030661129819076607 -0.01393654862367022 0.014143093624730063 0.07571482269865841 0.019697993770339713 0.11319267171401877 -0.015351218499461984 0.027851125453190757
leaf_weight=5269 623 1652 3009 34 126 139 67 126 91 133 411 110 58 212 508 622 30 136 53 550 118 36 96 92 32 47 282 42 64 175
leaf_count=5269 623 1652 3009 34 126 139 67 126 91 133 411 110 58 212 508 622 30 136 53 550 118 36 96 92 32 47 282 42 64 175
internal_value=-0.00378354 -0.00958049 0.00179791 -0.00558588 -0.00125306 0.0029717 0.00279651 0.0051259 0.00885135 0.00356129 0.00194444 -0.00902778 0.000212441 0.0115143 0.00102612 0.00478477 0.000779003 0.000480529 0.00798193 0.00099759 0.00195916 0.00369283 0.00262301 0.00444215 0.00334821 -0.00163043 0.00519663 0.0125 0.00326577 -0.00197368
internal_weight=14943 7330 7613 2061 409 265 4671 1251 370 881 3420 144 2942 279 2144 755 2086 2003 83 1867 1359 809 691 484 448 207 356 74 111 798
internal_count=14943 7330 7613 2061 409 265 4671 1251 370 881 3420 144 2942 279 2144 755 2086 2003 83 1867 1359 809 691 484 448 207 356 74 111 798
is_linear=0
shrinkage=0.05


Tree=23
num_leaves=31
num_cat=0
split_feature=4 19 17 23 19 19 5 3 19 19 9 24 10 19 11 13 13 12 3 12 13 8 5 16 8 5 8 3 13 3
split_gain=188.294 18.3005 5.67333 3.83172 5.37365 8.01205 3.67725 3.44143 2.71267 2.24673 2.14252 2.18379 1.82593 1.75321 1.73553 2.43851 2.37908 1.88685 2.1345 1.8128 2.16869 1.83557 1.67473 1.6682 1.64613 1.62246 1.62931 1.81621 1.59559 1.84835
threshold=1.0000000180025095e-35 45.500000000000007 7.5000000000000009 3.5000000000000004 51.500000000000007 59.500000000000007 8.1000000000000014 12.16666666666667 71.500000000000014 48.500000000000007 89.100000000000009 2.2500000000000004 5.7888888888888896 52.500000000000007 0.44725000000000004 2.6125000000000003 5.6458333333333348 0.04316666666666668 9.5833333333333339 0.22683333333333336 7.5857142857142863 8.1000000000000014 3.2916666666666674 3.5000000000000004 6.7083333333333348 3.9000000000000004 3.7083333333333335 3.1666666666666674 4.1833333333333345 5.166666666666667
decision_type=2 2 2 2 2 2 2 2 2 2 2 2 2 2 2 2 2 2 2 2 2 2 2 2 2 2 2 2 2 2
left_child=1 -1 6 -3 9 -6 7 13 10 -5 -4 -12 24 -2 15 23 25 22 19 20 -19 -22 -18 -15 -10 26 27 -17 -27 -30
right_child=2 3 8 4 5 -7 -8 -9 12 -11 11 -13 -14 14 -16 16 17 18 -20 -21 21 -23 -24 -25 -26 28 -28 -29 29 -31
leaf_value=-0.015367843386251193 -0.0013213734250930864 -0.015367843386251193 0.014799333234443336 0.021386751144998807 0.0077967181217364684 -0.015367843386251193 0.084108823283179715 0.064614753366210684 0.12481373457098562 -0.015367843386251193 0.10091673163072089 0.049233692714443639 0.060033790686500214 0.034464395467088585 -0.030034186459283588 -0.011912071581060203 0.032905108591173619 0.086549570225008809 -0.015468205675244307 -0.0070034115088993881 0.37737988849418264 0.078177075505525856 -0.0083820573177460275 0.088466576462923829 0.20434321754222273 -0.0082588272954435722 -0.012305549184802573 0.074784103226616674 0.13098767540540018 0.0099727172140957835
leaf_weight=5269 2241 1652 1995 34 126 139 47 102 202 110 277 1359 136 39 62 51 39 126 60 44 31 40 112 80 54 97 303 32 39 45
leaf_count=5269 2241 1652 1995 34 126 139 47 102 202 110 277 1359 136 39 62 51 39 126 60 44 31 40 112 80 54 97 303 32 39 45
internal_value=-0.0038605 -0.00958049 0.00164685 -0.00558588 -0.00125306 0.0029717 0.00020195 1.76404e-05 0.00293624 -0.00902778 0.00250964 0.00385086 0.00688776 -0.000250654 0.00129167 0.0017355 0.000944553 0.00365044 0.00593854 0.00803942 0.0100888 0.0170775 -0.000910596 0.0085084 0.009375 -0.00121252 -0.00304404 0.00316265 0.00269337 0.0077381
internal_weight=14943 7330 7613 2061 409 265 3590 3543 4023 144 3631 1636 392 3441 1200 1138 1019 452 301 241 197 71 151 119 256 567 386 83 181 84
internal_count=14943 7330 7613 2061 409 265 3590 3543 4023 144 3631 1636 392 3441 1200 1138 1019 452 301 241 197 71 151 119 256 567 386 83 181 84
is_linear=0
shrinkage=0.05


Tree=24
num_leaves=31
num_cat=0
split_feature=4 19 4 10 23 19 19 10 19 24 5 19 9 13 10 9 4 15 19 4 2 9 12 19 11 24 12 14 11 8
split_gain=183.914 18.3005 4.8796 4.06208 3.83172 5.37365 8.01205 2.62078 2.24673 2.10004 2.11682 1.60313 2.04059 2.83724 2.07793 2.07133 1.71605 1.64506 1.55791 3.66528 3.16458 2.00989 2.13523 2.56569 3.03088 3.01171 2.27486 2.01481 3.19892 2.13757
threshold=1.0000000180025095e-35 45.500000000000007 77.583333333333357 1.8452380952380956 3.5000000000000004 51.500000000000007 59.500000000000007 7.5277777777777786 48.500000000000007 4.5000000000000009 8.1000000000000014 52.500000000000007 76.90000000000002 2.6125000000000003 3.9500000000000006 75.77500000000002 76.833333333333357 2.5000000000000004 43.500000000000007 83.166666666666671 0.0099999999999999985 88.550000000000011 0.23350000000000001 55.500000000000007 0.022111111111111116 1.5000000000000002 1.0000000180025095e-35 88.316666666666677 0.38200000000000006 9.6333333333333346
decision_type=2 2 2 2 2 2 2 2 2 2 2 2 2 2 2 2 2 2 2 2 2 2 2 2 2 2 2 2 2 2
left_child=1 -1 11 -4 -3 8 -7 9 -6 10 18 16 13 -13 -14 -15 -2 -18 19 20 -5 27 23 25 -25 -23 -27 28 29 -20
right_child=2 4 3 7 5 6 -8 -9 -10 -11 -12 12 14 15 -16 -17 17 -19 21 -21 -22 22 -24 24 -26 26 -28 -29 -30 -31
leaf_value=-0.014599451216938633 -0.0015005740995121643 -0.014599451216938633 -0.0039599629213613154 0.012424821637588818 0.02031741358774887 0.0074068822156496466 -0.014599451216938633 0.097811374185752531 -0.014599451216938633 -0.0096737686010161979 -0.056199681993904564 0.032308897786906911 -0.031154854982689141 0.0040054638031259649 0.088688395897703831 0.072874308351253345 -0.0022691838237544949 0.0044728396056645803 0.01560526359831867 -0.00034470780865119015 0.14462653121238334 0.11776553098846108 -0.054002517184442267 0.15255403498041892 0.109098606685223 -0.012743065216866368 0.055510259989777037 -0.015680973762742956 0.13591495120807059 0.056791556956689165
leaf_weight=5269 1089 1652 383 30 34 126 139 76 110 236 55 61 137 446 70 51 76 37 1612 749 32 66 51 72 393 141 1103 217 140 290
leaf_count=5269 1089 1652 383 30 34 126 139 76 110 236 55 61 137 446 70 51 76 37 1612 749 32 66 51 72 393 141 1103 217 140 290
internal_value=-0.00392742 -0.00958049 0.0015155 0.00226266 -0.00558588 -0.00125306 0.0029717 0.00262445 -0.00902778 0.0024894 0.00270905 -0.000629131 0.00116013 0.00273297 -0.00307971 0.0014839 -0.00176789 -0.00763274 0.00281863 0.000816893 0.0125 0.00321603 0.00444962 0.00473944 0.00793011 0.00360687 0.00305466 0.0022189 0.00270568 0.00216877
internal_weight=14943 7330 7613 5646 2061 409 265 5263 144 5187 4951 1967 765 558 207 497 1202 113 4896 811 62 4085 1826 1775 465 1310 1244 2259 2042 1902
internal_count=14943 7330 7613 5646 2061 409 265 5263 144 5187 4951 1967 765 558 207 497 1202 113 4896 811 62 4085 1826 1775 465 1310 1244 2259 2042 1902
is_linear=0
shrinkage=0.05


Tree=25
num_leaves=31
num_cat=0
split_feature=4 19 17 3 5 14 19 19 19 12 12 19 19 19 19 6 13 1 2 11 5 26 1 11 6 7 2 7 2 14
split_gain=179.333 14.669 5.01332 4.0198 3.76138 3.33185 2.54831 2.51223 2.56079 2.00252 2.72328 2.69674 2.47648 1.96621 1.87185 1.92909 1.8638 3.2007 1.97139 2.59726 2.85617 2.17889 2.45028 1.84739 2.24561 1.79793 2.81786 2.30665 1.79738 3.00731
threshold=1.0000000180025095e-35 45.500000000000007 7.5000000000000009 12.16666666666667 8.2250000000000014 89.211111111111123 80.500000000000014 50.500000000000007 48.500000000000007 0.015277777777777781 0.018660714285714291 40.500000000000007 55.500000000000007 64.500000000000014 52.500000000000007 0.29300000000000009 6.5857142857142863 0.19666666666666674 0.16583333333333336 0.055277777777777787 2.5500000000000003 1.0000000180025095e-35 0.049999999999999996 0.16887500000000003 0.25500000000000006 0.027999999999999987 0.09666666666666672 0.10708333333333335 0.049999999999999996 87.236111111111128
decision_type=2 2 2 2 2 2 2 2 2 2 2 2 2 2 2 2 2 2 2 2 2 2 2 2 2 2 2 2 2 2
left_child=1 -1 3 4 14 6 16 8 -3 12 -11 -12 -7 -9 -2 -16 -4 18 19 28 -21 22 -20 -19 -25 -22 -27 -28 -18 -30
right_child=2 7 5 -5 -6 9 -8 13 -10 10 11 -13 -14 -15 15 -17 17 23 21 20 25 -23 -24 24 -26 26 27 -29 29 -31
leaf_value=-0.013869478656091703 -0.0018217384916442759 -0.013869478656091703 -0.0049596314963864076 0.060509705955966234 0.076433712967478057 0.017934222805861967 0.16161561633051158 -0.013869478656091703 -0.013869478656091703 0.16454809475924875 -0.057068540605162435 0.087649558250047485 0.11276791507614331 -0.013869478656091703 0.01911779017133668 -0.013232195872443299 0.00047024437081401587 -0.040819530930745855 -0.026094899078958102 0.18113145749001466 0.1022736621039388 -0.023067478217523887 0.050617981317665775 0.098618527496688244 -0.027755157198124315 0.0071561985762624847 0.16658746931065135 0.036793703759928041 0.098994814435870548 -0.014828623629803762
leaf_weight=5287 2266 350 1157 102 33 434 154 747 806 30 43 700 50 158 971 196 398 115 53 38 75 109 82 32 76 208 31 38 119 78
leaf_count=5287 2266 350 1157 102 33 434 154 747 806 30 43 700 50 158 971 196 398 115 53 38 75 109 82 32 76 208 31 38 119 78
internal_value=-0.00425147 -0.009819 0.00113996 -0.000224215 -0.000512118 0.00235075 0.00137984 -0.0062409 -0.00778547 0.00448488 0.00606404 0.0054677 0.00196281 -0.00426796 -0.000673609 0.000953299 0.00101092 0.00220386 0.00320382 0.00420051 0.00737179 -0.000819672 0.00342593 -0.00330717 0.00138889 0.00596591 0.0041065 0.0128623 0.00212185 0.00602792
internal_weight=14936 7348 7588 3568 3466 4020 2763 2061 1156 1257 773 743 484 905 3433 1167 2609 1452 1229 985 390 244 135 223 108 352 277 69 595 197
internal_count=14936 7348 7588 3568 3466 4020 2763 2061 1156 1257 773 743 484 905 3433 1167 2609 1452 1229 985 390 244 135 223 108 352 277 69 595 197
is_linear=0
shrinkage=0.05


Tree=26
num_leaves=31
num_cat=0
split_feature=4 19 17 23 19 19 3 10 14 10 10 5 19 0 0 19 6 24 4 23 9 0 4 7 12 3 13 0 10 1
split_gain=176.113 14.669 5.00783 3.72766 5.27859 7.68745 3.70403 3.53363 3.02876 4.00402 3.54776 2.99029 1.68578 1.55836 2.99395 1.51633 1.72553 1.48021 1.40928 3.65666 2.34678 3.44989 1.8672 1.43802 1.3589 1.36705 1.46241 2.10409 2.12632 1.90837
threshold=1.0000000180025095e-35 45.500000000000007 7.5000000000000009 3.5000000000000004 50.500000000000007 54.500000000000007 12.16666666666667 8.1055555555555561 89.211111111111123 3.3166666666666669 7.354166666666667 2.7750000000000004 48.500000000000007 4.166666666666667 2.8333333333333335 52.500000000000007 0.29300000000000009 1.5000000000000002 77.583333333333357 3.5000000000000004 80.550000000000011 3.5833333333333335 75.833333333333357 0.16450000000000004 0.0058571428571428585 1.8333333333333337 6.5857142857142863 4.8333333333333348 5.1833333333333345 0.19666666666666674
decision_type=2 2 2 2 2 2 2 2 2 2 2 2 2 2 2 2 2 2 2 2 2 2 2 2 2 2 2 2 2 2
left_child=1 -1 6 -3 12 -6 7 15 10 13 24 -11 -5 14 -10 18 17 -17 22 20 21 -20 -2 -22 -4 -26 -27 28 29 -28
right_child=2 3 8 4 5 -7 -8 -9 9 11 -12 -13 -14 -15 -16 16 -18 -19 19 -21 23 -23 -24 -25 25 26 27 -29 -30 -31
leaf_value=-0.013176004723287116 -0.0015038276641713977 -0.013176004723287116 -0.023024085361421427 0.0074950168411660086 0.0077300120376717464 -0.013176004723287116 0.057484220658167919 0.069729457102154849 -0.01418703312036268 0.14872560146535382 0.2676889444205221 0.084197897534992905 -0.013176004723287116 -0.040871081474206587 0.13786176271149925 0.16172282546062888 -0.012570586078821123 0.013899547185283762 0.0080305766915467376 0.068780508840270788 -0.0036708778507110297 0.13210643637514363 -0.0032985092088339274 0.12972017377051709 0.16208543118551422 -0.0016212898273104126 0.039750796907876237 -0.00433280675539664 0.10479391212709033 -0.03307958898735628
leaf_weight=5287 814 1653 31 30 82 183 102 34 275 67 31 709 113 85 121 46 196 924 115 31 1088 33 155 30 31 1207 924 386 36 117
leaf_count=5287 814 1653 31 30 82 183 102 34 275 67 31 709 113 85 121 46 196 924 115 31 1088 33 155 30 31 1207 924 386 36 117
internal_value=-0.00430169 -0.009819 0.00104112 -0.0062409 -0.00196078 0.00221698 -0.000322309 -0.000598673 0.00225124 0.004286 0.00132555 0.00650773 -0.0097028 0.000701663 0.0020202 -0.000757576 0.000707547 0.00157216 -0.00151147 -0.000433693 -0.000849131 0.00506757 -0.00295408 -0.00163238 0.0011347 0.00125417 0.00113296 0.00219583 0.00333101 0.00291787
internal_weight=14936 7348 7588 2061 408 265 3568 3466 4020 1257 2763 776 143 481 396 3432 1166 970 2266 1297 1266 148 969 1118 2732 2701 2670 1463 1077 1041
internal_count=14936 7348 7588 2061 408 265 3568 3466 4020 1257 2763 776 143 481 396 3432 1166 970 2266 1297 1266 148 969 1118 2732 2701 2670 1463 1077 1041
is_linear=0
shrinkage=0.05


Tree=27
num_leaves=31
num_cat=0
split_feature=4 19 17 23 19 19 3 10 14 10 10 5 19 0 0 8 3 11 8 0 17 24 0 19 6 5 19 9 11 4
split_gain=173.346 14.669 4.49534 3.72766 5.27859 7.68745 3.71509 3.53999 2.99949 3.65643 3.60909 3.1449 1.68578 1.55836 2.99395 1.51198 2.47025 1.56441 2.14967 3.16805 2.70945 1.49926 1.75348 1.45829 1.49357 1.41941 1.40336 2.13223 1.60187 2.20752
threshold=1.0000000180025095e-35 45.500000000000007 7.5000000000000009 3.5000000000000004 50.500000000000007 54.500000000000007 12.16666666666667 8.1055555555555561 89.211111111111123 3.3166666666666669 7.354166666666667 2.7750000000000004 48.500000000000007 4.166666666666667 2.8333333333333335 13.450000000000001 13.41666666666667 0.0081666666666666693 9.1000000000000014 4.8333333333333348 9.5000000000000018 2.2500000000000004 5.8333333333333348 52.500000000000007 0.29300000000000009 2.5500000000000003 80.500000000000014 82.100000000000009 0.043541666666666673 85.416666666666671
decision_type=2 2 2 2 2 2 2 2 2 2 2 2 2 2 2 2 2 2 2 2 2 2 2 2 2 2 2 2 2 2
left_child=1 -1 6 -3 12 -6 7 23 10 13 15 -11 -5 14 -10 16 17 -4 25 20 -20 22 -13 -2 -25 -19 28 -28 29 -27
right_child=2 3 8 4 5 -7 -8 -9 9 11 -12 21 -14 -15 -16 -17 -18 18 19 -21 -22 -23 -24 24 -26 26 27 -29 -30 -31
leaf_value=-0.012517204487122761 -0.0016602724014047499 -0.012517204487122761 -0.035554813260956962 0.007120265999107706 0.0073435114357881586 -0.012517204487122761 0.054610009625259526 0.066242984247047096 -0.013477681464344549 0.14128932139208614 0.25430449719949605 0.076413587597522314 -0.012517204487122761 -0.038827527400496255 0.13096867457592429 -0.031106755891535942 0.16212430623254889 0.042795241078457363 0.15329362409004829 -0.011152820588133605 0.044595451915898102 0.066240205269908564 0.25393369698104185 0.01563177655065778 -0.011942056774880062 0.054500015944542929 0.19427076946289276 0.016172880082816598 -0.0083355755737021531 -0.0036907388794735875
leaf_weight=5287 2266 1653 183 30 82 183 102 34 275 67 31 99 113 85 121 56 38 342 50 173 323 576 34 970 196 77 36 80 1238 136
leaf_count=5287 2266 1653 183 30 82 183 102 34 275 67 31 99 113 85 121 56 38 342 50 173 323 576 34 970 196 77 36 80 1238 136
internal_value=-0.00434521 -0.009819 0.000955456 -0.0062409 -0.00196078 0.00221698 -0.000336323 -0.000613099 0.00210199 0.00412689 0.00118078 0.00625 -0.0097028 0.000701663 0.0020202 0.000988287 0.00115845 0.000976118 0.00130855 0.00407509 0.0066689 0.00527151 0.0100564 -0.000772145 0.000664666 0.000517287 -0.000119655 0.00517241 -0.000542729 0.00346244
internal_weight=14936 7348 7588 2061 408 265 3568 3466 4020 1257 2763 776 143 481 396 2732 2676 2638 2455 546 373 709 133 3432 1166 1909 1567 116 1451 213
internal_count=14936 7348 7588 2061 408 265 3568 3466 4020 1257 2763 776 143 481 396 2732 2676 2638 2455 546 373 709 133 3432 1166 1909 1567 116 1451 213
is_linear=0
shrinkage=0.05


Tree=28
num_leaves=31
num_cat=0
split_feature=4 19 17 14 10 10 3 5 19 19 19 10 24 6 12 5 12 19 2 12 3 10 8 13 3 12 6 8 8 13
split_gain=172.922 14.669 4.00579 2.8892 2.90791 2.81034 2.73466 2.70063 2.51223 2.56079 1.96621 1.92558 1.57656 2.34375 1.84189 1.62884 1.52318 1.92478 1.60413 2.52696 2.25078 2.76036 2.63149 2.23822 1.59937 1.8 1.56912 1.52154 1.46352 2.22642
threshold=1.0000000180025095e-35 45.500000000000007 8.5000000000000018 89.267857142857153 3.3166666666666669 7.1388888888888902 12.16666666666667 3.7750000000000004 50.500000000000007 48.500000000000007 64.500000000000014 8.1055555555555561 2.2500000000000004 0.040000000000000015 0.02183333333333334 4.7750000000000012 0.019500000000000007 38.500000000000007 0.040000000000000022 0.055277777777777787 9.8333333333333339 5.7888888888888896 9.4500000000000011 8.7321428571428594 3.1666666666666674 0.12316666666666669 0.018999999999999993 7.5500000000000007 13.450000000000001 11.211111111111112
decision_type=2 2 2 2 2 2 2 2 2 2 2 2 2 2 2 2 2 2 2 2 2 2 2 2 2 2 2 2 2 2
left_child=1 -1 6 5 -5 28 11 -6 9 -3 -10 16 13 -9 15 -14 -2 -18 19 20 21 22 23 -19 25 -20 -21 -28 29 -4
right_child=2 8 3 4 7 -7 -8 12 10 -11 -12 -13 14 -15 -16 -17 17 18 24 26 -22 -23 -24 -25 -26 -27 27 -29 -30 -31
leaf_value=-0.011891344262766623 -0.003095958950824174 -0.011891344262766623 0.0091307339686710568 0.0096894200884896035 0.11914625023212584 0.24056117100308289 0.05494242578523606 0.10953249152736999 -0.011891344262766623 -0.011891344262766623 -0.011891344262766623 0.057165694600796159 0.11994642835563268 0.082752107705944544 0.070596275265485384 -0.056605142844268035 -0.022880489753555694 -0.00078545549471636944 0.0051624356791854153 0.0087738677003069265 0.066935468858466352 0.13423949611643071 -0.051241908165900241 0.067190965019191418 -0.0018166986274726128 0.20557722065676562 0.21823094888586891 0.072793278715556631 -0.028100466728522924 0.043549023886664921
leaf_weight=5287 1284 350 2253 454 219 34 128 48 747 806 158 36 54 48 283 69 68 688 60 43 67 36 56 33 1358 30 40 31 50 118
leaf_count=5287 1284 350 2253 454 219 34 128 48 747 806 158 36 54 48 283 69 68 688 60 43 67 36 56 33 1358 30 40 31 50 118
internal_value=-0.0043519 -0.009819 0.000942277 0.00214187 0.00418085 0.00116599 -0.000157908 0.00615465 -0.0062409 -0.00778547 -0.00426796 -0.000398172 0.00413347 0.00989583 0.00277094 -0.0023374 -0.00050738 0.000209163 0.000440213 0.00198692 0.00107955 0.000353629 -0.000273488 0.000537448 -0.000621547 0.00583333 0.00899123 0.0135563 0.00096551 0.00114403
internal_weight=14936 7348 7588 3630 1175 2455 3958 721 2061 1156 905 3830 502 96 406 123 3794 2510 2442 994 880 813 777 721 1448 90 114 71 2421 2371
internal_count=14936 7348 7588 3630 1175 2455 3958 721 2061 1156 905 3830 502 96 406 123 3794 2510 2442 994 880 813 777 721 1448 90 114 71 2421 2371
is_linear=0
shrinkage=0.05


Tree=29
num_leaves=31
num_cat=0
split_feature=4 19 23 19 19 17 14 10 5 3 10 10 19 12 19 12 6 7 8 8 14 0 11 5 11 3 14 17 1 11
split_gain=171.021 14.669 3.72766 5.27859 7.68745 3.41362 2.83646 2.79751 2.67705 2.42741 2.31177 1.91249 1.68578 1.61038 1.9526 1.47406 1.59683 1.49238 1.42099 1.54934 2.25388 1.93604 1.84751 1.66157 1.92436 1.88325 1.85799 2.0445 1.451 2.73417
threshold=1.0000000180025095e-35 45.500000000000007 3.5000000000000004 50.500000000000007 54.500000000000007 8.5000000000000018 89.267857142857153 3.3166666666666669 3.7750000000000004 12.16666666666667 7.1388888888888902 8.1055555555555561 48.500000000000007 0.019500000000000007 38.500000000000007 0.21414285714285719 0.040000000000000015 0.2970000000000001 13.450000000000001 9.1000000000000014 88.527777777777786 4.8333333333333348 0.022111111111111116 2.5500000000000003 0.1052777777777778 8.1666666666666696 84.316666666666677 9.5000000000000018 0.050000000000000024 0.071833333333333346
decision_type=2 2 2 2 2 2 2 2 2 2 2 2 2 2 2 2 2 2 2 2 2 2 2 2 2 2 2 2 2 2
left_child=1 -1 -3 12 -5 9 10 -8 -9 11 18 13 -4 -2 -15 -16 -17 -18 19 20 23 22 -21 24 -7 26 -25 -28 29 -29
right_child=5 2 3 4 -6 6 7 8 -10 -11 -12 -13 -14 14 15 16 17 -19 -20 21 -22 -23 -24 25 -26 -27 27 28 -30 -31
leaf_value=-0.011296777049628292 -0.0029411610032829662 -0.011296777049628292 0.0073588199122906484 0.0075709030771370818 -0.011296777049628292 0.10394023938641275 0.0092049490840651234 0.11318893772051952 0.064728117985931227 0.05219530449597426 0.22853311245292873 0.054307409870756343 -0.011296777049628292 -0.02173646526587791 0.0025098382318537618 -0.0017258636960989838 -0.017721161871972327 0.044316540798510412 -0.026695443392096785 -0.01516761667140485 -0.041129715024190133 -0.0042537595429815167 0.059729985607807179 -0.0040264106614605671 -0.0035074971625226326 -0.03064543604372293 0.095489559255330037 0.042472819682493612 0.072421835742943017 -0.078030331558411159
leaf_weight=5287 1284 1653 30 82 183 164 454 219 502 128 34 36 113 68 2240 77 86 39 50 85 218 179 313 605 113 223 32 129 258 52
leaf_count=5287 1284 1653 30 82 183 164 454 219 502 128 34 36 113 68 2240 77 86 39 50 85 218 179 313 605 113 223 32 129 258 52
internal_value=-0.00438203 -0.009819 -0.0062409 -0.00196078 0.00221698 0.000882973 0.00199036 0.00401064 0.0059466 -0.000132643 0.00102342 -0.000359008 -0.0097028 -0.000467844 0.000268924 0.000501638 -0.00358911 -0.0001 0.000841594 0.0010175 0.000292642 0.00327123 0.00521357 0.000951777 0.00446751 0.000202079 0.00106877 0.00342357 0.00253417 -0.00089779
internal_weight=14936 7348 2061 408 265 7588 3630 1175 721 3958 2455 3830 143 3794 2510 2442 202 125 2421 2371 1794 577 398 1576 277 1299 1076 471 439 181
internal_count=14936 7348 2061 408 265 7588 3630 1175 721 3958 2455 3830 143 3794 2510 2442 202 125 2421 2371 1794 577 398 1576 277 1299 1076 471 439 181
is_linear=0
shrinkage=0.05


Tree=30
num_leaves=31
num_cat=0
split_feature=9 19 23 19 19 17 24 14 6 19 13 12 13 3 13 13 13 19 19 3 19 1 11 6 0 7 7 8 9 13
split_gain=169.479 15.7159 4.25267 5.99917 10.5235 4.13552 2.37786 2.26288 1.9179 1.84599 2.02403 2.69199 1.70555 1.6925 3.23894 1.63851 2.21316 1.5254 1.38343 5.01268 1.41104 1.41759 1.44607 1.34665 2.26046 2.53145 1.97919 1.78566 2.16546 2.72272
threshold=1.0000000180025095e-35 45.500000000000007 3.5000000000000004 50.500000000000007 54.500000000000007 7.5000000000000009 4.5000000000000009 84.612500000000011 0.54700000000000015 45.500000000000007 8.5277777777777803 0.0084523809523809543 9.0500000000000025 11.583333333333334 10.950000000000001 9.2928571428571463 9.7888888888888914 45.500000000000007 47.500000000000007 6.8333333333333348 71.500000000000014 0.11000000000000003 0.30550000000000005 0.048999999999999995 2.5833333333333335 0.051000000000000011 1.0000000180025095e-35 9.5500000000000025 88.90000000000002 7.4722222222222232
decision_type=2 2 2 2 2 2 2 2 2 2 2 2 2 2 2 2 2 2 2 2 2 2 2 2 2 2 2 2 2 2
left_child=1 -1 -3 -4 -5 13 7 8 -7 10 -9 -12 -13 -2 -15 -14 -17 -16 19 -11 23 -22 -23 26 25 -25 -20 28 -28 -30
right_child=5 2 3 4 -6 6 -8 9 -10 18 11 12 15 14 17 16 -18 -19 20 -21 21 22 -24 24 -26 -27 27 -29 29 -31
leaf_value=-0.010731938197146879 -0.00061249424706137645 -0.010731938197146879 -0.010731938197146879 0.00719235792328023 -0.010731938197146879 0.00066126147330792813 -0.01630561467309102 -0.0062273734249122638 0.23161639842337534 0.034711930768086229 -0.058522305354262644 0.1442323478933481 -0.067537225545283922 0.10290822159959714 -0.031574262213264218 0.10691509218421613 0.038723189027055245 0.036401834840433876 -0.026233374221794861 0.13326341710558909 -0.0089641482167317939 0.21592884236100268 0.091225658701394832 0.14993159161438999 0.0035640360913752945 0.020751626590424822 0.040302317217208145 0.027802661278110288 0.10007963087553967 0.15659845426554997
leaf_weight=5290 3392 1627 140 82 172 1136 197 542 32 112 35 36 34 34 70 30 124 56 111 46 47 70 129 48 652 73 152 201 185 85
leaf_count=5290 3392 1627 140 82 172 1136 197 542 32 112 35 36 34 34 70 30 124 56 111 46 47 70 129 48 652 73 152 201 185 85
internal_value=-0.00430388 -0.00974388 -0.00599332 -0.00133249 0.00324803 0.000909359 0.00199595 0.00226804 0.000428082 0.00306047 0.00104557 0.00468147 0.00669643 -0.000337838 0.0046875 0.00478723 0.00698052 0.000992063 0.00390502 0.00838608 0.00350114 0.0070122 0.00885678 0.002928 0.00147154 0.00774793 0.00446185 0.00555778 0.00740521 0.0100926
internal_weight=14940 7311 2021 394 254 7629 4077 3880 1168 2712 801 259 224 3552 160 188 154 126 1911 158 1753 246 199 1507 773 121 734 623 422 270
internal_count=14940 7311 2021 394 254 7629 4077 3880 1168 2712 801 259 224 3552 160 188 154 126 1911 158 1753 246 199 1507 773 121 734 623 422 270
is_linear=0
shrinkage=0.05


Tree=31
num_leaves=31
num_cat=0
split_feature=4 19 23 19 19 4 24 6 2 12 3 1 19 17 4 12 19 14 12 13 24 4 19 13 5 0 12 7 10 8
split_gain=166.986 15.7159 4.25267 5.99917 10.5235 3.47773 2.97497 2.45037 2.35223 2.17689 3.10526 2.65226 2.62392 3.6673 2.06024 1.85105 2.54788 2.08933 1.76415 1.68953 1.57306 1.47788 1.42994 3.04323 1.34866 1.31114 1.29097 1.80619 1.87198 1.33987
threshold=1.0000000180025095e-35 45.500000000000007 3.5000000000000004 50.500000000000007 54.500000000000007 88.583333333333357 4.5000000000000009 0.37700000000000006 0.056666666666666671 0.02105555555555556 7.5833333333333348 0.013333333333333336 54.500000000000007 5.5000000000000009 82.833333333333357 0.015857142857142865 55.500000000000007 87.472222222222243 0.017071428571428574 4.2678571428571432 1.5000000000000002 86.416666666666671 40.500000000000007 8.4722222222222232 8.5500000000000025 5.5833333333333348 0.042928571428571441 0.099000000000000046 3.3875000000000006 9.5500000000000025
decision_type=2 2 2 2 2 2 2 2 2 2 2 2 2 2 2 2 2 2 2 2 2 2 2 2 2 2 2 2 2 2
left_child=1 -1 -3 -4 -5 7 15 9 19 12 -11 -12 -2 -14 26 16 17 -7 -17 -9 -19 -10 23 -22 -20 -24 29 -28 -29 -13
right_child=5 2 3 4 -6 6 -8 8 21 10 11 14 13 -15 -16 18 -18 20 24 -21 22 -23 25 -25 -26 -27 27 28 -30 -31
leaf_value=-0.010195341287289534 -0.0047118864276747248 -0.010195341287289534 -0.010195341287289534 0.0068327400271162193 -0.010195341287289534 0.086641947229027572 -0.022721036397885509 0.064508430976530307 0.031185473785370378 -0.0013470030360181241 0.054315960708442669 -0.041603348863591766 0.068966059480348327 -0.040238347429869252 -0.0076585210220351703 0.094954831879884169 0.11687774622528538 0.09748613247229812 0.045731619445460961 0.1732416637492562 0.068804073774203972 -0.046940183952420653 -0.020198101933886929 -0.0054976912287223239 -0.043412125757735127 0.031950094086837376 0.068600552321186753 -0.026986442932796142 0.052423056311335807 0.0524017583270764
leaf_weight=5290 1024 1627 140 82 172 32 149 86 85 2180 149 52 112 63 375 33 58 39 1962 50 68 52 646 53 39 45 126 46 75 30
leaf_count=5290 1024 1627 140 82 172 32 149 86 85 2180 149 52 112 63 375 33 58 39 1962 50 68 52 646 53 39 45 126 46 75 30
internal_value=-0.00434404 -0.00974388 -0.00599332 -0.00133249 0.00324803 0.000830712 0.00211268 -5.82686e-05 0.00453297 -0.000354442 0.000358556 0.00291618 -0.00215805 0.0035 0.00163352 0.00245798 0.000624336 -4.24689e-05 0.00330629 0.00919118 -0.000514101 -9.12409e-05 -0.000985222 0.00402893 0.00311719 -0.00186324 0.00452128 0.00632591 0.00196281 -0.000914634
internal_weight=14940 7311 2021 394 254 7629 3124 4505 273 4232 3033 853 1199 175 704 2975 941 883 2034 136 851 137 812 121 2001 691 329 247 121 82
internal_count=14940 7311 2021 394 254 7629 3124 4505 273 4232 3033 853 1199 175 704 2975 941 883 2034 136 851 137 812 121 2001 691 329 247 121 82
is_linear=0
shrinkage=0.05


Tree=32
num_leaves=31
num_cat=0
split_feature=4 19 23 19 19 17 24 4 6 12 12 3 0 12 8 1 2 8 11 7 17 8 8 14 14 8 11 19 19 7
split_gain=166.159 15.7159 4.25267 5.99917 10.5235 3.13575 1.95557 2.02419 2.20961 1.65147 1.55533 1.53279 2.09278 1.59505 1.5909 1.52755 1.65169 1.46098 1.43915 3.29762 1.54185 1.6547 2.56098 3.53512 2.55881 1.40661 1.55492 1.42082 2.09454 1.32392
threshold=1.0000000180025095e-35 45.500000000000007 3.5000000000000004 50.500000000000007 54.500000000000007 7.5000000000000009 4.5000000000000009 88.583333333333357 0.52500000000000013 0.0010555555555555559 0.21414285714285719 5.166666666666667 1.5833333333333337 0.0084523809523809543 4.7750000000000012 0.046666666666666738 0.023333333333333327 10.100000000000001 0.015857142857142865 0.062 9.5000000000000018 6.7083333333333348 8.7750000000000021 89.850000000000009 88.050000000000011 8.3666666666666689 0.11154761904761908 57.500000000000007 68.500000000000014 0.25366666666666676
decision_type=2 2 2 2 2 2 2 2 2 2 2 2 2 2 2 2 2 2 2 2 2 2 2 2 2 2 2 2 2 2
left_child=1 -1 -3 -4 -5 -2 7 8 10 -9 -7 12 -11 -13 -14 18 -17 -8 19 -15 -20 -22 23 -23 -24 26 -18 -28 -29 -12
right_child=5 2 3 4 -6 6 17 9 -10 11 29 13 14 15 -16 16 25 -19 20 -21 21 22 24 -25 -26 -27 27 28 -30 -31
leaf_value=-0.0096855742229250575 -0.00036290908955963766 -0.0096855742229250575 -0.0096855742229250575 0.0064911030257604092 -0.0096855742229250575 0.0006986064080760191 -0.021390376595849865 -0.013101687533494355 0.17850017497365914 -0.021751324606082957 0.21303059903519253 -0.041805409396528159 0.092822237674254349 -0.035461845135293713 0.1626749722008147 0.090000257977445736 -0.045572953631663742 0.017860120298182791 0.11775611900343748 0.12858297642111466 -0.02060905299654326 0.035527084911006111 0.1382804313335125 0.16059328450044558 0.023098726843183971 0.03213301696255489 0.058567873841036858 -0.052274351491480076 0.080115726517635877 0.020955143352367023
leaf_weight=5290 3552 1627 140 82 172 1647 166 178 51 52 48 78 234 152 79 167 117 31 54 50 66 48 51 59 201 318 30 69 76 55
leaf_count=5290 3552 1627 140 82 172 1647 166 178 51 52 48 78 234 152 79 167 117 31 54 50 66 48 51 59 201 318 30 69 76 55
internal_value=-0.00435743 -0.00974388 -0.00599332 -0.00133249 0.00324803 0.000804496 0.00175067 0.00199742 0.000770405 0.00306037 0.000471429 0.00349158 0.00640411 0.00279948 0.00794728 0.00317215 0.00165701 -0.00310914 0.00490088 0.00136139 0.00639353 0.00538235 0.00672006 0.0132009 0.00396825 0.00045082 -0.00205479 0.000928571 -0.00112069 0.00643204
internal_weight=14940 7311 2021 394 254 7629 4077 3880 1801 2079 1750 1901 365 1536 313 1458 777 197 681 202 479 425 359 107 252 610 292 175 145 103
internal_count=14940 7311 2021 394 254 7629 4077 3880 1801 2079 1750 1901 365 1536 313 1458 777 197 681 202 479 425 359 107 252 610 292 175 145 103
is_linear=0
shrinkage=0.05


Tree=33
num_leaves=31
num_cat=0
split_feature=4 19 23 19 19 17 14 12 13 19 13 13 0 23 1 10 13 0 8 1 13 5 6 2 9 13 8 12 6 6
split_gain=166.986 15.7159 4.25267 5.99917 10.5235 2.65668 1.94032 1.99175 2.09314 1.97438 2.01751 2.27813 1.68246 1.5379 2.94211 2.04559 2.07977 2.49771 1.75727 1.70929 3.64097 3.20899 2.51903 1.91314 1.60147 1.42019 1.53277 2.80072 1.7607 2.11823
threshold=1.0000000180025095e-35 45.500000000000007 3.5000000000000004 50.500000000000007 54.500000000000007 7.5000000000000009 85.527777777777786 0.022928571428571434 10.866071428571431 45.500000000000007 9.2928571428571463 9.7888888888888914 3.8333333333333335 2.5000000000000004 0.10583333333333332 3.9500000000000006 6.354166666666667 5.5833333333333348 6.366666666666668 0.11000000000000003 5.7071428571428582 2.9000000000000004 0.11450000000000003 0.036666666666666646 88.100000000000009 6.154761904761906 6.9000000000000012 0.074222222222222245 0.072250000000000023 0.057750000000000003
decision_type=2 2 2 2 2 2 2 2 2 2 2 2 2 2 2 2 2 2 2 2 2 2 2 2 2 2 2 2 2 2
left_child=1 -1 -3 -4 -5 25 7 -7 -9 10 12 -12 -8 19 18 -16 -17 -18 -15 20 -11 -22 -21 -24 -19 -2 27 28 29 -27
right_child=5 2 3 4 -6 6 9 8 -10 13 11 -13 -14 14 15 16 17 24 -20 22 21 -23 23 -25 -26 26 -28 -29 -30 -31
leaf_value=-0.0092012955117788033 -0.0015234501926620792 -0.0092012955117788033 -0.0092012955117788033 0.0061665478744723891 -0.0092012955117788033 -0.018646174167124576 0.0065567852274198285 0.0031821947299252168 0.073915389383541655 0.032355439307806266 0.082608770753789307 0.025401270692070068 -0.030556551409672658 -0.047917379218451385 0.16245993078457938 0.13180251167623064 -0.037748052713579672 0.17482281212427925 0.0033745803109342279 -0.082850879331480859 0.14596262973433929 0.085867428176273006 0.18097279620387896 -0.029080466885037862 0.035306503630095992 0.028070820346234183 0.00087630237579182097 0.078657593070213319 0.045635219044063043 -0.017333522702595094
leaf_weight=5290 2020 1627 140 82 172 189 438 1204 38 341 32 147 180 51 84 130 124 30 423 67 75 370 35 47 72 77 1313 53 50 39
leaf_count=5290 2020 1627 140 82 172 189 438 1204 38 341 32 147 180 51 84 130 124 30 423 67 75 370 35 47 72 77 1313 53 50 39
internal_value=-0.00434404 -0.00974388 -0.00599332 -0.00133249 0.00324803 0.000830712 0.00170162 0.000218379 0.000946055 0.00250378 0.000423463 0.00509777 -0.000930421 0.00340049 0.00194201 0.00488636 0.00323034 0.000331858 -0.000791139 0.0048262 0.005757 0.00873596 -8.38926e-05 0.00579268 0.00612745 -0.000168919 0.000979112 0.0048516 0.00165663 -0.00172414
internal_weight=14940 7311 2021 394 254 7629 4077 1431 1242 2646 797 179 618 1849 914 440 356 226 474 935 786 445 149 82 102 3552 1532 219 166 116
internal_count=14940 7311 2021 394 254 7629 4077 1431 1242 2646 797 179 618 1849 914 440 356 226 474 935 786 445 149 82 102 3552 1532 219 166 116
is_linear=0
shrinkage=0.05


Tree=34
num_leaves=31
num_cat=0
split_feature=4 19 23 19 19 24 4 6 7 12 14 3 1 3 7 7 12 4 13 19 19 17 0 10 1 6 11 12 11 19
split_gain=164.717 15.7159 4.25267 5.99917 10.5235 2.49874 2.8699 2.35231 1.93983 1.86954 2.56795 2.08443 2.1791 2.43746 1.9414 2.66551 1.93219 1.85306 1.78019 1.75439 1.68939 1.64066 1.60884 1.92593 1.55399 4.0998 2.08137 2.30251 1.39104 1.35962
threshold=1.0000000180025095e-35 45.500000000000007 3.5000000000000004 50.500000000000007 54.500000000000007 4.5000000000000009 88.583333333333357 0.37700000000000006 0.04366666666666668 0.022111111111111116 74.183333333333351 7.5833333333333348 0.013333333333333336 7.8333333333333348 0.089000000000000037 0.067083333333333342 0.13267857142857145 86.416666666666671 4.1055555555555561 47.500000000000007 54.500000000000007 6.5000000000000009 2.4166666666666674 4.0500000000000007 0.050000000000000024 0.063666666666666691 0.013166666666666669 0.045277777777777785 0.068166666666666695 42.500000000000007
decision_type=2 2 2 2 2 2 2 2 2 2 2 2 2 2 2 2 2 2 2 2 2 2 2 2 2 2 2 2 2 2
left_child=1 -1 -3 -4 -5 6 7 9 18 10 20 -11 19 -14 15 22 -16 -10 -9 -13 -2 24 -15 -24 26 -26 27 -8 -17 -12
right_child=5 2 3 4 -6 -7 21 8 17 11 29 12 13 14 16 28 -18 -19 -20 -21 -22 -23 23 -25 25 -27 -28 -29 -30 -31
leaf_value=-0.0087412307361898634 -0.00010267142523277263 -0.0087412307361898634 -0.0087412307361898634 0.0058582204807487714 -0.0087412307361898634 -0.010361124916087906 -0.0015880158235302838 0.029638905598505183 0.0684132655066476 -0.0012458587012587731 -0.038918788876422056 0.061997586535251739 0.10057934066231802 0.033939035562597232 -0.027223336168379287 0.044311001535309848 0.016296909880600473 -0.044498856790688539 0.16000936492553294 0.042644296593217883 0.099750620961166991 0.037573665184107791 -0.021761202363683355 0.039280636070749719 0.32542402891020539 0.0074265808480501912 -0.013533024965005148 0.13100940610543399 0.12523736270545788 -0.0076773180499783546
leaf_weight=5290 278 1627 140 82 172 368 328 62 93 2062 205 49 70 37 149 32 112 51 45 84 77 2259 145 81 32 149 177 30 33 621
leaf_count=5290 278 1627 140 82 172 368 328 62 93 2062 205 49 70 37 149 32 112 51 45 84 77 2259 145 81 32 149 177 30 33 621
internal_value=-0.00438086 -0.00974388 -0.00599332 -0.00133249 0.00324803 0.000758618 0.000962333 0.000134158 0.00483068 -0.000157993 -0.00183108 0.000534338 0.00271465 0.00153642 0.000488115 0.00304878 -0.00272989 0.00104167 0.00992991 0.00855263 0.00172535 0.00215546 0.000807985 -0.000774336 6.98324e-05 0.00407459 -0.00128505 0.000907821 0.0121154 -0.00335956
internal_weight=14940 7311 2021 394 254 7629 7261 4286 251 4035 1181 2854 792 659 589 328 261 144 107 133 355 2975 263 226 716 181 535 358 65 826
internal_count=14940 7311 2021 394 254 7629 7261 4286 251 4035 1181 2854 792 659 589 328 261 144 107 133 355 2975 263 226 716 181 535 358 65 826
is_linear=0
shrinkage=0.05


Tree=35
num_leaves=31
num_cat=0
split_feature=4 19 23 19 19 19 19 4 2 19 19 2 12 9 11 14 4 15 2 7 11 10 23 19 14 15 5 19 1 5
split_gain=161.466 17.0331 3.90793 5.01222 8.87376 2.75429 2.41071 2.16841 2.52324 1.86728 1.61859 1.60872 2.83062 3.5352 3.05404 2.36274 2.95803 1.94522 1.36842 2.4906 2.17032 2.9853 2.9464 2.9018 2.06763 2.31867 2.13454 2.28962 1.98329 3.01268
threshold=1.0000000180025095e-35 46.500000000000007 3.5000000000000004 50.500000000000007 54.500000000000007 44.500000000000007 48.500000000000007 75.583333333333357 0.40166666666666673 52.500000000000007 48.500000000000007 0.073333333333333375 0.032678571428571439 71.450000000000017 0.13154761904761908 74.183333333333351 72.166666666666671 2.5000000000000004 0.056666666666666692 0.047750000000000015 0.032111111111111125 1.7071428571428573 2.5000000000000004 54.500000000000007 83.414285714285725 2.5000000000000004 2.7750000000000004 54.500000000000007 0.091666666666666688 3.3666666666666671
decision_type=2 2 2 2 2 2 2 2 2 2 2 2 2 2 2 2 2 2 2 2 2 2 2 2 2 2 2 2 2 2
left_child=1 -1 10 6 9 -2 -4 11 18 -5 -3 12 15 17 -15 16 -7 -14 20 -20 21 -9 28 -23 25 -24 27 -26 29 -22
right_child=5 2 3 4 -6 7 -8 8 -10 -11 -12 -13 13 14 -16 -17 -18 -19 19 -21 22 23 24 -25 26 -27 -28 -29 -30 -31
leaf_value=-0.00830416919938037 -0.0034015971006420482 -0.00830416919938037 0.021918647914442618 0.005565309456711332 -0.00830416919938037 -0.00020714575309849215 -0.00830416919938037 0.14922041740365452 0.14057102836369648 0.005565309456711332 -0.00830416919938037 -0.010046900936685033 0.027834315280827832 0.076631262046872345 0.052601834634715461 -0.020050815099352928 0.14345948014231025 -0.010871619662247601 -0.03973891316714942 0.011265881333793982 0.16118469191586315 -0.0041468804983434198 0.018067501270084309 0.08434641020718002 0.096845205576839802 0.035648520759335466 -0.0058228599702820575 0.012434085090967537 0.061021943757529118 0.090602957177393958
leaf_weight=5295 1736 295 32 45 173 377 108 32 39 36 1358 393 35 52 79 259 42 135 61 2077 76 783 40 115 33 409 458 46 164 169
leaf_count=5295 1736 295 32 45 173 377 108 32 39 36 1358 393 35 52 79 259 42 135 61 2077 76 783 40 115 33 409 458 46 164 169
internal_value=-0.00439072 -0.0096806 -0.00580728 -0.00133249 0.00285433 0.000712878 -0.00892857 0.00123 0.00176033 0.0165123 -0.00687387 -0.000510204 0.000574566 0.00460963 0.0107824 -0.00121681 0.00110382 -0.000147059 0.00164968 0.00073667 0.00248925 0.00061828 0.00373656 8.35189e-05 0.00225659 0.00476058 0.000162942 0.00775316 0.0073044 0.0101531
internal_weight=14952 7342 2047 394 254 7610 140 5874 4502 81 1653 1372 979 301 131 678 419 170 4463 2138 2325 930 1395 898 986 449 537 79 409 245
internal_count=14952 7342 2047 394 254 7610 140 5874 4502 81 1653 1372 979 301 131 678 419 170 4463 2138 2325 930 1395 898 986 449 537 79 409 245
is_linear=0
shrinkage=0.05


Tree=36
num_leaves=31
num_cat=0
split_feature=4 19 23 19 19 17 19 19 2 24 19 13 6 11 0 5 19 19 3 4 0 12 11 19 2 12 10 10 6 1
split_gain=155.801 17.0331 3.90793 5.01222 8.87376 2.85876 2.41071 2.01093 2.71996 2.11093 1.99473 1.92475 2.2492 2.17542 2.63884 2.15043 1.88062 1.86728 1.68301 2.08654 1.78844 2.4035 4.0638 1.61859 1.60502 1.50546 1.45922 1.66408 1.38739 1.57871
threshold=1.0000000180025095e-35 46.500000000000007 3.5000000000000004 50.500000000000007 54.500000000000007 8.5000000000000018 48.500000000000007 50.500000000000007 0.046666666666666683 1.5000000000000002 58.500000000000007 8.5277777777777803 0.0054999999999999979 0.061000000000000013 2.8333333333333335 3.7750000000000004 69.500000000000014 52.500000000000007 10.16666666666667 84.833333333333357 3.5833333333333335 0.038166666666666675 0.20050000000000004 48.500000000000007 0.049999999999999996 0.014142857142857146 5.2928571428571436 4.7638888888888902 0.25900000000000006 0.45166666666666672
decision_type=2 2 2 2 2 2 2 2 2 2 2 2 2 2 2 2 2 2 2 2 2 2 2 2 2 2 2 2 2 2
left_child=1 -1 23 6 17 -2 -4 9 18 -7 -10 -11 -13 15 -15 -14 -12 -5 19 28 -21 -22 -23 -3 -17 -16 27 -18 -9 -30
right_child=5 2 3 4 -6 7 -8 8 10 11 16 12 13 14 25 24 26 -19 -20 20 21 22 -24 -25 -26 -27 -28 -29 29 -31
leaf_value=-0.0078889607394113503 -0.00055414685019572474 -0.0078889607394113503 0.020822715518720489 0.0052870439838757673 -0.0078889607394113503 0.097744013085397707 -0.0078889607394113503 -0.010517085514294823 0.045057625856533237 -0.011084906809264085 -0.022448478003509399 0.14806505632898773 -0.033374932225678076 0.14682554371861356 -0.039855456289581585 -0.0050236074758561291 0.092605697708219692 0.0052870439838757673 0.0069593509780012776 0.12287808263379248 0.042050772514094795 0.23148341757723154 0.039966593226330983 -0.0078889607394113503 0.095986401049092451 0.038343429092902698 -0.035285279803791328 0.14860333332356707 0.20995258033615274 -0.026673249529671039
leaf_weight=5295 3986 295 32 45 173 85 108 111 448 1153 349 40 195 58 32 73 126 36 146 122 142 39 41 1358 38 176 147 34 39 30
leaf_count=5295 3986 295 32 45 173 85 108 111 448 1153 349 40 195 58 32 73 126 36 146 122 142 39 41 1358 38 176 147 34 39 30
internal_value=-0.00448435 -0.0096806 -0.00580728 -0.00133249 0.00285433 0.000528909 -0.00892857 0.00154525 0.00274803 0.000391892 0.00122283 2.12465e-05 0.00228758 0.00148601 0.00479323 -0.00138889 -0.000533537 0.0165123 0.00526119 0.00658397 0.00886628 0.00619369 0.013125 -0.00687387 0.00416667 0.00216346 0.00232085 0.005625 0.00222222 0.00778986
internal_weight=14952 7342 2047 394 254 7610 140 3624 1774 1850 1104 1765 612 572 266 306 656 81 670 524 344 222 80 1653 111 208 307 160 180 69
internal_count=14952 7342 2047 394 254 7610 140 3624 1774 1850 1104 1765 612 572 266 306 656 81 670 524 344 222 80 1653 111 208 307 160 180 69
is_linear=0
shrinkage=0.05


Tree=37
num_leaves=31
num_cat=0
split_feature=4 19 23 19 19 17 19 24 19 23 19 19 10 5 0 24 19 13 8 4 8 8 6 11 8 8 14 10 4 9
split_gain=156.001 17.0331 3.90793 5.01222 8.87376 2.60774 2.41071 1.96014 2.02255 3.57449 1.86728 1.61859 1.55171 1.57512 1.46944 1.36015 1.26407 1.25658 3.08627 2.34987 2.38294 2.33679 2.20696 2.68969 1.9998 1.95141 1.89174 1.66243 1.53347 2.74204
threshold=1.0000000180025095e-35 46.500000000000007 3.5000000000000004 50.500000000000007 54.500000000000007 7.5000000000000009 48.500000000000007 2.7500000000000004 43.500000000000007 2.5000000000000004 52.500000000000007 48.500000000000007 4.5277777777777786 5.1000000000000005 6.5833333333333348 4.5000000000000009 59.500000000000007 4.3166666666666673 4.366666666666668 70.833333333333357 3.7750000000000004 3.9000000000000004 0.06900000000000002 0.082111111111111121 5.2250000000000005 5.2250000000000005 88.472222222222243 3.4722222222222228 72.166666666666671 77.100000000000009
decision_type=2 2 2 2 2 2 2 2 2 2 2 2 2 2 2 2 2 2 2 2 2 2 2 2 2 2 2 2 2 2
left_child=1 -1 11 6 10 17 -4 8 -7 -10 -5 -3 -11 -14 -15 -9 -6 19 -19 20 -2 -21 -20 25 26 -24 -25 -23 -26 -30
right_child=5 2 3 4 16 7 -8 15 9 12 -12 -13 13 14 -16 -17 -18 18 22 21 -22 27 23 24 28 -27 -28 -29 29 -31
leaf_value=-0.0074945127024407844 0.00067991875539851203 -0.0074945127024407844 0.019781579742784463 0.0050226917846819766 0.015786504058518083 -0.036656667682316374 -0.0074945127024407844 0.017033632730897707 0.080737593516660572 -0.0086810092751783922 0.0050226917846819766 -0.0074945127024407844 0.15356671690304335 -0.075080038311467603 0.21532930344829473 -0.010942311503377634 -0.0074945127024407844 0.12830265753155065 -0.0012628843831901993 -0.0023999333004065763 0.072325729887188453 -0.013515710438195589 -0.0034618069308163637 0.071157450031833061 -0.0083183426210364005 0.072586441583649561 -0.035614325176176756 0.018259319270046911 0.093058887783891361 -0.005855462898032621
leaf_weight=5295 169 295 32 45 47 64 108 3102 275 252 36 1358 49 40 32 193 126 32 1549 673 37 215 36 107 145 97 35 56 74 378
leaf_count=5295 169 295 32 45 47 64 108 3102 275 252 36 1358 49 40 32 193 126 32 1549 673 37 215 36 107 145 97 35 56 74 378
internal_value=-0.00448101 -0.0096806 -0.00580728 -0.00133249 0.00285433 0.00053548 -0.00892857 0.00141315 0.00379213 0.00462963 0.0165123 -0.00687387 0.00144102 0.00609504 0.00138889 0.00089909 -0.00354046 -0.000440605 0.000198736 -0.00180435 0.00303398 -0.00286017 -5.16316e-06 0.00200688 0.000828823 0.00855263 0.00616197 -0.00678044 -0.000439698 0.000995575
internal_weight=14952 7342 2047 394 254 7610 140 4007 712 648 81 1653 373 121 72 3295 173 3603 2453 1150 206 944 2421 872 739 133 142 271 597 452
internal_count=14952 7342 2047 394 254 7610 140 4007 712 648 81 1653 373 121 72 3295 173 3603 2453 1150 206 944 2421 872 739 133 142 271 597 452
is_linear=0
shrinkage=0.05


Tree=38
num_leaves=31
num_cat=0
split_feature=4 19 23 19 19 17 19 19 19 2 24 2 2 13 6 19 3 6 3 10 12 4 0 14 6 6 14 9 13 19
split_gain=153.205 17.0331 3.90793 5.01222 8.87376 2.7963 2.41071 1.86728 1.77571 2.60269 2.12579 1.88859 2.03329 1.84651 2.27195 1.61859 1.5564 1.80947 1.52896 1.75911 1.9397 1.90426 2.5346 2.32716 1.40093 1.36012 1.35924 1.33408 1.31177 1.26407
threshold=1.0000000180025095e-35 46.500000000000007 3.5000000000000004 50.500000000000007 54.500000000000007 8.5000000000000018 48.500000000000007 52.500000000000007 50.500000000000007 0.046666666666666683 1.5000000000000002 0.11833333333333333 0.12333333333333335 8.5857142857142872 0.0054999999999999979 48.500000000000007 7.166666666666667 0.17225000000000004 10.583333333333334 5.3166666666666673 0.05683333333333334 79.583333333333357 3.5833333333333335 80.414285714285725 0.010000000000000004 0.053666666666666661 86.316666666666677 85.325000000000017 8.0500000000000025 59.500000000000007
decision_type=2 2 2 2 2 2 2 2 2 2 2 2 2 2 2 2 2 2 2 2 2 2 2 2 2 2 2 2 2 2
left_child=1 -1 15 6 7 -2 -4 -5 10 18 28 25 -13 -12 -15 -3 -16 24 19 21 -21 23 26 -10 -18 27 -23 -11 -7 -6
right_child=5 2 3 4 29 8 -8 -9 9 11 13 12 -14 14 16 -17 17 -19 -20 20 -22 22 -24 -25 -26 -27 -28 -29 -30 -31
leaf_value=-0.007119787067318745 -0.000742631087205159 -0.007119787067318745 0.018792500755645238 0.0047715571954478793 0.014997178855592175 0.099181884627238967 -0.007119787067318745 0.0047715571954478793 0.12122877602260732 -0.034552757088981333 -0.0096736476830191712 0.073162481190536727 0.030464805106210149 0.13981012187599348 0.18688576584566532 -0.007119787067318745 -0.030518694861269281 0.10684683019043997 0.00083864442717258576 0.10844825317022284 0.21634389870817455 0.1002113871967447 0.059954396688779277 -0.069232527125741572 0.011775058016425144 -0.02638166577475598 0.11314240194601376 0.090823198513820105 0.0053408155182432361 -0.007119787067318745
leaf_weight=5295 3986 295 32 45 47 48 108 36 39 31 1161 35 577 40 30 1358 63 35 127 45 33 57 207 55 436 357 107 104 37 126
leaf_count=5295 3986 295 32 45 47 48 108 36 39 31 1161 35 577 40 30 1358 63 35 127 45 33 57 207 55 436 357 107 104 37 126
internal_value=-0.00452782 -0.0096806 -0.00580728 -0.00133249 0.00285433 0.000443495 -0.00892857 0.0165123 0.00144868 0.00257892 0.000364865 0.00108696 0.00294118 -7.08215e-06 0.0022351 -0.00687387 0.00141844 0.00079588 0.00503731 0.00619245 0.013141 0.00502688 0.00663747 -0.00132979 2.50501e-05 -0.00121951 0.0112805 0.00305556 0.00808824 -0.00354046
internal_weight=14952 7342 2047 394 254 7610 140 81 3624 1774 1850 1104 612 1765 604 1653 564 534 670 543 78 465 371 94 499 492 164 135 85 173
internal_count=14952 7342 2047 394 254 7610 140 81 3624 1774 1850 1104 612 1765 604 1653 564 534 670 543 78 465 371 94 499 492 164 135 85 173
is_linear=0
shrinkage=0.05


Tree=39
num_leaves=31
num_cat=0
split_feature=4 19 23 19 19 17 19 19 19 19 23 19 1 11 13 13 3 6 10 3 11 8 11 12 7 0 26 19 2 5
split_gain=152.212 17.0331 3.90793 5.01222 8.87376 2.46186 2.41071 1.86728 1.61859 1.4575 2.73635 2.59614 2.07895 3.20246 1.67786 3.57326 1.79973 1.6297 1.62834 1.5148 1.32728 1.34916 1.26654 2.41473 2.37682 1.31248 1.63636 1.26407 1.22728 1.24697
threshold=1.0000000180025095e-35 46.500000000000007 3.5000000000000004 50.500000000000007 54.500000000000007 7.5000000000000009 48.500000000000007 52.500000000000007 48.500000000000007 45.500000000000007 2.5000000000000004 52.500000000000007 0.084166666666666681 0.030500000000000006 9.2928571428571463 9.7888888888888914 9.8333333333333339 0.10550000000000001 4.1833333333333345 6.8333333333333348 0.09105555555555557 8.3666666666666689 0.12837500000000004 0.03683333333333335 0.069000000000000047 3.5833333333333335 1.0000000180025095e-35 59.500000000000007 0.085833333333333331 4.9000000000000012
decision_type=2 2 2 2 2 2 2 2 2 2 2 2 2 2 2 2 2 2 2 2 2 2 2 2 2 2 2 2 2 2
left_child=1 -1 8 6 7 -2 -4 -5 -3 14 11 12 13 18 28 -16 -17 -14 19 -11 21 -15 23 25 -25 -13 -27 -6 29 -7
right_child=5 2 3 4 27 9 -8 -9 -10 10 -12 22 17 20 15 16 -18 -19 -20 -21 -22 -23 -24 24 -26 26 -28 -29 -30 -31
leaf_value=-0.0067637977139528077 -0.00089424540693238135 -0.0067637977139528077 0.017852875717862978 0.004532979335675486 0.014247319912812568 -0.021779842736822919 -0.0067637977139528077 0.004532979335675486 -0.0067637977139528077 0.037498828702875957 0.0072707923309750623 0.096405342146755779 -0.076679784894048128 0.13570611994022622 0.13815472319430042 0.050007212158477844 -0.044404454091390905 0.016919590536417374 -0.045380762970043224 0.093793845796755093 0.017583084033391927 0.12940727828961227 0.0065854886520052116 0.20291311691874167 0.098511781227176798 -0.052020744977560845 0.066733793577221381 -0.0067637977139528077 0.064764700646157691 -0.077979991409937929
leaf_weight=5295 3603 295 32 45 47 591 108 36 1358 258 2038 56 57 40 34 47 114 76 102 73 30 67 51 52 77 49 50 126 107 38
leaf_count=5295 3603 295 32 45 47 591 108 36 1358 258 2038 56 57 40 34 47 114 76 102 73 30 67 51 52 77 49 50 126 107 38
internal_value=-0.00454454 -0.0096806 -0.00580728 -0.00133249 0.00285433 0.000410644 -0.00892857 0.0165123 -0.00687387 0.00126341 0.00178804 0.00387765 0.00215149 0.00346491 -0.000469925 0.00365385 0.000543478 -0.00347744 0.00135681 0.00305891 0.0101277 0.0127336 0.0075 0.00880282 0.0138566 0.00459677 0.00113636 -0.00354046 -0.0015625 -0.00240461
internal_weight=14952 7342 2047 394 254 7610 140 81 1653 4007 3076 1038 703 570 931 195 161 133 433 331 137 107 335 284 129 155 99 173 736 629
internal_count=14952 7342 2047 394 254 7610 140 81 1653 4007 3076 1038 703 570 931 195 161 133 433 331 137 107 335 284 129 155 99 173 736 629
is_linear=0
shrinkage=0.05


Tree=40
num_leaves=31
num_cat=0
split_feature=4 19 23 19 19 4 12 4 19 19 24 10 5 16 6 13 12 3 12 10 1 19 14 1 14 4 13 8 19 19
split_gain=151.752 18.1376 3.66057 5.15125 7.8682 3.3109 3.329 2.03664 1.95268 1.70661 1.55498 1.65118 2.19766 2.01208 1.75267 1.6531 1.80655 1.76085 1.52468 1.46839 2.48016 1.73504 2.91197 1.44785 1.41545 2.01018 1.41065 1.46138 1.42889 1.40617
threshold=1.0000000180025095e-35 45.500000000000007 3.5000000000000004 50.500000000000007 54.500000000000007 77.583333333333357 0.2960000000000001 79.166666666666671 48.500000000000007 52.500000000000007 3.7500000000000004 7.354166666666667 7.3250000000000011 2.5000000000000004 0.54700000000000015 4.3166666666666673 0.13267857142857145 5.166666666666667 0.0068333333333333345 2.1339285714285716 0.035833333333333349 62.500000000000007 89.211111111111123 0.17666666666666672 82.788888888888906 88.583333333333357 5.8166666666666673 5.4500000000000011 70.500000000000014 54.500000000000007
decision_type=2 2 2 2 2 2 2 2 2 2 2 2 2 2 2 2 2 2 2 2 2 2 2 2 2 2 2 2 2 2
left_child=1 -1 -3 8 9 -2 7 29 -4 -5 11 12 13 -9 15 16 -15 24 -19 20 -20 -21 -23 -24 -17 -26 27 -12 -28 -7
right_child=5 2 3 4 -6 6 -8 10 -10 -11 26 -13 -14 14 -16 17 -18 18 19 21 -22 22 23 -25 25 -27 28 -29 -30 -31
leaf_value=-0.0064256078282551674 -0.0015867823231241142 -0.0064256078282551674 0.016960231931969827 0.0043063303688917086 -0.0064256078282551674 0.014370371402521721 0.1937858444187974 -0.003766841087050088 -0.0064256078282551674 0.0043063303688917086 -0.0076913958469624292 0.099188123689766705 -0.063098261988399004 -0.0078490877134720135 0.12154071205077943 0.14653426381673929 0.100254990766613 0.061449212141671476 -0.035826820629318544 0.024170381100847054 0.099772764593475755 -0.025699096545946598 0.22173010321974673 -0.01018677689860812 -0.013903281738606743 0.11811605334634789 -0.00076457873368424023 -0.054231259091520628 0.16713549846904871 0.10316626405099508
leaf_weight=5245 1945 1650 32 47 192 144 44 329 108 38 348 59 87 664 41 58 50 76 126 2086 36 233 41 31 146 140 764 56 38 76
leaf_count=5245 1945 1650 32 47 192 144 44 329 108 38 348 59 87 664 41 58 50 76 126 2086 36 233 41 31 146 140 764 56 38 76
internal_value=-0.00447589 -0.00962117 -0.00565433 -0.00146882 0.00248195 0.00046272 0.00107307 0.00096598 -0.00928571 0.0151471 0.000774173 0.00122829 0.00111004 0.00127865 0.00160944 0.00149512 -0.000665266 0.00201396 0.00157379 0.00136604 -0.00324074 0.00167817 -0.00184426 0.00694444 0.00537791 0.00393357 -0.000808458 -0.00321782 0.000405237 0.00568182
internal_weight=14930 7312 2067 417 277 7618 5673 5629 140 85 5409 4203 4144 4057 3728 3687 714 2973 2629 2553 162 2391 305 72 344 286 1206 404 802 220
internal_count=14930 7312 2067 417 277 7618 5673 5629 140 85 5409 4203 4144 4057 3728 3687 714 2973 2629 2553 162 2391 305 72 344 286 1206 404 802 220
is_linear=0
shrinkage=0.05


Tree=41
num_leaves=31
num_cat=0
split_feature=4 19 4 10 19 19 19 9 5 9 8 0 6 4 17 9 12 11 0 12 9 10 19 9 11 0 1 4 12 14
split_gain=149.39 18.1376 2.84439 2.4543 2.13826 2.91928 2.13123 2.0743 1.8367 1.74696 3.98864 2.1254 1.8003 1.75417 1.63171 1.42129 1.56078 1.47464 2.081 1.43131 2.53878 1.74222 1.41438 2.85863 2.07322 1.94888 2.00472 1.46609 1.38952 1.43553
threshold=1.0000000180025095e-35 45.500000000000007 77.583333333333357 7.354166666666667 50.500000000000007 48.500000000000007 64.500000000000014 80.225000000000009 6.5500000000000007 78.733333333333348 5.9000000000000012 3.1666666666666674 0.050999999999999997 78.166666666666671 5.5000000000000009 76.90000000000002 0.02105555555555556 0.38200000000000006 3.5833333333333335 0.16612500000000005 77.77500000000002 3.8452380952380958 52.500000000000007 85.325000000000017 0.34316666666666673 2.5833333333333335 0.37000000000000005 83.833333333333357 0.052111111111111115 78.236111111111128
decision_type=2 2 2 2 2 2 2 2 2 2 2 2 2 2 2 2 2 2 2 2 2 2 2 2 2 2 2 2 2 2
left_child=1 -1 15 7 5 -3 -6 9 14 13 11 -11 -12 -4 -9 17 -17 -2 -19 20 -18 -22 -16 25 27 -24 -27 -25 29 -15
right_child=2 4 3 -5 6 -7 -8 8 -10 10 12 -13 -14 28 22 16 19 18 -20 -21 21 -23 23 24 -26 26 -28 -29 -30 -31
leaf_value=-0.0061043274368424091 -0.00080071967714862025 -0.0061043274368424091 0.022131355311780711 0.10475517606126239 -0.0061043274368424091 -0.0061043274368424091 -0.0061043274368424091 -0.0024236453334934185 -0.035468245796186369 0.040242230121804431 0.087391647650290505 -0.016066814060435888 0.03450046750398799 0.075800927778972238 0.0061190219779610313 -0.018432706042136295 0.0045571066255469805 -0.015213605054626912 0.085403782735773801 -0.0010836030093731019 -0.036232956346999856 0.031063149230776813 0.056232012001117548 0.1859189306335125 -0.017363612006789153 -0.018927802539907897 0.086942671294086366 0.058681013537625629 -0.032624868555834595 -0.02483007104742584
leaf_weight=5245 1433 354 57 93 759 793 161 1149 231 50 40 66 38 77 2348 104 49 47 34 78 128 72 64 39 131 284 60 777 124 45
leaf_count=5245 1433 354 57 93 759 793 161 1149 231 50 40 66 38 77 2348 104 49 47 34 78 128 72 64 39 131 284 60 777 124 45
internal_value=-0.00451608 -0.00962117 0.000383959 0.000949674 -0.00565433 -0.00709459 -0.0038587 0.000815412 0.000513968 0.00389839 0.00760309 0.00172414 0.0163462 0.0015264 0.000721352 -0.00126607 -0.0037993 -0.000544914 0.00601852 -0.00210245 -0.000251004 -0.00275 0.00123211 0.00251845 0.00402587 -0.000980392 -0.00247093 0.00496324 -0.000304878 0.00348361
internal_weight=14930 7312 7618 5673 2067 1147 920 5580 5083 497 194 116 78 303 4852 1945 431 1514 81 327 249 200 3703 1355 947 408 344 816 246 122
internal_count=14930 7312 7618 5673 2067 1147 920 5580 5083 497 194 116 78 303 4852 1945 431 1514 81 327 249 200 3703 1355 947 408 344 816 246 122
is_linear=0
shrinkage=0.05


Tree=42
num_leaves=31
num_cat=0
split_feature=4 19 23 19 19 4 10 9 4 19 23 19 11 0 19 5 3 12 6 16 24 3 13 5 19 1 6 11 1 8
split_gain=145.69 18.1376 3.66057 5.15125 7.8682 3.13033 2.51373 2.34751 1.99579 1.95268 1.73562 1.70661 1.47464 2.081 1.43468 1.80641 1.71571 1.54857 1.83854 1.43401 1.9113 1.47695 1.43548 1.79517 2.37416 2.01691 1.41398 1.99107 2.25471 1.72957
threshold=1.0000000180025095e-35 45.500000000000007 3.5000000000000004 50.500000000000007 54.500000000000007 77.583333333333357 7.354166666666667 76.90000000000002 79.166666666666671 48.500000000000007 3.5000000000000004 52.500000000000007 0.38200000000000006 3.5833333333333335 43.500000000000007 7.3250000000000011 11.16666666666667 0.12050000000000001 0.11600000000000002 4.5000000000000009 3.7500000000000004 2.8333333333333335 5.6833333333333345 2.7750000000000004 70.500000000000014 0.019999999999999993 0.55350000000000021 0.34683333333333338 0.25500000000000006 8.3666666666666689
decision_type=2 2 2 2 2 2 2 2 2 2 2 2 2 2 2 2 2 2 2 2 2 2 2 2 2 2 2 2 2 2
left_child=1 -1 -3 9 11 7 8 12 -7 -4 -9 -5 -2 -14 16 19 17 18 -10 21 26 -16 -22 -24 25 -25 27 28 -21 -30
right_child=5 2 3 4 -6 6 -8 10 14 -11 -12 -13 13 -15 15 -17 -18 -19 -20 20 22 -23 23 24 -26 -27 -28 -29 29 -31
leaf_value=-0.005799111065000289 -0.00076068369329118646 -0.005799111065000289 0.016417436707213458 0.0043962302222892435 -0.005799111065000289 0.02791604611688623 0.099517417258199278 -0.0040662605658991491 -0.004813064397086661 -0.005799111065000289 -0.014845812831665368 0.0043962302222892435 -0.014452924801895563 0.081133593598985115 0.033556115333066565 -0.057722853175687573 0.04602715213952073 0.096424923526999606 -0.037052217560952561 0.02584297945913866 -0.036663948122413761 -0.0048154962205688052 0.058016874456228378 0.032549967875325984 0.15642629058759938 -0.019195870729631671 0.12354973086926213 -0.04395455281425225 0.054352097914948383 0.17648020176225085
leaf_weight=5245 1433 1650 32 47 192 221 93 331 856 108 100 38 47 34 54 107 82 39 58 2360 248 637 98 100 32 301 37 143 159 48
leaf_count=5245 1433 1650 32 47 192 221 93 331 856 108 100 38 47 34 54 107 82 39 58 2360 248 637 98 100 32 301 37 143 159 48
internal_value=-0.00457971 -0.00962117 -0.00565433 -0.00146882 0.00248195 0.000259254 0.000852723 -0.00147172 0.000716846 -0.00928571 -0.00472738 0.0151471 -0.000544914 0.00601852 0.000524818 0.000925069 -0.00114734 -0.00174449 -0.00216083 0.00108786 0.00149603 -0.000994935 -0.000689987 0.000776836 -0.000606236 -0.00165212 0.00211594 0.00198339 0.00230327 0.00730676
internal_weight=14930 7312 2067 417 277 7618 5673 1945 5580 140 431 85 1514 81 5359 4324 1035 953 914 4217 3526 691 779 531 433 401 2747 2710 2567 207
internal_count=14930 7312 2067 417 277 7618 5673 1945 5580 140 431 85 1514 81 5359 4324 1035 953 914 4217 3526 691 779 531 433 401 2747 2710 2567 207
is_linear=0
shrinkage=0.05


Tree=43
num_leaves=31
num_cat=0
split_feature=4 19 23 19 19 10 6 1 19 4 4 6 19 6 7 19 2 14 2 10 0 9 19 7 13 9 19 19 4 14
split_gain=146.465 18.1376 3.66057 5.15125 7.8682 2.16575 2.37146 2.74697 1.95268 1.85458 1.74802 1.73237 1.70661 1.58071 2.60674 1.45863 2.14068 1.68905 2.02102 1.37393 2.22119 2.32089 1.82813 1.76553 1.88504 2.31458 1.36111 1.35308 1.3422 1.78976
threshold=1.0000000180025095e-35 45.500000000000007 3.5000000000000004 50.500000000000007 54.500000000000007 7.3166666666666673 0.086000000000000035 0.32166666666666677 48.500000000000007 77.416666666666671 79.166666666666671 0.024500000000000004 52.500000000000007 0.006333333333333334 0.046333333333333344 54.500000000000007 0.046666666666666683 78.683333333333351 0.091666666666666688 3.8819444444444451 4.5833333333333348 76.550000000000011 43.500000000000007 0.35300000000000004 1.7083333333333337 69.90000000000002 59.500000000000007 48.500000000000007 73.166666666666671 69.366666666666688
decision_type=2 2 2 2 2 2 2 2 2 2 2 2 2 2 2 2 2 2 2 2 2 2 2 2 2 2 2 2 2 2
left_child=1 -1 27 8 12 9 -7 -8 -4 11 15 13 -5 -2 -15 17 -17 18 -11 20 21 28 -21 24 -24 -26 -6 -3 29 -13
right_child=5 2 3 4 26 6 7 -9 -10 10 -12 19 -14 14 -16 16 -18 -19 -20 22 -22 -23 23 -25 25 -27 -28 -29 -30 -31
leaf_value=-0.0055091555117502741 -0.00022404217914135939 -0.0055091555117502741 0.015596564871852786 0.0041764187111747791 0.014451406233676835 -0.0028713533811333238 0.17009519670983128 -0.0035379448902015335 -0.0055091555117502741 -0.014623704964916129 0.0039563552612266574 0.0050393879455407388 0.0041764187111747791 0.00041840790002174445 0.21070761505435898 0.16560221943384379 0.011066816931896107 0.066204238742513424 0.018318207528749908 -0.025539376909471036 -0.053689847513903738 -0.014907962626337513 -0.019512875865795323 -0.014892091514157935 0.11407112902927202 0.016626809016974921 -0.0055091555117502741 -0.0055091555117502741 0.012841302159469282 -0.0048649488139059782
leaf_weight=5245 209 322 32 47 48 47 44 30 108 90 5356 236 38 89 34 34 42 46 31 44 74 253 30 38 35 278 144 1328 217 361
leaf_count=5245 209 322 32 47 48 47 44 30 108 90 5356 236 38 89 34 34 42 46 31 44 74 253 30 38 35 278 144 1328 217 361
internal_value=-0.00456631 -0.00962117 -0.00565433 -0.00146882 0.00248195 0.000285508 0.00692149 0.0125 -0.00928571 0.000178405 0.000636274 -0.00117229 0.0151471 0.00210843 0.00660569 0.00478395 0.0105263 0.00217066 -0.000929752 -0.00186782 -0.00277169 -0.00219072 0.000558824 0.00167323 0.00280612 0.00395367 -0.003125 -0.00671212 -0.000890663 -0.00211474
internal_weight=14930 7312 2067 417 277 7618 121 74 140 7497 5599 1898 85 332 123 243 76 167 121 1566 1141 1067 425 381 343 313 192 1650 814 597
internal_count=14930 7312 2067 417 277 7618 121 74 140 7497 5599 1898 85 332 123 243 76 167 121 1566 1141 1067 425 381 343 313 192 1650 814 597
is_linear=0
shrinkage=0.05


Tree=44
num_leaves=31
num_cat=0
split_feature=4 19 23 19 19 10 6 11 19 19 4 12 4 9 19 6 4 19 19 5 3 19 3 6 1 4 24 9 12 4
split_gain=144.145 18.1376 3.66057 5.15125 7.8682 2.21747 2.37146 4.54091 1.95268 1.70661 1.66581 1.60579 1.5524 1.43419 2.11514 2.29965 1.47749 1.36111 1.35308 1.31814 1.57007 1.42716 1.83759 1.79024 1.60617 1.22468 1.28894 2.49871 2.11431 1.57577
threshold=1.0000000180025095e-35 45.500000000000007 3.5000000000000004 50.500000000000007 54.500000000000007 7.3166666666666673 0.086000000000000035 0.33050000000000007 48.500000000000007 52.500000000000007 77.583333333333357 0.19881944444444447 77.833333333333357 77.77500000000002 56.500000000000007 0.29775000000000001 72.833333333333357 59.500000000000007 48.500000000000007 6.5500000000000007 6.166666666666667 43.500000000000007 11.16666666666667 0.11600000000000002 0.093333333333333365 90.333333333333357 2.7500000000000004 87.450000000000017 0.0852777777777778 79.833333333333357
decision_type=2 2 2 2 2 2 2 2 2 2 2 2 2 2 2 2 2 2 2 2 2 2 2 2 2 2 2 2 2 2
left_child=1 -1 18 8 9 10 -7 -8 -4 -5 11 13 -12 14 -2 -16 -17 -6 -3 21 -21 22 23 24 -14 26 27 29 -29 -23
right_child=5 2 3 4 17 6 7 -9 -10 -11 12 -13 19 -15 15 16 -18 -19 -20 20 -22 25 -24 -25 -26 -27 -28 28 -30 -31
leaf_value=-0.0052336977361627608 -0.0012217612245762678 -0.0052336977361627608 0.014816736628260148 0.0039675977756160391 0.013728835921992994 -0.002727785712076658 0.16729313140942459 -0.033866016882269305 -0.0052336977361627608 0.0039675977756160391 0.099955005894313817 -0.0084129941972276977 -0.0035812428287253784 -0.019880608915224657 0.048997109385662381 0.021047798237154993 -0.059579162636367894 -0.0052336977361627608 -0.0052336977361627608 0.01852073824389161 -0.045346643873928782 0.12521510317588344 0.047034930122926637 -0.032631425785127836 0.16934496214192676 0.10529037918589897 0.006010389377634884 0.042459437021513051 0.11228217857675771 -0.010553412128081065
leaf_weight=5245 1186 322 32 47 48 47 44 30 108 38 31 144 856 259 242 46 43 144 1328 79 166 43 80 60 37 35 3459 323 122 286
leaf_count=5245 1186 322 32 47 48 47 44 30 108 38 31 144 856 259 242 46 43 144 1328 79 166 43 80 60 37 35 3459 323 122 286
internal_value=-0.0046065 -0.00962117 -0.00565433 -0.00146882 0.00248195 0.000206747 0.00692149 0.0125 -0.00928571 0.0151471 9.83727e-05 -0.00117188 0.000535682 -0.000760135 -0.000173039 0.00336103 -0.00351124 -0.003125 -0.00671212 0.000473314 -0.00311224 0.00063903 -0.00102856 -0.00163956 -0.00107783 0.00104264 0.000965627 0.00281008 0.00525281 -0.000493921
internal_weight=14930 7312 2067 417 277 7618 121 74 140 85 7497 1920 5577 1776 1517 331 89 192 1650 5546 245 5301 1033 953 893 4268 4233 774 445 329
internal_count=14930 7312 2067 417 277 7618 121 74 140 85 7497 1920 5577 1776 1517 331 89 192 1650 5546 245 5301 1033 953 893 4268 4233 774 445 329
is_linear=0
shrinkage=0.05


Tree=45
num_leaves=31
num_cat=0
split_feature=4 23 24 23 4 10 6 10 11 10 10 7 10 2 10 7 1 10 10 9 10 26 9 9 11 5 8 3 7 3
split_gain=147.005 4.52808 2.34438 2.16838 1.5657 2.16831 1.41716 1.81393 1.72667 1.33354 1.32671 2.26717 1.20326 1.37481 1.60331 1.44319 1.49573 2.08033 1.57344 1.41471 3.98149 2.50246 2.38185 1.91245 1.71161 2.2254 2.38472 1.95287 3.28807 2.54979
threshold=1.0000000180025095e-35 2.5000000000000004 2.7500000000000004 3.5000000000000004 75.416666666666671 1.8452380952380956 0.023666666666666666 3.8819444444444451 0.0052777777777777788 1.8452380952380956 4.7071428571428582 0.060000000000000032 1.8452380952380956 0.020000000000000018 5.9500000000000011 0.023666666666666673 0.015833333333333328 4.0500000000000007 4.6833333333333345 87.90000000000002 2.1339285714285716 1.0000000180025095e-35 88.708333333333357 89.366666666666688 0.045277777777777785 4.7083333333333348 10.100000000000001 7.166666666666667 0.079000000000000042 10.16666666666667
decision_type=2 2 2 2 2 2 2 2 2 2 2 2 2 2 2 2 2 2 2 2 2 2 2 2 2 2 2 2 2 2
left_child=1 -1 9 -3 5 -4 8 -8 -7 -2 11 -9 -6 14 15 -14 -17 -18 -19 20 21 -15 -21 -24 27 26 -26 -22 29 -29
right_child=2 3 4 -5 12 6 7 10 -10 -11 -12 -13 13 19 -16 16 17 18 -20 22 24 -23 23 -25 25 -27 -28 28 -30 -31
leaf_value=-0.0049720128493546227 -0.016151044875108055 -0.0049720128493546227 0.0098216401825312882 -0.0049720128493546227 -0.011362762082252975 -0.0067596804998267812 -0.010188815344129088 -0.013172261183104272 0.027047822428367008 0.032129190473001681 -0.0070998807397820666 0.11405206558235731 0.0046819013393790219 0.0003399380105687744 0.046125922171785544 0.15747551674444271 -0.0075577273074822872 0.093709805148206204 0.033754436729030668 -0.03724378592438176 -0.00032424517440771128 0.037625217319503051 0.082056238009790769 -0.0067932050797418321 -0.016755397715841697 0.019556243478383362 0.099957416553467779 0.040947520906168239 0.058538270177413802 -0.022243731668244539
leaf_weight=3170 82 3251 97 838 338 117 755 55 81 1230 160 44 1316 43 50 52 115 31 36 246 226 35 105 968 770 377 47 62 80 79
leaf_count=3170 82 3251 97 838 338 117 755 55 81 1230 160 44 1316 43 50 52 115 31 36 246 226 35 105 968 770 377 47 62 80 79
internal_value=-0.00457391 -0.00966214 0.000287943 -0.00856261 -0.000113365 -0.00165202 -0.00222772 -0.00298323 0.00164141 0.00221037 0.000627413 0.00517677 0.000291399 0.000501294 0.0016875 0.00140323 0.00502137 0.00288462 0.00988806 -0.000123436 0.000821699 0.011859 -0.00135519 -0.000337838 0.000297075 -0.000690955 -0.00215728 0.00293624 0.00627828 0.0016844
internal_weight=14856 7259 7597 4089 6285 1309 1212 1014 198 1312 259 99 4976 4638 1600 1550 234 182 67 3038 1719 78 1319 1073 1641 1194 817 447 221 141
internal_count=14856 7259 7597 4089 6285 1309 1212 1014 198 1312 259 99 4976 4638 1600 1550 234 182 67 3038 1719 78 1319 1073 1641 1194 817 447 221 141
is_linear=0
shrinkage=0.05


Tree=46
num_leaves=31
num_cat=0
split_feature=4 19 23 19 19 24 16 14 19 12 19 14 3 9 19 12 12 12 2 10 12 19 13 10 17 19 23 14 9 19
split_gain=142.183 17.1995 3.45161 5.62018 7.67072 1.68468 1.86745 1.92457 1.62069 1.57754 1.32873 1.1407 1.9623 1.76191 2.06938 2.09863 3.29248 1.37134 1.34269 2.40537 1.88548 2.30229 2.72179 1.83021 1.77456 1.61791 1.68867 1.68487 1.53769 1.3327
threshold=1.0000000180025095e-35 46.500000000000007 3.5000000000000004 51.500000000000007 59.500000000000007 2.7500000000000004 4.5000000000000009 89.387500000000017 46.500000000000007 0.097250000000000017 54.500000000000007 81.816666666666677 8.4166666666666696 83.550000000000011 54.500000000000007 0.019500000000000007 0.1152777777777778 0.047071428571428577 0.023333333333333327 5.9500000000000011 0.16612500000000005 56.500000000000007 8.3166666666666682 4.5857142857142863 6.5000000000000009 72.500000000000014 3.5000000000000004 83.683333333333351 85.100000000000009 51.500000000000007
decision_type=2 2 2 2 2 2 2 2 2 2 2 2 2 2 2 2 2 2 2 2 2 2 2 2 2 2 2 2 2 2
left_child=1 -1 -3 -4 10 6 8 -8 -2 -9 -5 12 -7 14 15 -13 -17 -14 19 24 25 22 -22 -23 -15 27 -27 -20 -26 -30
right_child=5 2 3 4 -6 11 7 9 -10 -11 -12 13 17 18 -16 16 -18 -19 20 -21 21 23 -24 -25 28 26 -28 -29 29 -31
leaf_value=-0.004723412206886891 -0.011529308679957129 -0.004723412206886891 -0.004723412206886891 0.0040178185293029689 -0.004723412206886891 -0.0025294637780678645 0.030267527850490694 0.053610213109524255 0.0037994358959996424 0.1989204540847721 0.013290994768361077 -0.016670031561048487 -0.00032008828116141257 -0.0025231593331904059 -0.0037224291522254039 0.096568660161785544 -0.0016625404821451252 0.045088620630501161 0.086052215128695347 0.10262475782974648 0.17456542953526571 -0.017011265991287418 -0.021108817129352933 0.072484604104064349 -0.032692071420638118 0.11867243532106185 -0.043899931447506341 -0.013069995846242867 0.018765488458193147 0.060996728642427313
leaf_weight=5239 137 1616 141 81 133 2022 695 214 236 30 49 39 171 500 164 120 47 106 61 36 48 77 37 119 68 85 42 1679 673 191
leaf_count=5239 137 1616 141 81 133 2022 695 214 236 30 49 39 171 500 164 120 47 106 61 36 48 77 37 119 68 85 42 1679 673 191
internal_value=-0.00465805 -0.00966214 -0.00574257 -0.00160891 0.00270913 0.000123404 0.00175305 0.00294196 -0.00123995 0.0067623 0.0113462 -0.000216786 -0.00110374 0.000294782 0.00358108 0.00691748 0.00935629 0.00284296 -4.14823e-05 0.00112398 -0.000837989 0.00298043 0.00985294 0 0.000803073 -0.00141269 0.00403543 -0.00181034 0.00209227 0.00266204
internal_weight=14856 7259 2020 404 263 7597 1312 939 373 244 130 6285 2299 3986 370 206 167 277 3616 1468 2148 281 85 196 1432 1867 127 1740 932 864
internal_count=14856 7259 2020 404 263 7597 1312 939 373 244 130 6285 2299 3986 370 206 167 277 3616 1468 2148 281 85 196 1432 1867 127 1740 932 864
is_linear=0
shrinkage=0.05


Tree=47
num_leaves=31
num_cat=0
split_feature=4 19 23 19 19 24 19 14 12 19 3 1 8 0 8 6 16 12 14 3 11 6 9 12 7 19 11 12 12 8
split_gain=140.087 17.1995 3.45161 5.62018 7.67072 1.5991 1.61678 1.51521 2.30057 1.32873 1.1949 1.58913 1.07111 1.58564 1.15006 1.14355 1.04886 1.22764 1.03548 1.80761 1.43448 1.66681 1.54924 1.68686 2.23886 3.13772 1.45633 1.50046 1.83273 1.74187
threshold=1.0000000180025095e-35 46.500000000000007 3.5000000000000004 51.500000000000007 59.500000000000007 2.7500000000000004 42.500000000000007 88.7638888888889 0.098166666666666694 54.500000000000007 7.8333333333333348 0.27500000000000008 9.1000000000000014 3.8333333333333335 11.300000000000002 0.11266666666666669 3.5000000000000004 0.038166666666666675 81.816666666666677 8.4166666666666696 0.48225000000000012 0.38100000000000006 83.550000000000011 0.11112500000000002 0.046333333333333344 49.500000000000007 0.35633333333333345 0.16354166666666672 0.090500000000000011 11.300000000000002
decision_type=2 2 2 2 2 2 2 2 2 2 2 2 2 2 2 2 2 2 2 2 2 2 2 2 2 2 2 2 2 2
left_child=1 -1 -3 -4 9 6 -2 10 16 -5 11 -8 15 -14 -15 -12 -9 -18 19 -7 21 22 23 24 -20 -26 27 28 -24 -29
right_child=5 2 3 4 -6 18 7 8 -10 -11 12 -13 13 14 -16 -17 17 -19 20 -21 -22 -23 26 -25 25 -27 -28 29 -30 -31
leaf_value=-0.0044872415965425466 -0.028013824622057305 -0.0044872415965425466 -0.0044872415965425466 0.0038169276028378221 -0.0044872415965425466 -0.0024029905891644666 0.045286128686410833 -0.019732952788908267 0.12313961966673746 0.012626445029943024 -0.017444282703843829 -0.022131501931893185 -0.022019889740906348 0.13671029214294572 0.028075006406618058 0.044948808082866304 0.066019739234376609 -0.0019427400291086583 0.025868431274738108 0.01873033937723392 -0.038183061865178919 0.046717473624363404 0.0013362829002102061 -0.002024913482235369 0.12193549049470394 0.026012573574893585 -0.053732977679434815 0.069939364256213971 -0.018701470366735262 -0.039619096181387509
leaf_weight=5239 130 1616 141 81 133 2022 500 45 51 49 84 123 74 30 34 33 137 71 115 277 97 108 2569 124 46 51 38 210 581 47
leaf_count=5239 130 1616 141 81 133 2022 500 45 51 49 84 123 74 30 34 33 137 71 115 277 97 108 2569 124 46 51 38 210 581 47
internal_value=-0.00469507 -0.00966214 -0.00574257 -0.00160891 0.00270913 5.1007e-05 0.00163872 0.00222081 0.00526316 0.0113462 0.00116743 0.00234751 -0.00171569 0.00126812 0.00703125 -0.00523504 0.00331028 0.00480769 -0.00028043 -0.00112549 0.000206974 0.000356776 0.00018183 0.00342262 0.00613208 0.0117268 -0.000134253 -2.56824e-05 -0.000325397 0.00364786
internal_weight=14856 7259 2020 404 263 7597 1312 1182 304 130 878 623 255 138 64 117 253 208 6285 2299 3986 3889 3781 336 212 97 3445 3407 3150 257
internal_count=14856 7259 2020 404 263 7597 1312 1182 304 130 878 623 255 138 64 117 253 208 6285 2299 3986 3889 3781 336 212 97 3445 3407 3150 257
is_linear=0
shrinkage=0.05


Tree=48
num_leaves=31
num_cat=0
split_feature=4 19 23 19 19 24 16 0 5 14 12 4 19 2 4 3 12 2 14 17 14 10 14 14 3 24 8 3 2 9
split_gain=137.63 17.1995 3.45161 5.62018 7.67072 1.46722 1.63885 1.3846 1.54133 1.58145 2.89294 1.87619 1.32873 1.15814 1.41539 1.13966 1.5643 2.5334 1.71843 1.35579 1.18499 1.10827 1.38317 1.07355 1.29192 1.22376 1.35885 1.39765 1.34855 1.2491
threshold=1.0000000180025095e-35 46.500000000000007 3.5000000000000004 51.500000000000007 59.500000000000007 2.7500000000000004 2.5000000000000004 1.1666666666666667 2.2250000000000005 89.211111111111123 0.098166666666666694 71.833333333333357 54.500000000000007 0.040000000000000022 83.500000000000014 6.166666666666667 0.10527777777777779 0.09666666666666672 85.612500000000011 8.5000000000000018 87.292857142857159 2.8166666666666669 74.845238095238116 81.816666666666677 11.16666666666667 4.5000000000000009 10.900000000000002 11.833333333333334 0.0033333333333333405 83.550000000000011
decision_type=2 2 2 2 2 2 2 2 2 2 2 2 2 2 2 2 2 2 2 2 2 2 2 2 2 2 2 2 2 2
left_child=1 -1 -3 -4 12 6 -2 -8 13 11 -11 -10 -5 14 -9 21 17 18 19 -17 -20 -13 -23 24 -7 26 27 29 -28 -25
right_child=5 2 3 4 -6 23 7 8 9 10 -12 15 -14 -15 -16 16 -18 -19 20 -21 -22 22 -24 25 -26 -27 28 -29 -30 -31
leaf_value=-0.0042628795167154194 -0.0037207997422018303 -0.0042628795167154194 -0.0042628795167154194 0.0036260812226959318 -0.0042628795167154194 -0.0021006797940200882 0.12502465829957132 0.071432102868140834 0.09943106345873072 0.046238005753768088 0.18470686845080658 -0.048299726528442034 0.011995122778445872 -0.045790428091412538 -0.012747209004729943 -0.015082147217732579 -0.030682996080589154 0.16873362071650466 0.051005622788658736 -0.071978644973281977 0.020433466980336903 -0.026205972144992484 0.12193908814382833 0.034019001899964561 0.027643042623649607 -0.015995196463324684 -0.043613211168405865 0.056301234484063468 -0.0064667240706326682 0.001487828296532634
leaf_weight=5239 207 1616 141 81 133 2233 32 42 60 193 32 34 49 58 65 57 109 37 31 50 79 33 193 345 66 226 46 40 406 2923
leaf_count=5239 207 1616 141 81 133 2233 32 42 60 193 32 34 49 58 65 57 109 37 31 50 79 33 193 345 66 226 46 40 406 2923
internal_value=-0.00473883 -0.00966214 -0.00574257 -0.00160891 0.00270913 -3.45531e-05 0.00148628 0.00225113 0.00194548 0.0027533 0.00638889 0.00155564 0.0113462 -0.0025 0.000584112 0.000742376 -0.00106749 0.00108268 -0.000979263 -0.00549065 0.00340909 0.00326923 0.0045354 -0.000352029 -0.00121248 0.000144255 0.000359043 0.000710399 -0.00221239 0.000596695
internal_weight=14856 7259 2020 404 263 7597 1312 1105 1073 908 225 683 130 165 107 623 363 254 217 107 110 260 226 6285 2299 3986 3760 3308 452 3268
internal_count=14856 7259 2020 404 263 7597 1312 1105 1073 908 225 683 130 165 107 623 363 254 217 107 110 260 226 6285 2299 3986 3760 3308 452 3268
is_linear=0
shrinkage=0.05


Tree=49
num_leaves=31
num_cat=0
split_feature=4 23 23 17 23 24 12 10 1 6 0 10 10 8 7 2 10 1 8 8 9 7 13 11 2 6 1 0 4 12
split_gain=136.128 4.52808 2.16838 1.21935 1.78646 1.53673 2.58478 2.38237 1.29793 2.67724 1.14176 1.35422 2.43249 1.88929 1.27272 1.22685 1.6734 1.47894 1.0441 2.3991 1.86973 1.78114 2.0757 2.57276 1.55933 1.68749 1.51788 1.32013 1.31065 1.25848
threshold=1.0000000180025095e-35 2.5000000000000004 3.5000000000000004 7.5000000000000009 2.5000000000000004 2.2500000000000004 0.081180555555555575 3.8819444444444451 0.32833333333333342 0.27100000000000007 4.166666666666667 3.8660714285714293 4.5857142857142863 7.9000000000000012 0.077750000000000027 0.023333333333333327 4.1833333333333345 0.0099999999999999725 9.1000000000000014 9.5500000000000025 88.77500000000002 0.14225000000000004 7.9500000000000011 0.084142857142857172 0.065833333333333369 0.30550000000000005 0.18500000000000005 3.1666666666666674 78.166666666666671 0.052111111111111115
decision_type=2 2 2 2 2 2 2 2 2 2 2 2 2 2 2 2 2 2 2 2 2 2 2 2 2 2 2 2 2 2
left_child=1 -1 -3 -2 5 6 -5 -8 18 -10 11 -7 15 -14 -12 17 -17 -13 21 -20 28 24 23 -23 25 -6 -25 -24 -21 -26
right_child=3 2 -4 4 8 10 7 -9 9 -11 14 12 13 -15 -16 16 -18 -19 19 20 -22 22 27 26 29 -27 -28 -29 -30 -31
leaf_value=-0.004049735540879648 -0.0013403956582434652 -0.004049735540879648 -0.004049735540879648 0.035010886837982751 -0.0091554840991926231 0.017686008475446349 0.05466622617921231 0.24789242611591741 0.1455963959548936 0.0031300453794597563 -0.023624988915583581 0.08508509646437229 -0.057553678257476128 0.10254406260731837 0.047172621096617552 0.1428798009013231 -0.028668474273429334 0.13921192387828246 0.048839301527860146 -0.029111460394473068 -0.034126206951364729 0.060148227106939602 -0.075223482965268207 -0.011615320755562332 0.012812142425432927 0.11917807324749258 0.10279600214648382 0.0015068058550345876 0.033840681518728342 -0.034920613954835998
leaf_weight=3170 3565 3251 838 263 419 795 31 34 41 292 439 46 42 30 146 33 31 38 74 44 222 35 38 145 47 40 70 43 231 363
leaf_count=3170 3565 3251 838 263 419 795 31 34 41 292 439 46 42 30 146 33 31 38 74 44 222 35 38 145 47 40 70 43 231 363
internal_value=-0.00476575 -0.00966214 -0.00856261 -8.72055e-05 0.000508433 0.00160788 0.00472561 0.0136538 -0.000499049 0.00236486 0.00096875 0.00198276 0.00545455 -0.00208333 -0.000790598 0.00912162 0.00390625 0.0130952 -0.00103755 0.000722417 -0.000528169 -0.001875 0.00124622 0.0035 -0.00306387 -0.00106209 0.00145349 -0.00570988 0.00222727 -0.00530488
internal_weight=14856 7259 4089 7597 4032 1928 328 65 2104 333 1600 1015 220 72 585 148 64 84 1771 571 497 1200 331 250 869 459 215 81 275 410
internal_count=14856 7259 4089 7597 4032 1928 328 65 2104 333 1600 1015 220 72 585 148 64 84 1771 571 497 1200 331 250 869 459 215 81 275 410
is_linear=0
shrinkage=0.05


Tree=50
num_leaves=31
num_cat=0
split_feature=4 19 23 19 19 19 16 24 19 19 2 14 14 19 9 5 2 19 4 12 9 9 8 5 4 13 7 8 8 0
split_gain=137.401 18.2514 4.22619 6.77435 8.72054 1.56463 1.53682 1.43906 1.29102 1.81977 1.138 1.13721 1.29429 1.40737 1.08298 1.074 1.52736 1.43003 2.97215 1.77146 1.39943 2.62873 1.13857 1.17965 1.05193 1.13671 1.0708 1.03025 2.03387 1.91453
threshold=1.0000000180025095e-35 46.500000000000007 3.5000000000000004 50.500000000000007 59.500000000000007 48.500000000000007 4.5000000000000009 3.7500000000000004 54.500000000000007 52.500000000000007 0.3716666666666667 74.845238095238116 72.878571428571448 58.500000000000007 89.100000000000009 2.1000000000000005 0.0066666666666666532 43.500000000000007 86.416666666666671 0.02788888888888889 75.100000000000009 75.90000000000002 12.775000000000002 4.5500000000000007 86.416666666666671 10.472222222222223 0.15300000000000005 9.4500000000000011 7.6333333333333337 4.416666666666667
decision_type=2 2 2 2 2 2 2 2 2 2 2 2 2 2 2 2 2 2 2 2 2 2 2 2 2 2 2 2 2 2
left_child=1 -1 -3 5 8 -4 27 10 9 -5 11 12 13 -8 24 16 -13 18 -18 -19 -17 -22 -23 -24 25 -9 -26 28 -2 -30
right_child=6 2 3 4 -6 -7 7 14 -10 -11 -12 15 -14 -15 -16 20 17 19 -20 -21 21 22 23 -25 26 -27 -28 -29 29 -31
leaf_value=-0.0038472487638356659 -0.0018044316139688822 -0.0038472487638356659 -0.022299336117633902 0.0036472639386051168 -0.0038472487638356659 -0.0038472487638356659 -0.0080458477898114108 -0.0069633085639804861 0.011597853416567562 0.0036472639386051168 0.061410019729129434 -0.054858879175665121 -0.01617760074585084 0.048280473339197022 0.0098128578368174742 -0.028283168147976819 0.11725677175110588 0.1829206172518707 -0.027604629168246544 0.014136403935407528 0.087358345521074202 0.018316952173028488 -0.034122367142117638 0.016512293435926417 -0.031326919873167443 0.043125256088899278 0.022286454292171083 -0.0062871370794570286 0.047676513273484655 -0.0064859208091034518
leaf_weight=5259 1640 1640 32 46 138 115 145 497 44 43 36 128 159 42 462 86 31 45 102 159 39 3097 71 67 176 38 32 286 178 87
leaf_count=5259 1640 1640 32 46 138 115 145 497 44 43 36 128 159 42 462 86 31 45 102 159 39 3097 71 67 176 38 32 286 178 87
internal_value=-0.0047252 -0.0096163 -0.00562439 -0.00113636 0.00355166 -0.00977891 -1.8085e-05 0.00043422 0.012688 0.0161517 0.000870573 0.000794174 -0.00195087 0.000868984 -0.00108921 0.00104248 -0.00120968 0.00055638 -0.00347744 0.00318627 0.00135417 0.00151955 0.00136399 -0.00307971 -0.0022712 -0.00109813 -0.00528846 -0.00113533 -0.000715223 0.00334906
internal_weight=14920 7317 2058 418 271 147 7603 5412 133 89 4207 4171 346 187 1205 3825 465 337 133 204 3360 3274 3235 138 743 535 208 2191 1905 265
internal_count=14920 7317 2058 418 271 147 7603 5412 133 89 4207 4171 346 187 1205 3825 465 337 133 204 3360 3274 3235 138 743 535 208 2191 1905 265
is_linear=0
shrinkage=0.05


Tree=51
num_leaves=31
num_cat=0
split_feature=4 19 23 19 19 15 8 10 19 10 6 11 5 13 8 11 19 6 1 6 14 4 4 8 10 13 8 4 17 8
split_gain=137.401 18.2514 4.22619 6.77435 8.72054 1.59065 2.42757 2.33969 1.56463 1.51425 2.33397 1.92855 2.48764 2.06811 2.57659 1.89732 1.8565 1.74778 1.98913 1.81729 1.72592 1.60995 1.61432 1.56352 2.96926 2.57752 2.4219 1.94957 2.58308 1.86221
threshold=1.0000000180025095e-35 46.500000000000007 3.5000000000000004 50.500000000000007 59.500000000000007 2.5000000000000004 5.4500000000000011 7.5277777777777786 48.500000000000007 2.5857142857142863 0.04600000000000002 0.012111111111111112 2.7750000000000004 9.2111111111111121 6.6333333333333337 0.11436507936507938 53.500000000000007 0.017749999999999991 0.13166666666666671 0.10900000000000003 70.27500000000002 82.416666666666671 84.833333333333357 9.5500000000000025 2.9500000000000006 7.2678571428571432 11.100000000000001 81.166666666666671 7.5000000000000009 12.775000000000002
decision_type=2 2 2 2 2 2 2 2 2 2 2 2 2 2 2 2 2 2 2 2 2 2 2 2 2 2 2 2 2 2
left_child=1 -1 -3 8 -5 6 -2 9 -4 17 11 16 13 14 -13 20 21 -7 19 -19 -14 -11 -23 24 -22 -26 -25 -27 -29 -28
right_child=5 2 3 4 -6 7 -8 -9 -10 10 -12 12 15 -15 -16 -17 -18 18 -20 -21 23 22 -24 26 25 27 29 28 -30 -31
leaf_value=-0.0036548863256438829 0.00069513008770909494 -0.0036548863256438829 -0.021184369311752205 0.003464900741674859 -0.0036548863256438829 -0.014143243468176992 -0.0026052343489601838 0.15324572426223354 -0.0036548863256438829 -0.045118043755284658 -0.0023217317984636889 0.095209094626769949 -0.017614937726710529 0.01162756318068372 0.1186695361503845 -0.045742957965528609 0.066726952031382833 0.0052954452180603157 -0.0095564130460697519 0.061744009504947364 -0.041587652153572192 0.067619125551587264 -0.0087478258516204676 -0.028314455825121557 0.043706986668037476 0.12698667249449366 0.074606577992280904 -0.0051117984865234421 0.11525938312620898 -0.01284593569794319
leaf_weight=5259 551 1640 32 133 138 557 647 43 115 75 3217 66 35 69 67 44 104 414 183 51 63 35 564 205 283 30 89 48 104 59
leaf_count=5259 551 1640 32 133 138 557 647 43 115 75 3217 66 35 69 67 44 104 414 183 51 63 35 564 205 283 30 89 48 104 59
internal_value=-0.0047252 -0.0096163 -0.00562439 -0.00113636 0.00355166 -1.8085e-05 -0.00169032 0.000294692 -0.00977891 0.000216127 0.000589005 0.00195876 0.00324871 0.00829208 0.0119361 0.0021875 3.21337e-05 -0.00137967 0.000385802 0.00212366 0.00267467 -0.0009273 -6.26043e-05 0.00310726 0.00482955 0.00620968 0.000531161 0.0108516 0.00855263 0.00540541
internal_weight=14920 7317 2058 418 271 7603 1198 6405 147 6362 5157 1940 1162 202 133 960 778 1205 648 465 916 674 599 881 528 465 353 182 152 148
internal_count=14920 7317 2058 418 271 7603 1198 6405 147 6362 5157 1940 1162 202 133 960 778 1205 648 465 916 674 599 881 528 465 353 182 152 148
is_linear=0
shrinkage=0.05


Tree=52
num_leaves=31
num_cat=0
split_feature=4 19 23 19 19 19 17 10 19 19 24 19 23 13 0 10 26 2 0 8 2 3 11 19 4 5 0 17 4 10
split_gain=135.712 18.2514 4.22619 6.77435 8.72054 1.56463 1.56244 1.83351 1.29102 1.81977 1.2087 1.75366 2.43977 1.55537 1.48168 1.67645 1.11768 1.09011 2.7508 3.89923 2.61444 2.47753 1.87353 1.64205 1.1204 1.12117 1.07086 1.25039 1.21487 1.13182
threshold=1.0000000180025095e-35 46.500000000000007 3.5000000000000004 50.500000000000007 59.500000000000007 48.500000000000007 4.5000000000000009 7.5277777777777786 54.500000000000007 52.500000000000007 2.7500000000000004 42.500000000000007 2.5000000000000004 9.8166666666666682 6.5833333333333348 2.2928571428571431 1.0000000180025095e-35 0.025833333333333319 2.8333333333333335 7.4500000000000011 0.078333333333333352 5.8333333333333348 0.017071428571428574 56.500000000000007 63.750000000000007 5.7083333333333348 7.166666666666667 8.5000000000000018 90.333333333333357 2.5857142857142863
decision_type=2 2 2 2 2 2 2 2 2 2 2 2 2 2 2 2 2 2 2 2 2 2 2 2 2 2 2 2 2 2
left_child=1 -1 -3 5 8 -4 16 10 9 -5 11 -8 13 -13 15 -14 -2 23 19 20 21 -19 -20 24 -18 -26 28 -28 29 -12
right_child=6 2 3 4 -6 -7 7 -9 -10 -11 26 12 14 -15 -16 -17 17 18 22 -21 -22 -23 -24 -25 25 -27 27 -29 -30 -31
leaf_value=-0.0034721420093616891 -0.0028454698757664821 -0.0034721420093616891 -0.020125150846164598 0.0032916557045911178 -0.0034721420093616891 -0.0034721420093616891 -0.03051620688054002 0.14558343804912185 0.010844715708655439 0.0032916557045911178 -0.0088472846959443303 0.040953323503265353 0.059077391696287396 0.18184909099886207 0.14481960397482899 -0.0096431805124046824 0.00053463566221628462 0.043258583123515104 0.041743416069913143 0.16741295847839024 -0.0010671812881185906 -0.014461771880267031 -0.0089844259717637431 0.014643749990991314 -0.00571606096668913 0.0413356841528272 0.032750626142636817 -0.041063766507199395 0.11841065275826242 0.0036932131253417377
leaf_weight=5259 1101 1640 32 46 138 115 81 35 44 43 703 301 30 42 62 419 31 67 41 30 97 34 245 48 461 36 49 190 34 3466
leaf_count=5259 1101 1640 32 46 138 115 81 35 44 43 703 301 30 42 62 419 31 67 41 30 97 34 245 48 461 36 49 190 34 3466
internal_value=-0.00475536 -0.0096163 -0.00562439 -0.00113636 0.00355166 -0.00977891 -7.72721e-05 0.000378788 0.012688 0.0161517 0.000304538 0.0019385 0.00260539 0.00586735 0.000415851 -0.000584633 -0.00120379 -6.88073e-05 0.00160506 0.00570175 0.00315657 0.00878713 -0.00166084 -0.0015625 -0.00236742 -0.00294266 -3.93967e-05 -0.00329498 0.000145729 6.89614e-05
internal_weight=14920 7317 2058 418 271 147 7603 5412 133 89 5377 935 854 343 511 449 2191 1090 514 228 198 101 286 576 528 497 4442 239 4203 4169
internal_count=14920 7317 2058 418 271 147 7603 5412 133 89 5377 935 854 343 511 449 2191 1090 514 228 198 101 286 576 528 497 4442 239 4203 4169
is_linear=0
shrinkage=0.05


Tree=53
num_leaves=31
num_cat=0
split_feature=4 19 23 19 19 17 10 19 19 19 23 14 19 24 13 19 0 8 26 1 1 12 7 5 2 13 12 7 14 10
split_gain=133.29 18.2514 4.22619 6.77435 8.72054 2.05536 1.83945 1.56463 1.29102 1.81977 1.24142 2.63151 2.12292 1.84467 1.7841 1.94776 1.88592 1.93166 2.70666 1.71418 1.39847 1.36051 1.33304 1.38419 1.27421 1.24301 1.22557 1.85948 1.6426 2.16754
threshold=1.0000000180025095e-35 46.500000000000007 3.5000000000000004 50.500000000000007 59.500000000000007 4.5000000000000009 7.5277777777777786 48.500000000000007 54.500000000000007 52.500000000000007 2.5000000000000004 78.183333333333351 52.500000000000007 4.5000000000000009 8.6125000000000025 40.500000000000007 7.166666666666667 9.5500000000000025 1.0000000180025095e-35 0.11666666666666671 0.046666666666666738 0.015857142857142865 0.12633333333333338 6.7750000000000012 0.061666666666666696 9.3875000000000011 0.031547619047619054 0.03291666666666667 80.316666666666677 3.1547619047619051
decision_type=2 2 2 2 2 2 2 2 2 2 2 2 2 2 2 2 2 2 2 2 2 2 2 2 2 2 2 2 2 2
left_child=1 -1 -3 7 8 -2 10 -4 9 -5 11 -7 13 14 -13 21 17 18 25 20 24 -16 23 -14 -19 -17 -12 28 29 -28
right_child=5 2 3 4 -6 6 -8 -9 -10 -11 26 12 22 -15 15 16 -18 19 -20 -21 -22 -23 -24 -25 -26 -27 27 -29 -30 -31
leaf_value=-0.0032985349088936046 -0.0014642570736234095 -0.0032985349088936046 -0.019118893303856369 0.0031270729193615624 -0.0032985349088936046 0.055104180135120077 0.13830426614666577 -0.0032985349088936046 0.010302479923222668 0.0031270729193615624 -0.013406893670010446 -0.0031567080136333248 0.061053585866750783 -0.033482330060785541 -0.060439705740070383 0.19892651330048405 -0.076656685709476355 -0.011108314059320362 0.04229683229245014 -0.024944056906711577 0.091453761419816204 0.011140429244806238 0.17724223971246095 -0.075472713248445289 0.073288726657702946 0.20923637895329328 0.016845458292549166 -0.0019470274789498477 0.013830828821426855 0.1257321145151718
leaf_weight=5259 2191 1640 32 46 138 58 35 115 44 43 485 1405 309 99 41 32 34 94 73 49 53 68 32 37 43 30 37 2227 137 34
leaf_count=5259 2191 1640 32 46 138 58 35 115 44 43 485 1405 309 99 41 32 34 94 73 49 53 68 32 37 43 30 37 2227 137 34
internal_value=-0.00479893 -0.0096163 -0.00562439 -0.00113636 0.00355166 -0.000162765 0.00036031 -0.00977891 0.012688 0.0161517 0.00028594 0.00111416 0.000859733 0.000216477 0.000559313 0.0030706 0.00465686 0.00568182 0.010463 0.00298117 0.00513158 -0.00286697 0.00429894 0.00339595 0.0024635 0.0181452 -0.000410959 4.62012e-05 0.00456731 0.0107394
internal_weight=14920 7317 2058 418 271 7603 5412 147 133 89 5377 2457 2399 2021 1922 517 408 374 135 239 190 109 378 346 137 62 2920 2435 208 71
internal_count=14920 7317 2058 418 271 7603 5412 147 133 89 5377 2457 2399 2021 1922 517 408 374 135 239 190 109 378 346 137 62 2920 2435 208 71
is_linear=0
shrinkage=0.05


Tree=54
num_leaves=31
num_cat=0
split_feature=9 19 23 19 19 16 10 19 19 19 24 19 23 0 10 11 6 1 13 8 0 9 17 17 5 7 23 12 19 14
split_gain=131.442 18.2514 4.22619 6.77435 8.72054 1.78319 1.87232 1.56463 1.29102 1.81977 1.15091 1.67454 2.06403 1.48168 1.67645 1.3233 1.61894 1.89731 1.04913 1.21529 1.29153 1.41208 1.76043 1.10514 1.43833 1.1807 1.10738 1.09537 1.29202 1.58489
threshold=1.0000000180025095e-35 46.500000000000007 3.5000000000000004 50.500000000000007 59.500000000000007 4.5000000000000009 7.5277777777777786 48.500000000000007 54.500000000000007 52.500000000000007 2.7500000000000004 42.500000000000007 2.5000000000000004 6.5833333333333348 2.2928571428571431 0.11535714285714288 0.094000000000000028 0.041666666666666678 13.366666666666669 12.775000000000002 7.166666666666667 77.100000000000009 5.5000000000000009 8.5000000000000018 2.7750000000000004 0.10708333333333335 3.5000000000000004 0.23350000000000001 51.500000000000007 89.211111111111123
decision_type=2 2 2 2 2 2 2 2 2 2 2 2 2 2 2 2 2 2 2 2 2 2 2 2 2 2 2 2 2 2
left_child=1 -1 -3 7 8 -2 10 -4 9 -5 11 -7 15 14 -14 16 17 -13 19 20 21 22 -12 25 -25 -24 -26 28 -23 -30
right_child=5 2 3 4 -6 6 -8 -9 -10 -11 18 12 13 -15 -16 -17 -18 -19 -20 -21 -22 27 23 24 26 -27 -28 -29 29 -31
leaf_value=-0.0031336081634489241 -0.0013910442199422447 -0.0031336081634489241 -0.018162948638663547 0.0029707192733934851 -0.0031336081634489241 -0.02883256113583137 0.13138905283933253 -0.0031336081634489241 0.0097873559270615362 0.0029707192733934851 0.047020951561818305 0.036521546304424925 0.055516155268989301 0.13767597515003502 -0.0093486654584756922 0.11335038894474148 -0.037796064967250957 0.12849193391239752 0.033276322845785723 -0.027861352869172712 -0.029427983650658684 -0.0013059758201673822 -0.016935652692020089 0.040488876392017016 -0.025634727972485827 0.036827346200929277 0.066842550687262539 -0.031163855285128689 0.0084555307945658915 0.066438909258608875
leaf_weight=5259 2191 1640 32 46 138 81 35 115 44 43 89 225 30 62 419 35 40 43 30 112 233 2009 266 70 88 30 50 87 1095 283
leaf_count=5259 2191 1640 32 46 138 81 35 115 44 43 89 225 30 62 419 35 40 43 30 112 233 2009 266 70 88 30 50 87 1095 283
internal_value=-0.00483244 -0.0096163 -0.00562439 -0.00113636 0.00355166 -0.000228528 0.000258684 -0.00977891 0.012688 0.0161517 0.000183653 0.00177807 0.00242974 0.000415851 -0.000584633 0.00543003 0.00438312 0.00578358 -0.000151959 -0.000215322 -8.13953e-05 0.000126014 -0.00212901 -0.00327381 -0.000480769 -0.00523649 -0.00344203 0.000510938 0.000653233 0.00183237
internal_weight=14920 7317 2058 418 271 7603 5412 147 133 89 5377 935 854 511 449 343 308 268 4442 4412 4300 4067 593 504 208 296 138 3474 3387 1378
internal_count=14920 7317 2058 418 271 7603 5412 147 133 89 5377 935 854 511 449 343 308 268 4442 4412 4300 4067 593 504 208 296 138 3474 3387 1378
is_linear=0
shrinkage=0.05


Tree=55
num_leaves=31
num_cat=0
split_feature=9 19 23 19 19 19 15 19 19 3 1 19 9 19 19 19 11 1 2 24 2 10 12 19 23 9 9 9 1 11
split_gain=135.295 18.6226 3.76216 5.43103 7.18703 2.53615 1.61002 1.48384 1.45469 1.43316 1.37246 2.99525 2.0635 1.34115 1.32873 1.47482 1.31595 1.66368 1.58193 1.28693 1.28324 1.12082 1.74793 1.12047 1.60393 1.34663 2.17712 1.04425 1.406 1.27628
threshold=1.0000000180025095e-35 45.500000000000007 3.5000000000000004 51.500000000000007 59.500000000000007 48.500000000000007 2.5000000000000004 48.500000000000007 71.500000000000014 5.416666666666667 0.10333333333333337 55.500000000000007 87.90000000000002 58.500000000000007 54.500000000000007 52.500000000000007 0.22050000000000006 0.44166666666666671 0.21583333333333338 2.2500000000000004 0.24500000000000002 5.7888888888888896 0.068166666666666695 39.500000000000007 2.5000000000000004 73.450000000000017 86.90000000000002 89.100000000000009 0.37000000000000005 0.30550000000000005
decision_type=2 2 2 2 2 2 2 2 2 2 2 2 2 2 2 2 2 2 2 2 2 2 2 2 2 2 2 2 2 2
left_child=1 -1 7 5 14 -4 9 -3 27 10 12 -12 13 -2 15 -5 18 20 -10 -9 21 22 -18 -11 -25 -26 -27 29 -29 -8
right_child=6 2 3 4 -6 -7 8 19 16 23 11 -13 -14 -15 -16 -17 17 -19 -20 -21 -22 -23 -24 24 25 26 -28 28 -30 -31
leaf_value=-0.002976927755276478 0.0023504504502531946 -0.002976927755276478 0.020245198793269633 0.0028221833097238137 -0.002976927755276478 -0.002976927755276478 -0.0031986152264700252 -0.002976927755276478 0.12582817161411938 0.0023147710823578083 -0.0050599928174996818 0.017531206191232458 0.051606485520437097 -0.010135971637067788 0.0092979881307084563 0.0028221833097238137 -0.033751737667648961 0.15007745073177672 -0.022019509274451867 -0.002976927755276478 0.09732110935705976 -0.09000657555429975 0.099131065701703713 -0.040360558402272956 -0.0015822004895768571 0.03123131726539774 -0.0028601877952423973 0.013684537331085433 -0.035521286840700765 0.023228894550487624
leaf_weight=5210 221 321 31 44 131 114 3580 222 88 37 169 42 42 61 49 37 103 120 30 1095 37 46 76 246 236 47 81 2051 44 249
leaf_count=5210 221 321 31 44 131 114 3580 222 88 37 169 42 42 61 49 37 103 120 30 1095 37 46 76 246 236 47 81 2051 44 249
internal_value=-0.0047611 -0.0096464 -0.00560176 -0.0012931 0.00301724 -0.00905172 -0.000101893 -0.00666972 0.000210149 -0.0017978 0.000116822 -0.00302133 0.00216049 0.000620567 0.0113462 0.0152778 0.0028 0.00137435 0.00741525 -0.00741268 -0.000858779 -0.00227778 -0.000488827 -0.00338099 -0.00389344 -0.00178571 0.00234375 -8.44024e-06 0.000889021 -0.000499478
internal_weight=14860 7254 2044 406 261 145 7606 1638 6424 1182 535 211 324 282 130 81 500 382 118 1317 262 225 179 647 610 364 128 5924 2095 3829
internal_count=14860 7254 2044 406 261 145 7606 1638 6424 1182 535 211 324 282 130 81 500 382 118 1317 262 225 179 647 610 364 128 5924 2095 3829
is_linear=0
shrinkage=0.05


Tree=56
num_leaves=31
num_cat=0
split_feature=4 19 23 19 19 19 19 19 19 24 15 4 9 12 2 2 11 3 17 4 12 11 19 11 17 13 1 17 11 14
split_gain=136.603 18.6226 3.76216 5.43103 7.18703 2.53615 1.48384 1.32873 1.47482 1.28693 1.14611 1.12124 2.01725 1.55523 1.35836 1.47601 2.6405 2.08261 1.90123 1.83727 1.49051 1.60045 2.13206 1.47973 2.2414 1.32709 1.80126 1.88047 1.91275 2.30151
threshold=1.0000000180025095e-35 45.500000000000007 3.5000000000000004 51.500000000000007 59.500000000000007 48.500000000000007 48.500000000000007 54.500000000000007 52.500000000000007 2.2500000000000004 1.5000000000000002 88.583333333333357 84.100000000000009 0.02105555555555556 0.3716666666666667 0.040000000000000022 0.017071428571428574 11.16666666666667 6.5000000000000009 87.833333333333357 0.04316666666666668 0.17527777777777784 69.500000000000014 0.38708333333333339 9.5000000000000018 3.0500000000000003 0.19500000000000003 5.5000000000000009 0.10950000000000003 79.828571428571436
decision_type=2 2 2 2 2 2 2 2 2 2 2 2 2 2 2 2 2 2 2 2 2 2 2 2 2 2 2 2 2 2
left_child=1 -1 6 5 7 -4 -3 8 -5 -8 -2 13 -13 -12 15 19 18 20 -17 23 -18 22 -22 25 -25 -15 27 -27 29 -29
right_child=10 2 3 4 -6 -7 9 -9 -10 -11 11 12 -14 14 -16 16 17 -19 -20 -21 21 -23 -24 24 -26 26 -28 28 -30 -31
leaf_value=-0.0028280813675126541 -0.0021066889725958357 -0.0028280813675126541 0.019232938853606153 0.0026810741442376222 -0.0028280813675126541 -0.0028280813675126541 -0.0028280813675126541 0.0088330887241730334 0.0026810741442376222 -0.0028280813675126541 -0.0044348863769936081 0.10904598164390547 0.0065951022056725435 -0.0026196426333706113 0.12479536471241 0.034463395271245471 -0.014814332972956768 0.089842165308479022 -0.011291208811907462 -0.014785011095009432 -0.0083024727907362265 0.011153977672419791 0.16450702037439408 0.19862986218704229 -0.0017914122781049425 0.037986006385530846 -0.013022102033306738 -0.023433867011774634 0.11781808430905545 0.040980208766431582
leaf_weight=5210 608 321 31 44 131 114 222 49 37 1095 976 63 2861 63 33 99 135 49 63 66 1197 489 45 34 35 158 149 145 68 270
leaf_count=5210 608 321 31 44 131 114 222 49 37 1095 976 63 2861 63 33 99 135 49 63 66 1197 489 45 34 35 158 149 145 68 270
internal_value=-0.00473755 -0.0096464 -0.00560176 -0.0012931 0.00301724 -0.00905172 -0.00666972 0.0113462 0.0152778 -0.00741268 -5.58769e-05 0.000125036 0.000872093 -0.000411144 0.000137185 2.85481e-05 -0.000728214 -0.00124674 0.00540123 0.00161943 -0.00151393 -0.0011193 -0.00207327 0.00219631 0.00923913 0.00162661 0.00218354 0.00333463 0.00178571 0.000512048
internal_weight=14860 7254 2044 406 261 145 1638 130 81 1317 7606 6998 2924 4074 3098 3065 2077 1915 162 988 1866 1731 1242 922 69 853 790 641 483 415
internal_count=14860 7254 2044 406 261 145 1638 130 81 1317 7606 6998 2924 4074 3098 3065 2077 1915 162 988 1866 1731 1242 922 69 853 790 641 483 415
is_linear=0
shrinkage=0.05


Tree=57
num_leaves=31
num_cat=0
split_feature=4 19 23 19 19 19 19 19 19 24 15 9 13 2 9 7 19 10 5 3 6 2 12 11 13 3 1 1 3 0
split_gain=134.737 18.6226 3.76216 5.43103 7.18703 2.53615 1.48384 1.32873 1.47482 1.28693 1.07488 1.17154 1.81344 2.11276 1.4654 1.63321 1.32945 1.86452 1.36393 1.3285 1.23768 1.48578 1.85085 1.28007 1.19193 1.24718 1.11826 1.02127 1.09108 1.01997
threshold=1.0000000180025095e-35 45.500000000000007 3.5000000000000004 51.500000000000007 59.500000000000007 48.500000000000007 48.500000000000007 54.500000000000007 52.500000000000007 2.2500000000000004 1.5000000000000002 88.90000000000002 11.211111111111112 0.040000000000000022 87.90000000000002 0.13100000000000006 54.500000000000007 3.9500000000000006 3.5500000000000003 12.500000000000002 0.37700000000000006 0.12500000000000006 0.058819444444444459 0.42950000000000005 10.683333333333335 10.16666666666667 0.40833333333333338 0.14666666666666675 10.833333333333334 4.166666666666667
decision_type=2 2 2 2 2 2 2 2 2 2 2 2 2 2 2 2 2 2 2 2 2 2 2 2 2 2 2 2 2 2
left_child=1 -1 6 5 7 -4 -3 8 -5 -8 27 12 14 -14 20 -16 29 18 -18 -15 23 22 -22 26 25 -19 -12 28 -2 -13
right_child=10 2 3 4 -6 -7 9 -9 -10 -11 11 16 13 19 15 -17 17 24 -20 -21 21 -23 -24 -25 -26 -27 -28 -29 -30 -31
leaf_value=-0.0026866772991370213 0.00034128048089835663 -0.0026866772991370213 0.018271291910925847 0.0025470204370257434 -0.0026866772991370213 -0.0026866772991370213 -0.0026866772991370213 0.0083914342879643829 0.0025470204370257434 -0.0026866772991370213 -0.00096515447387832132 0.012502781542388142 -0.00303136715763781 0.091443674566270935 -0.033179653058698598 0.048349922976409762 0.11116641620495367 0.02300486282236032 0.12162520905900989 0.038030543799589367 0.02820097268784948 -0.047686083533396817 0.17021248436461925 -0.064007664378851942 -0.041933843905283055 0.24609453005399529 0.12609059966607475 -0.0069544882081966526 -0.038474983049025413 -0.0074188915797221318
leaf_weight=5210 380 321 31 44 131 114 222 49 37 1095 3706 1267 93 36 349 60 84 287 54 33 146 70 45 37 82 30 33 159 69 586
leaf_count=5210 380 321 31 44 131 114 222 49 37 1095 3706 1267 93 36 349 60 84 287 54 33 146 70 45 37 82 30 33 159 69 586
internal_value=-0.0047712 -0.0096464 -0.00560176 -0.0012931 0.00301724 -0.00905172 -0.00666972 0.0113462 0.0152778 -0.00741268 -0.000121615 5.35867e-05 -0.000412326 0.00478395 -0.000601664 -0.00345355 0.000951883 0.00314246 0.00815217 0.011413 -0.000312732 0.00301724 0.00530105 -0.000542903 0.00140977 0.00279968 -0.000451324 -0.00213816 -0.000918708 0.000317053
internal_weight=14860 7254 2044 406 261 145 1638 130 81 1317 7606 6998 4608 162 4446 409 2390 537 138 69 4037 261 191 3776 399 317 3739 608 449 1853
internal_count=14860 7254 2044 406 261 145 1638 130 81 1317 7606 6998 4608 162 4446 409 2390 537 138 69 4037 261 191 3776 399 317 3739 608 449 1853
is_linear=0
shrinkage=0.05


Tree=58
num_leaves=31
num_cat=0
split_feature=4 19 23 19 19 19 19 19 19 24 15 19 13 10 4 9 9 11 6 3 11 7 7 11 17 0 19 8 2 3
split_gain=134.737 18.6226 3.76216 5.43103 7.18703 2.53615 1.48384 1.32873 1.47482 1.28693 1.07488 1.14548 1.61383 1.24943 1.23035 1.62992 1.16427 1.12656 1.02127 1.09108 0.99764 1.9406 1.53475 1.32808 1.39294 1.49237 2.34017 1.11447 1.02292 2.30329
threshold=1.0000000180025095e-35 45.500000000000007 3.5000000000000004 51.500000000000007 59.500000000000007 48.500000000000007 48.500000000000007 54.500000000000007 52.500000000000007 2.2500000000000004 1.5000000000000002 80.500000000000014 3.3666666666666671 4.4722222222222232 88.583333333333357 84.100000000000009 82.90000000000002 0.3605000000000001 0.14900000000000005 10.833333333333334 0.0052777777777777788 0.033999999999999996 0.059000000000000025 0.017071428571428574 8.5000000000000018 2.1666666666666674 47.500000000000007 7.366666666666668 0.040000000000000022 11.16666666666667
decision_type=2 2 2 2 2 2 2 2 2 2 2 2 2 2 2 2 2 2 2 2 2 2 2 2 2 2 2 2 2 2
left_child=1 -1 6 5 7 -4 -3 8 -5 -8 18 14 -13 -14 20 16 -16 -15 19 -2 21 -12 -23 24 25 -22 -27 -26 -25 -30
right_child=10 2 3 4 -6 -7 9 -9 -10 -11 11 12 13 17 15 -17 -18 -19 -20 -21 23 22 -24 28 27 26 -28 -29 29 -31
leaf_value=-0.0025523434341801704 0.0003242164568534406 -0.0025523434341801704 0.017357727315379556 0.0024196694151744583 -0.0025523434341801704 -0.0025523434341801704 -0.0025523434341801704 0.007971862573566163 0.0024196694151744583 -0.0025523434341801704 -0.017410705482262045 -0.017705326163204499 0.155227042372201 0.01575080291981017 0.049085719875145456 0.0054128893741888897 0.1391686026404306 0.2671665193584018 -0.0066067637977868191 -0.036551233896574137 0.0025815347404794632 0.080790165054167654 -0.0076369044705664668 0.00059047192741835952 0.040948005396503513 0.038342097892417597 0.20906419536798879 -0.04376988589353896 -0.0058496775305083796 0.11104869935820785
leaf_weight=5210 380 321 31 44 131 114 222 49 37 1095 276 88 32 74 31 2797 30 30 159 69 69 45 56 1462 38 50 35 32 1802 51
leaf_count=5210 380 321 31 44 131 114 222 49 37 1095 276 88 32 74 31 2797 30 30 159 69 69 45 56 1462 38 50 35 32 1802 51
internal_value=-0.0047712 -0.0096464 -0.00560176 -0.0012931 0.00301724 -0.00905172 -0.00666972 0.0113462 0.0152778 -0.00741268 -0.000121615 5.35867e-05 0.00357143 0.00698529 -6.27399e-05 0.000726032 0.00881148 0.00432692 -0.00213816 -0.000918708 -0.000638407 -0.00308355 0.00284653 -0.000377932 0.00334821 0.00600649 0.0104412 -0.0025 -0.000629713 -0.00140988
internal_weight=14860 7254 2044 406 261 145 1638 130 81 1317 7606 6998 224 136 6774 2858 61 104 608 449 3916 377 101 3539 224 154 85 70 3315 1853
internal_count=14860 7254 2044 406 261 145 1638 130 81 1317 7606 6998 224 136 6774 2858 61 104 608 449 3916 377 101 3539 224 154 85 70 3315 1853
is_linear=0
shrinkage=0.05


Tree=59
num_leaves=31
num_cat=0
split_feature=4 23 23 17 14 24 17 1 10 13 0 14 0 8 3 11 3 9 24 1 0 4 14 13 14 10 3 13 12 11
split_gain=133.438 5.13485 2.46025 1.00181 1.2157 1.47741 1.62609 2.02441 1.33951 1.26696 1.14107 1.05382 1.04031 1.43666 1.1376 1.03841 1.03242 0.892233 0.862199 0.829321 0.815525 1.14507 1.90305 2.19613 1.61628 1.23414 2.13599 1.50742 2.32521 2.55827
threshold=1.0000000180025095e-35 3.5000000000000004 1.5000000000000002 7.5000000000000009 75.887500000000017 2.2500000000000004 9.5000000000000018 0.088333333333333305 4.7888888888888896 7.9500000000000011 1.5833333333333337 72.878571428571448 3.5833333333333335 9.1000000000000014 6.5833333333333348 0.28725000000000006 7.5833333333333348 86.700000000000003 2.2500000000000004 0.16666666666666671 3.8333333333333335 81.833333333333357 83.105555555555569 7.8819444444444455 84.950000000000017 3.5277777777777781 7.5833333333333348 9.5857142857142872 0.043541666666666673 0.092928571428571444
decision_type=2 2 2 2 2 2 2 2 2 2 2 2 2 2 2 2 2 2 2 2 2 2 2 2 2 2 2 2 2 2
left_child=1 2 -1 -2 11 6 7 17 10 15 -8 -5 16 14 19 -10 -12 -6 -4 -14 21 25 23 -23 -24 27 -27 28 -7 -30
right_child=3 -3 18 4 5 20 8 -9 9 -11 12 -13 13 -15 -16 -17 -18 -19 -20 -21 -22 22 24 -25 -26 26 -28 -29 29 -31
leaf_value=-0.0024247262624711619 -0.0011190824643792063 -0.0024247262624711619 -0.0024247262624711619 0.036412671233428152 -0.01878543875912482 -0.01759470669671262 0.044439632180482858 0.21068412152986446 0.18689020721359953 0.025543254246587856 0.018660139728729732 -0.020514647081207028 0.033535951830944842 0.12962549108842647 -0.04284679800497504 0.071981409635507851 -0.050649040978813745 0.077298730557232492 -0.0024247262624711619 -0.0630100481087741 -0.0054035949855232085 0.01537168115602432 -0.03801251400330679 0.096304350836453487 0.016799607040206579 -0.042255320413881442 0.031548131273248924 -0.053255970617261388 0.069172616047104563 0.00077616195172933731
leaf_weight=1166 3562 821 908 55 31 72 32 34 34 54 114 121 47 56 64 35 90 46 4359 31 1461 85 111 32 1163 120 44 30 37 45
leaf_count=1166 3562 821 908 55 31 72 32 34 34 54 114 121 47 56 64 35 90 46 4359 31 1461 85 111 32 1163 120 44 30 37 45
internal_value=-0.00479475 -0.0096464 -0.0101216 -0.000167631 0.00037092 0.000555843 0.00269461 0.00822072 0.00159336 0.00619919 0.000288018 -0.00369318 -0.000435323 0.00214646 -0.000528169 0.0106884 -0.00294118 0.00373377 -0.00966157 0.00352564 0.000109375 0.000841001 0.00148275 0.00758547 0.000922292 -0.00172414 -0.00487805 0.00108696 0.00308442 0.00884146
internal_weight=14860 7254 6433 7606 4044 3868 668 111 557 123 434 176 402 198 142 69 204 77 5267 78 3200 1739 1391 117 1274 348 164 184 154 82
internal_count=14860 7254 6433 7606 4044 3868 668 111 557 123 434 176 402 198 142 69 204 77 5267 78 3200 1739 1391 117 1274 348 164 184 154 82
is_linear=0
shrinkage=0.05


Tree=60
num_leaves=31
num_cat=0
split_feature=4 19 23 19 19 19 11 9 2 2 12 16 19 2 2 2 12 19 19 19 0 9 11 16 9 0 10 14 9 10
split_gain=136.278 17.4753 2.99714 5.19774 6.91493 1.46562 3.96848 2.15919 2.19824 1.55263 2.28352 1.66316 1.63456 1.63082 1.4328 1.33807 1.26878 1.25215 1.25626 2.81702 1.22103 1.16139 2.05942 1.92602 1.91311 1.25938 1.64289 1.16099 1.14912 1.10336
threshold=1.0000000180025095e-35 45.500000000000007 3.5000000000000004 50.500000000000007 59.500000000000007 54.500000000000007 0.017638888888888895 70.77500000000002 0.0033333333333333327 0.023333333333333355 0.032678571428571439 3.5000000000000004 101.50000000000001 0.016666666666666687 0.0099999999999999985 0.016666666666666687 0.24050000000000005 48.500000000000007 54.500000000000007 57.500000000000007 2.1666666666666674 85.325000000000017 0.19878571428571432 3.5000000000000004 82.450000000000017 2.8333333333333335 4.9500000000000011 76.366666666666688 82.90000000000002 4.7888888888888896
decision_type=2 2 2 2 2 2 2 2 2 2 2 2 2 2 2 2 2 2 2 2 2 2 2 2 2 2 2 2 2 2
left_child=1 -1 17 -4 -5 -2 7 -7 -9 10 11 14 16 20 -8 -12 21 -3 -19 -20 -13 22 24 -23 25 27 -27 -11 -24 -30
right_child=5 2 3 4 -6 6 9 8 -10 12 15 13 -14 -15 -16 -17 -18 18 19 -21 -22 23 28 -25 -26 26 -28 -29 29 -31
leaf_value=-0.0023034899493476037 -0.0011703929362359589 -0.0023034899493476037 -0.0023034899493476037 0.0024199222575392921 -0.0023034899493476037 -0.009412244900870859 0.0027490594038798392 0.027643715925927959 0.10967786225417267 -0.011463638131999311 0.16433199647059851 -0.058902505251137806 0.1859574030101547 0.075160620609875592 0.097320458085063719 0.019038846420922906 -0.015384362310420497 -0.0023034899493476037 0.047696510050652396 -0.0023034899493476037 -0.0057085904273576739 -0.018310775627631625 0.00051322163183586402 0.035176669088270308 -0.041754503679411983 -0.014611629766111939 0.04449236702046732 0.088969865174137464 0.25988658665974562 0.0618083605627823
leaf_weight=5245 5274 314 141 128 133 30 50 36 67 81 90 72 65 41 41 55 147 1033 87 216 95 68 232 617 142 194 31 70 34 33
leaf_count=5245 5274 314 141 128 133 30 50 36 67 81 90 72 65 41 41 55 147 1033 87 216 95 68 232 617 142 194 31 70 34 33
internal_value=-0.00483616 -0.00971118 -0.00579922 -0.00192786 0.00225096 -0.00013384 0.000922086 0.00930451 0.0127427 0.000405468 0.00304054 0.000543478 -0.00027713 -0.00192308 0.00618132 0.00818966 -0.000583687 -0.00674242 -0.00741018 -0.00457921 -0.00411677 -0.0001498 -0.00142289 0.00136861 -0.00333012 -0.00146277 -0.00383333 0.00206954 0.00188127 0.00764925
internal_weight=14862 7297 2052 402 261 7565 2291 133 103 2158 444 299 1714 208 91 145 1649 1650 1336 303 167 1502 817 685 518 376 225 151 299 67
internal_count=14862 7297 2052 402 261 7565 2291 133 103 2158 444 299 1714 208 91 145 1649 1650 1336 303 167 1502 817 685 518 376 225 151 299 67
is_linear=0
shrinkage=0.05


Tree=61
num_leaves=31
num_cat=0
split_feature=4 19 23 19 19 19 19 19 19 11 4 2 7 1 11 19 10 12 2 1 15 11 11 0 14 14 6 1 13 11
split_gain=135.152 17.4753 2.99714 5.19774 6.91493 1.25215 1.25626 2.81702 1.138 2.56842 1.83422 1.95802 1.63824 1.46634 1.42118 1.72047 1.48029 1.92222 1.81814 1.2916 1.34758 1.86757 2.48602 1.60364 1.25336 1.50019 2.20876 2.15147 1.12117 1.11572
threshold=1.0000000180025095e-35 45.500000000000007 3.5000000000000004 50.500000000000007 59.500000000000007 48.500000000000007 54.500000000000007 57.500000000000007 55.500000000000007 0.017638888888888895 70.166666666666671 0.0033333333333333327 0.25100000000000006 0.19500000000000003 0.24366666666666667 79.000000000000014 3.0500000000000003 0.016125000000000004 0.016666666666666687 0.22833333333333339 2.5000000000000004 0.17050000000000001 0.24775000000000003 3.8333333333333335 85.050000000000011 82.788888888888906 0.17100000000000004 0.1541666666666667 5.7638888888888902 0.038660714285714291
decision_type=2 2 2 2 2 2 2 2 2 2 2 2 2 2 2 2 2 2 2 2 2 2 2 2 2 2 2 2 2 2
left_child=1 -1 5 -4 -5 -3 -7 -8 13 10 -10 -12 14 29 15 24 -16 -18 -19 -15 -21 -22 -23 -24 25 26 27 -11 -28 -2
right_child=8 2 3 4 -6 6 7 -9 9 12 11 -13 -14 19 16 -17 17 18 -20 20 21 22 23 -25 -26 -27 28 -29 -30 -31
leaf_value=-0.0021883154518802235 -0.002566104389165469 -0.0021883154518802235 -0.0021883154518802235 0.0022989261446623279 -0.0021883154518802235 -0.0021883154518802235 0.045311684548119784 -0.0021883154518802235 -0.008941632655827314 0.0012586987043881144 0.015243570505884275 0.10382559129149083 -0.015189545986910314 -0.039143169139202828 0.14331098099790726 0.069075093812970625 -0.030593655747827814 0.17455773278032544 0.032359670663100734 -0.0060177638365994657 -0.015841427279905063 0.093867807880176971 0.016892069763894929 -0.017919232571263179 0.018431385982675887 -0.043035953712835522 -0.043940875707517424 0.15603227087376803 0.063811515037787245 0.0012825523164177401
leaf_weight=5245 2699 314 141 128 133 1033 87 216 31 298 35 60 203 163 46 40 63 56 460 117 96 103 56 77 451 153 130 32 37 2159
leaf_count=5245 2699 314 141 128 133 1033 87 216 31 298 35 60 203 163 46 40 63 56 460 117 96 103 56 77 451 153 130 32 37 2159
internal_value=-0.00485635 -0.00971118 -0.00579922 -0.00192786 0.00225096 -0.00674242 -0.00741018 -0.00457921 -0.000173496 0.000817422 0.0077381 0.0111842 0.000374556 -0.000553016 0.000863533 -0.00018624 0.00278 0.00209413 0.00310078 -0.00285948 -0.0014755 0.000150602 0.00254237 -0.00197368 -0.000556312 -0.00196154 -0.000628773 0.00174242 -0.00531437 -0.000262454
internal_weight=14862 7297 2052 402 261 1650 1336 303 7565 2095 126 95 1969 5470 1766 1141 625 579 516 612 449 332 236 133 1101 650 497 330 167 4858
internal_count=14862 7297 2052 402 261 1650 1336 303 7565 2095 126 95 1969 5470 1766 1141 625 579 516 612 449 332 236 133 1101 650 497 330 167 4858
is_linear=0
shrinkage=0.05


Tree=62
num_leaves=31
num_cat=0
split_feature=4 19 23 19 19 19 19 19 24 4 0 19 14 0 8 5 0 9 9 19 1 12 13 3 9 1 12 9 5 2
split_gain=134.965 17.4753 2.99714 5.19774 6.91493 1.25215 1.25626 2.81702 1.18337 1.30562 2.10073 1.36904 1.92797 1.91616 1.40056 1.28916 1.17387 1.14982 1.43033 1.30363 1.12496 1.08417 1.08364 1.4933 1.26434 1.49529 1.224 1.67718 1.76847 1.47427
threshold=1.0000000180025095e-35 45.500000000000007 3.5000000000000004 50.500000000000007 59.500000000000007 48.500000000000007 54.500000000000007 57.500000000000007 4.5000000000000009 88.833333333333357 9.1666666666666696 50.500000000000007 82.527777777777786 6.8333333333333348 10.900000000000002 6.5500000000000007 3.1666666666666674 87.63333333333334 80.90000000000002 54.500000000000007 0.035833333333333349 0.20600000000000004 6.9500000000000011 7.166666666666667 88.366666666666688 0.13833333333333339 0.081180555555555575 88.708333333333357 3.5500000000000003 0.20500000000000004
decision_type=2 2 2 2 2 2 2 2 2 2 2 2 2 2 2 2 2 2 2 2 2 2 2 2 2 2 2 2 2 2
left_child=1 -1 5 -4 -5 -3 -7 -8 9 10 15 12 -11 14 21 -2 -16 18 19 -10 -18 22 23 24 -13 -26 27 -24 -29 -28
right_child=8 2 3 4 -6 6 7 -9 17 11 -12 13 -14 -15 16 -17 20 -19 -20 -21 -22 -23 26 -25 25 -27 29 28 -30 -31
leaf_value=-0.0020788996792862123 -0.00074388430685406461 -0.0020788996792862123 -0.0020788996792862123 0.0021839798374292119 -0.0020788996792862123 -0.0020788996792862123 0.043046100320713793 -0.0020788996792862123 -0.00034100324548702599 0.11353690669792434 0.13518689215447263 0.093181057670191525 -0.002453626690649319 -0.019198679591826397 -0.039467007442651546 -0.010170803415148567 -0.038782553163152003 -0.034833510925089788 0.015798865456545994 -0.03960803832920811 0.078475321035595763 -0.036806085286908471 -0.027890563071107995 -0.049709330490865476 0.053957086929638215 -0.0061910325206768757 0.12364138949005328 0.089145082506060291 0.033338786130145827 0.01410235642869332
leaf_weight=5245 4087 314 141 128 133 1033 87 216 76 30 41 58 1772 149 40 172 57 147 90 49 56 68 40 66 180 116 94 46 101 30
leaf_count=5245 4087 314 141 128 133 1033 87 216 76 30 41 58 1772 149 40 172 57 147 90 49 56 68 40 66 180 116 94 46 101 30
internal_value=-0.00485971 -0.00971118 -0.00579922 -0.00192786 0.00225096 -0.00674242 -0.00741018 -0.00457921 -0.000180106 -3.99139e-05 -0.000593023 0.000779366 -6.93674e-05 0.00216848 0.0029937 -0.000701456 -0.00138889 -0.00296961 -0.000639535 -0.0041 0.00121681 0.00383292 0.00439466 0.0027381 0.00402542 0.0027027 0.00663183 0.00407754 0.00654762 0.0104839
internal_weight=14862 7297 2052 402 261 1650 1336 303 7565 7203 4300 2903 1802 1101 952 4259 153 362 215 125 113 799 731 420 354 296 311 187 147 124
internal_count=14862 7297 2052 402 261 1650 1336 303 7565 7203 4300 2903 1802 1101 952 4259 153 362 215 125 113 799 731 420 354 296 311 187 147 124
is_linear=0
shrinkage=0.05


Tree=63
num_leaves=31
num_cat=0
split_feature=4 19 23 19 19 19 19 19 7 14 12 3 6 7 19 23 11 6 14 6 6 11 2 9 4 8 0 1 8 9
split_gain=135.527 17.4753 2.99714 5.19774 6.91493 1.25215 1.25626 2.81702 1.06277 1.88513 1.49794 3.23645 1.72509 1.38619 1.33848 2.39664 1.65126 2.21656 1.7472 1.60619 3.69491 1.41963 2.09621 1.22037 1.75799 1.15703 1.12191 1.11629 1.23526 3.39849
threshold=1.0000000180025095e-35 45.500000000000007 3.5000000000000004 50.500000000000007 59.500000000000007 48.500000000000007 54.500000000000007 57.500000000000007 0.25100000000000006 85.788888888888906 0.19650000000000004 3.8333333333333335 0.053666666666666661 0.20675000000000004 55.500000000000007 2.5000000000000004 0.21944444444444447 0.2126666666666667 87.612500000000011 0.25500000000000006 0.26900000000000007 0.02105555555555556 0.0033333333333333327 75.550000000000011 73.583333333333357 6.5500000000000007 3.8333333333333335 0.19500000000000003 9.7750000000000021 89.366666666666688
decision_type=2 2 2 2 2 2 2 2 2 2 2 2 2 2 2 2 2 2 2 2 2 2 2 2 2 2 2 2 2 2
left_child=1 -1 5 -4 -5 -3 -7 -8 10 -10 14 -12 -13 -14 16 21 17 27 -19 23 -21 22 -16 -17 -25 -26 -15 -2 29 -29
right_child=8 2 3 4 -6 6 7 -9 9 -11 11 12 13 26 15 19 -18 18 -20 20 -22 -23 -24 24 25 -27 -28 28 -30 -31
leaf_value=-0.0019749546953219013 -0.00068274979669243898 -0.0019749546953219013 -0.0019749546953219013 0.0020747808455577501 -0.0019749546953219013 -0.0019749546953219013 0.040893795304678099 -0.0019749546953219013 -0.01557244055996675 0.048068014040447408 0.24913874454703999 0.02687461187841016 -0.038691847697739534 -0.024501280560167538 0.011783537634108155 0.011505036728333995 -0.0060936807707638214 0.22347491695800215 0.037129287353395789 0.20803875440163835 0.010195957444627275 0.04439804048166468 0.097747683766271229 -0.053949759832510706 -0.014124968006610422 0.0030357909368021797 0.21596217631356676 -0.014063031732422671 -0.047752966722129579 0.13029099258102159
leaf_weight=5245 4658 314 141 128 133 1033 87 216 186 84 30 55 80 52 35 217 368 37 44 34 474 206 44 38 366 308 32 118 68 31
leaf_count=5245 4658 314 141 128 133 1033 87 216 186 84 30 55 80 52 35 217 368 37 44 34 474 206 44 38 366 308 32 118 68 31
internal_value=-0.00484962 -0.00971118 -0.00579922 -0.00192786 0.00225096 -0.00674242 -0.00741018 -0.00457921 -0.000160278 -0.00324074 -4.62646e-05 0.00376506 0.00165525 -0.000914634 -0.000180954 0.00103078 -0.000572878 -0.00033293 0.00787037 0.00020007 0.00246063 0.0052193 0.0109177 -0.00103606 -0.00203652 -0.00144659 0.00357143 -0.000469231 -0.00397465 -0.00142617
internal_weight=14862 7297 2052 402 261 1650 1336 303 7565 270 7295 249 219 164 7046 1722 5324 4956 81 1437 508 285 79 929 712 674 84 4875 217 149
internal_count=14862 7297 2052 402 261 1650 1336 303 7565 270 7295 249 219 164 7046 1722 5324 4956 81 1437 508 285 79 929 712 674 84 4875 217 149
is_linear=0
shrinkage=0.05


Tree=64
num_leaves=31
num_cat=0
split_feature=4 19 23 19 19 19 19 19 7 14 19 11 19 3 1 1 1 2 2 7 2 5 7 5 14 10 12 11 10 8
split_gain=134.778 17.4753 2.99714 5.19774 6.91493 1.25215 1.25626 2.81702 0.921765 1.7745 1.52144 2.87773 1.99579 1.80625 1.39979 1.56401 1.27743 1.24821 2.15239 2.59383 1.42901 1.13343 2.14561 1.66731 1.18628 1.59889 1.28205 1.26611 1.56418 2.01667
threshold=1.0000000180025095e-35 45.500000000000007 3.5000000000000004 50.500000000000007 59.500000000000007 48.500000000000007 54.500000000000007 57.500000000000007 0.25100000000000006 85.788888888888906 54.500000000000007 0.017638888888888895 62.500000000000007 1.8333333333333337 0.19500000000000003 0.22833333333333339 0.17416666666666669 0.0033333333333333327 0.015833333333333328 0.012000000000000005 0.010000000000000007 4.5500000000000007 0.1463333333333334 4.9000000000000012 85.472222222222243 3.3166666666666669 0.099500000000000019 0.23292857142857146 3.5857142857142863 3.3666666666666671
decision_type=2 2 2 2 2 2 2 2 2 2 2 2 2 2 2 2 2 2 2 2 2 2 2 2 2 2 2 2 2 2
left_child=1 -1 5 -4 -5 -3 -7 -8 10 -10 14 12 13 -12 16 -16 -2 -13 19 -19 -21 24 -23 -24 27 26 -26 -20 29 -29
right_child=8 2 3 4 -6 6 7 -9 9 -11 11 17 -14 -15 15 -17 -18 18 21 20 -22 22 23 -25 25 -27 -28 28 -30 -31
leaf_value=-0.0018762069605558066 -0.00080835512091259609 -0.0018762069605558066 -0.0018762069605558066 0.0019710418032798604 -0.0018762069605558066 -0.0018762069605558066 0.038849105539444199 -0.0018762069605558066 -0.014793818531968407 0.045664613338425024 0.037034245034253697 -0.051707446995581274 -0.0090326086441099417 0.15118816649372485 -0.036987661982907927 -0.0015355256091637683 0.043292274585715843 0.00539181637864403 -0.013689585676429356 0.12644833103416564 0.20011563127679552 0.00010068255645502566 0.17520496791441342 0.054467021778676954 0.15582278229056692 -0.012062265607251666 0.01147358526095197 -0.0046258748148423068 -0.01657735001090346 0.1661317751140366
leaf_weight=5245 4577 314 141 128 133 1033 87 216 186 84 60 43 37 36 158 395 78 116 563 58 40 440 30 130 42 276 49 30 107 30
leaf_count=5245 4577 314 141 128 133 1033 87 216 186 84 60 43 37 36 158 395 78 116 563 58 40 440 30 130 42 276 49 30 107 30
internal_value=-0.00486307 -0.00971118 -0.00579922 -0.00192786 0.00225096 -0.00674242 -0.00741018 -0.00457921 -0.000186715 -0.00305556 -8.05346e-05 0.00106013 0.00817669 0.0119792 -0.000537634 -0.00291591 -0.000255102 0.000575742 0.000765306 0.00549065 0.0114796 0.000169417 0.00191667 0.006875 -0.000786235 0.0015327 0.00728022 -0.00195205 0.00187126 0.00833333
internal_weight=14862 7297 2052 402 261 1650 1336 303 7565 270 7295 2087 133 96 5208 553 4655 1954 1911 214 98 1697 600 160 1097 367 91 730 167 60
internal_count=14862 7297 2052 402 261 1650 1336 303 7565 270 7295 2087 133 96 5208 553 4655 1954 1911 214 98 1697 600 160 1097 367 91 730 167 60
is_linear=0
shrinkage=0.05


Tree=65
num_leaves=31
num_cat=0
split_feature=4 19 23 19 19 4 12 19 10 12 14 3 5 2 0 7 4 6 6 14 1 7 11 17 7 5 26 7 7 3
split_gain=133.693 16.1047 4.14473 6.38806 9.02904 1.60374 1.41405 1.29068 1.17178 1.15828 2.35552 1.76371 2.55276 1.31119 6.03749 1.41496 1.38061 1.20143 1.87499 1.78328 1.70206 2.88767 1.53366 1.27569 1.13324 1.08513 1.06657 1.04699 2.32453 2.36386
threshold=1.0000000180025095e-35 45.500000000000007 3.5000000000000004 51.500000000000007 59.500000000000007 88.583333333333357 1.0000000180025095e-35 48.500000000000007 7.354166666666667 0.02105555555555556 74.183333333333351 11.41666666666667 4.5500000000000007 0.03999999999999998 5.5833333333333348 0.071000000000000021 87.833333333333357 0.12000000000000002 0.2429166666666667 82.211111111111123 0.054166666666666696 0.025500000000000002 0.0852777777777778 5.5000000000000009 0.017750000000000005 5.9000000000000012 1.0000000180025095e-35 0.054000000000000027 0.060000000000000032 5.166666666666667
decision_type=2 2 2 2 2 2 2 2 2 2 2 2 2 2 2 2 2 2 2 2 2 2 2 2 2 2 2 2 2 2
left_child=1 -1 -3 7 -5 8 -7 -4 9 10 -2 13 -13 14 15 16 17 20 -19 -20 22 -22 23 26 -25 27 -11 -15 29 -29
right_child=5 2 3 4 -6 6 -8 -9 -10 11 -12 12 -14 25 -16 -17 -18 18 19 -21 21 -23 -24 24 -26 -27 -28 28 -30 -31
leaf_value=-0.0017823966125280163 0.00095846611261563583 -0.0017823966125280163 -0.032867829400446275 0.0018724897131158658 -0.0017823966125280163 -0.017010896811227107 0.0095429742289875677 -0.0017823966125280163 0.075906686054382555 0.0036183563559098911 -0.011658920289291773 0.11183317998529572 -0.032008438743246825 -0.0080619737110848907 0.14566238755616395 0.078804812288678 -0.044619180224009514 -0.032401413268069293 0.087532704660932173 -0.039031752631032882 -0.0044951813022003463 0.052305876451973599 -0.03114039450407623 0.080751962069726749 -0.016935384077216422 -0.021887212065991181 0.081536778912468327 -0.0088552681348487063 -0.0014155511070634398 0.11890085723011559
leaf_weight=5280 385 1643 30 127 140 306 2836 113 56 43 822 57 43 444 59 58 58 185 71 39 64 57 38 33 177 245 44 36 1463 42
leaf_count=5280 385 1643 30 127 140 306 2836 113 56 43 822 57 43 444 59 58 58 185 71 39 64 57 38 33 177 245 44 36 1463 42
internal_value=-0.00495365 -0.00977942 -0.00602168 -0.00152439 0.00304307 -0.000334486 0.0005331 -0.0100524 -0.000937707 -0.0010279 -0.00235087 -0.000537469 0.006 -0.000744613 0.000836933 -0.000216263 -0.000757108 -0.000183089 -0.00266949 0.0025 0.00142544 0.00650826 -0.000410448 0.000799663 -0.00130952 -0.00140135 0.0058908 -0.00101385 -0.000397469 0.00801282
internal_weight=14994 7333 2053 410 267 7661 3142 143 4519 4463 1207 3256 100 3156 926 867 809 751 295 110 456 121 335 297 210 2230 87 1985 1541 78
internal_count=14994 7333 2053 410 267 7661 3142 143 4519 4463 1207 3256 100 3156 926 867 809 751 295 110 456 121 335 297 210 2230 87 1985 1541 78
is_linear=0
shrinkage=0.05


Tree=66
num_leaves=31
num_cat=0
split_feature=4 19 23 19 19 4 9 19 4 14 19 8 8 11 2 7 5 14 12 19 11 8 19 1 8 10 10 11 6 6
split_gain=132.77 16.1047 4.14473 6.38806 9.02904 1.60672 1.60201 1.5452 1.51898 1.74023 1.29068 1.04293 1.9519 2.47703 1.10238 1.06147 1.66612 1.04453 1.33754 1.04179 2.83057 2.2805 1.99731 1.55826 1.55271 1.53233 1.33648 1.85048 1.36546 1.59985
threshold=1.0000000180025095e-35 45.500000000000007 3.5000000000000004 51.500000000000007 59.500000000000007 88.583333333333357 84.100000000000009 44.500000000000007 87.166666666666671 87.472222222222243 48.500000000000007 9.1000000000000014 9.4500000000000011 0.15049999999999999 0.40166666666666673 0.099000000000000046 4.7750000000000012 78.527777777777786 0.019500000000000007 50.500000000000007 0.073666666666666686 9.5500000000000025 67.500000000000014 0.035833333333333349 7.6333333333333337 4.3166666666666673 5.9500000000000011 0.14950000000000005 0.26900000000000007 0.36700000000000005
decision_type=2 2 2 2 2 2 2 2 2 2 2 2 2 2 2 2 2 2 2 2 2 2 2 2 2 2 2 2 2 2
left_child=1 -1 -3 10 -5 7 -7 8 9 -2 -4 14 -13 15 -9 17 -17 18 -14 -8 21 24 -22 -23 -21 -25 27 -24 -29 -30
right_child=5 2 3 4 -6 6 19 11 -10 -11 -12 12 13 -15 -16 16 -18 -19 -20 20 22 23 26 25 -26 -27 -28 28 29 -31
leaf_value=-0.0016932767819016156 -0.0045299115967631035 -0.0016932767819016156 -0.031224437930423961 0.0017788652274600748 -0.0016932767819016156 0.072660213663076276 -0.0030708490296772698 -0.001885087381877873 -0.037686371184372673 0.068115879351160008 -0.0016932767819016156 0.049936353436646846 -0.0066753380775406712 0.19734564110996694 0.080234141675114057 0.041641722802113368 -0.020369149426178613 -0.023564826741693093 0.052787540218323707 0.043751703394945766 -0.019949223838392829 -0.036664135036291255 -0.027613312169298982 -0.0011885467211972256 0.1032129123019026 0.12864499316948239 -0.037292745128393277 0.17385145383520167 -0.043093186374938641 0.091956877363663411
leaf_weight=5280 633 1643 30 127 140 65 1918 3194 117 52 113 57 33 35 34 48 35 249 32 238 411 110 34 32 88 30 76 57 36 47
leaf_count=5280 633 1643 30 127 140 65 1918 3194 117 52 113 57 33 35 34 48 35 249 32 238 411 110 34 32 88 30 76 57 36 47
internal_value=-0.00497032 -0.00977942 -0.00602168 -0.00152439 0.00304307 -0.000367119 0.000501273 -0.000970901 -0.00296135 -0.00206204 -0.0100524 -0.000541431 0.00161043 0.000462963 -0.00086741 -0.000661209 0.00436747 -0.00199045 0.00365385 0.000337179 0.00152071 0.00436747 -0.000624054 -0.000290698 0.00682515 0.00604839 0.0029 0.00531609 0.00785714 0.00376506
internal_weight=14994 7333 2053 410 267 7661 3142 4519 802 685 143 3717 489 432 3228 397 83 314 65 3077 1159 498 661 172 326 62 250 174 140 83
internal_count=14994 7333 2053 410 267 7661 3142 4519 802 685 143 3717 489 432 3228 397 83 314 65 3077 1159 498 661 172 326 62 250 174 140 83
is_linear=0
shrinkage=0.05


Tree=67
num_leaves=31
num_cat=0
split_feature=9 19 23 19 19 19 9 12 11 9 12 6 3 2 8 19 2 11 13 10 0 13 11 2 3 1 12 6 6 0
split_gain=133.139 16.1047 4.14473 6.38806 9.02904 1.29068 1.04593 1.30286 2.16736 1.71965 1.43123 1.53636 1.57476 1.4096 1.40917 1.34624 1.81859 3.28757 1.35413 1.41805 1.65071 1.23775 2.24106 1.27551 1.23181 1.13219 1.56566 1.55401 2.4958 1.38889
threshold=1.0000000180025095e-35 45.500000000000007 3.5000000000000004 51.500000000000007 59.500000000000007 48.500000000000007 88.63333333333334 0.077321428571428596 0.010500000000000004 89.100000000000009 0.09183333333333335 0.015500000000000003 4.8333333333333348 0.12000000000000004 8.5500000000000025 50.500000000000007 0.07583333333333335 0.10950000000000003 10.050000000000002 4.7888888888888896 4.5833333333333348 11.211111111111112 0.071833333333333346 0.040000000000000022 6.166666666666667 0.056666666666666664 0.10763888888888891 0.18366666666666673 0.26900000000000007 4.8333333333333348
decision_type=2 2 2 2 2 2 2 2 2 2 2 2 2 2 2 2 2 2 2 2 2 2 2 2 2 2 2 2 2 2
left_child=1 -1 -3 5 -5 -4 21 9 -9 -8 14 -12 -13 15 -10 -11 17 18 19 20 24 -2 23 -23 -17 26 -14 -27 -29 -30
right_child=6 2 3 4 -6 -7 7 8 10 13 11 12 25 -15 -16 16 -18 -19 -20 -21 -22 22 -24 -25 -26 27 -28 28 29 -31
leaf_value=-0.0016086129428065348 -0.0019709022643065789 -0.0016086129428065348 -0.029663216033902762 0.0016899219660870713 -0.0016086129428065348 -0.0016086129428065348 -0.039784013484037532 0.073062795451220852 0.0058075132990709211 -0.0028322063192008475 -0.054071113738925092 0.17159958321031613 -0.028362895151176445 -0.074116968278738288 0.13310965867961369 0.025733170677289377 0.13371985927648911 -0.016519058513947499 -0.045454900968260631 0.11825617229957874 -0.027782560593853423 -0.014093518373110509 0.14377220908023475 0.033943490389581346 0.091781046681547976 -0.028916158583910397 0.063377451199833429 0.12823122164478956 0.11167092036380946 -0.070409960217485426
leaf_weight=5280 4826 1643 30 127 140 113 79 53 61 1375 35 44 39 54 39 89 47 124 52 43 54 88 30 48 60 188 114 44 30 45
leaf_count=5280 4826 1643 30 127 140 113 79 53 61 1375 35 44 39 54 39 89 47 124 52 43 54 88 30 48 60 188 114 44 30 45
internal_value=-0.00496365 -0.00977942 -0.00602168 -0.00152439 0.00304307 -0.0100524 -0.000354066 0.000444923 0.00231214 -0.000208649 0.00150626 0.000487013 0.00119048 9.22023e-05 0.007 0.00032538 0.00263859 0.00159953 0.00444631 0.00599593 0.00424877 -0.00078125 0.00346386 0.000735294 0.00696309 0.000326087 0.00383987 -0.00142508 0.00304622 -0.0025
internal_weight=14994 7333 2053 410 267 143 7661 2669 692 1977 639 539 504 1898 100 1844 469 422 298 246 203 4992 166 136 149 460 153 307 119 75
internal_count=14994 7333 2053 410 267 143 7661 2669 692 1977 639 539 504 1898 100 1844 469 422 298 246 203 4992 166 136 149 460 153 307 119 75
is_linear=0
shrinkage=0.05


Tree=68
num_leaves=31
num_cat=0
split_feature=4 19 23 19 19 19 4 9 12 14 13 14 14 13 8 0 19 1 19 3 7 24 12 10 19 23 19 11 13 0
split_gain=133.139 16.1047 4.14473 6.38806 9.02904 1.29068 1.08047 1.35421 1.31939 2.54137 1.69805 3.3675 1.19946 1.08697 1.38657 1.88143 1.18811 0.992273 1.19514 1.44463 1.13461 0.957315 1.14739 1.37446 1.15976 1.06271 1.47575 2.17637 1.80495 1.44644
threshold=1.0000000180025095e-35 45.500000000000007 3.5000000000000004 51.500000000000007 59.500000000000007 48.500000000000007 88.583333333333357 84.100000000000009 0.02105555555555556 76.527777777777786 11.050000000000002 85.105555555555569 88.105555555555569 10.316666666666668 9.1000000000000014 2.4166666666666674 48.500000000000007 0.31416666666666676 51.500000000000007 3.1666666666666674 0.010000000000000005 4.5000000000000009 1.0000000180025095e-35 2.183333333333334 50.500000000000007 2.5000000000000004 67.500000000000014 0.13414285714285717 11.292857142857146 6.8333333333333348
decision_type=2 2 2 2 2 2 2 2 2 2 2 2 2 2 2 2 2 2 2 2 2 2 2 2 2 2 2 2 2 2
left_child=1 -1 -3 5 -5 -4 8 -8 9 17 13 -12 -11 14 -10 -16 -17 18 -2 -20 -19 22 23 -9 -25 29 28 -28 -27 -24
right_child=6 2 3 4 -6 -7 7 21 10 12 11 -13 -14 -15 15 16 -18 20 19 -21 -22 -23 25 24 -26 26 27 -29 -30 -31
leaf_value=-0.001528182295666208 -0.00016574511027768192 -0.001528182295666208 -0.028180055232207624 0.0016054258677827172 -0.001528182295666208 -0.001528182295666208 0.069125748093137804 0.029072880404254348 -0.0018429473126893776 -0.014521798434065345 0.075026462708410471 0.008477390989065926 0.051637607481972436 -0.024746108296750759 0.12325416177176299 -0.030624441836307022 0.01858526015891834 0.0089884969153757495 0.00272048610371326 0.15346728446376062 -0.014605882117021608 -0.017948079024346971 0.020355210787768713 -0.033137959023838419 0.013175693517673094 -0.023585080673371114 -0.071214190722441298 0.082766168629101161 0.013795790825975552 -0.035346301548340654
leaf_weight=5280 358 1643 30 127 140 113 65 64 2874 596 31 75 52 107 31 30 151 32 63 57 62 148 1619 191 37 506 32 201 145 134
leaf_count=5280 358 1643 30 127 140 113 65 64 2874 596 31 75 52 107 31 30 151 32 63 57 62 148 1619 191 37 506 32 201 145 134
internal_value=-0.00496365 -0.00977942 -0.00602168 -0.00152439 0.00304307 -0.0100524 -0.000354066 0.000358052 -0.000849192 -0.0022541 -0.000329645 0.00589623 -0.00439815 -0.000536329 -0.00036455 0.00353774 0.0015884 0.000174825 0.00109833 0.00541667 -0.00452128 0.000207182 0.000405428 -0.00256849 -0.00438596 0.000734736 -0.000678733 0.00273605 -0.00190092 0.00144752
internal_weight=14994 7333 2053 410 267 143 7661 3142 4519 1220 3299 106 648 3193 3086 212 181 572 478 120 94 3077 2929 292 228 2637 884 233 651 1753
internal_count=14994 7333 2053 410 267 143 7661 3142 4519 1220 3299 106 648 3193 3086 212 181 572 478 120 94 3077 2929 292 228 2637 884 233 651 1753
is_linear=0
shrinkage=0.05


Tree=69
num_leaves=31
num_cat=0
split_feature=4 19 23 19 19 19 4 9 12 14 13 14 13 8 4 2 4 14 19 19 24 13 12 6 3 9 2 12 12 7
split_gain=133.508 16.1047 4.14473 6.38806 9.02904 1.29068 0.99436 1.36025 1.22937 1.71842 1.68979 3.3675 1.09385 1.06152 1.12328 1.27361 1.10455 1.05181 0.930671 1.69265 0.930058 1.18557 1.00967 0.923521 1.98371 1.6078 1.42972 1.16286 1.44385 1.1294
threshold=1.0000000180025095e-35 45.500000000000007 3.5000000000000004 51.500000000000007 59.500000000000007 48.500000000000007 88.583333333333357 84.100000000000009 0.02105555555555556 76.527777777777786 11.050000000000002 85.105555555555569 10.316666666666668 9.1000000000000014 82.166666666666671 0.045833333333333344 76.416666666666671 88.105555555555569 54.500000000000007 52.500000000000007 1.5000000000000002 6.0500000000000007 0.11112500000000002 0.2155 4.166666666666667 79.100000000000009 0.15500000000000005 0.14236111111111113 0.056125000000000015 0.041000000000000016
decision_type=2 2 2 2 2 2 2 2 2 2 2 2 2 2 2 2 2 2 2 2 2 2 2 2 2 2 2 2 2 2
left_child=1 -1 -3 5 18 -4 8 -8 9 -2 12 -12 13 20 16 -16 -15 -11 19 -5 21 22 -10 -22 29 27 -27 28 -26 -25
right_child=6 2 3 4 -6 -7 7 -9 10 17 11 -13 -14 14 15 -17 -18 -19 -20 -21 23 -23 -24 24 25 26 -28 -29 -30 -31
leaf_value=-0.0014517731808828976 -0.00010229363871361031 -0.0014517731808828976 -0.026771052470597245 0.0015251545743935836 -0.0014517731808828976 -0.0014517731808828976 0.06566946068848091 0.0008951466962598964 -0.022125541088766104 -0.01379570851236208 0.071275139572989948 0.0080535214396126216 -0.023508802881913222 0.0064927965972153088 0.026488271421193657 -0.021137819412992365 0.077340895203411836 0.049055727107873821 0.0067997380748657027 0.0015251545743935836 -0.003396894962784214 0.091716941261624829 0.15417481632798105 0.071679886844049509 -0.0022235295879277973 -0.031250116775206449 0.034890367691609012 -0.018737035288445544 0.11473021113223965 0.023922242307244823
leaf_weight=5280 572 1643 30 44 140 113 65 3077 62 596 31 75 107 40 37 87 48 52 44 39 2169 47 33 82 33 171 58 54 40 125
leaf_count=5280 572 1643 30 44 140 113 65 3077 62 596 31 75 107 40 37 87 48 52 44 39 2169 47 33 82 33 171 58 54 40 125
internal_value=-0.00495698 -0.00977942 -0.00602168 -0.00152439 0.00304307 -0.0100524 -0.000341013 0.000342139 -0.000815999 -0.00217213 -0.000314489 0.00589623 -0.00052067 -0.000348347 0.00306604 0 0.00738636 -0.00393519 0.0126969 0.0158133 -0.000600209 0.00334507 0.000131579 -0.000805271 0.000999112 -0.00126404 -0.00376638 0.00324803 0.00736301 0.0048913
internal_weight=14994 7333 2053 410 267 143 7661 3142 4519 1220 3299 106 3193 3086 212 124 88 648 127 83 2874 142 95 2732 563 356 229 127 73 207
internal_count=14994 7333 2053 410 267 143 7661 3142 4519 1220 3299 106 3193 3086 212 124 88 648 127 83 2874 142 95 2732 563 356 229 127 73 207
is_linear=0
shrinkage=0.05


Tree=70
num_leaves=31
num_cat=0
split_feature=4 19 23 19 19 19 19 1 19 1 8 24 1 7 19 8 11 9 4 19 9 8 8 10 12 14 6 8 25 23
split_gain=131.892 17.2515 4.16768 5.44957 8.00632 1.2983 1.51049 1.15186 1.93442 1.40362 1.32836 1.29812 1.21723 1.17335 1.1678 0.97507 0.950202 0.910264 1.68705 1.5044 1.40796 1.38306 0.991157 1.22156 0.890329 1.03342 0.864636 2.03253 0.808782 0.808635
threshold=1.0000000180025095e-35 45.500000000000007 3.5000000000000004 50.500000000000007 59.500000000000007 54.500000000000007 52.500000000000007 0.19500000000000003 56.500000000000007 0.17666666666666672 5.9000000000000012 4.5000000000000009 0.25166666666666676 0.075500000000000025 60.500000000000007 5.7083333333333348 0.31550000000000006 82.77500000000002 83.166666666666671 73.500000000000014 76.366666666666688 3.9000000000000004 5.366666666666668 4.3166666666666673 0.13267857142857145 86.472222222222243 0.35633333333333334 4.7750000000000012 1.5000000000000002 1.5000000000000002
decision_type=2 2 2 2 2 2 2 2 2 2 2 2 2 2 2 2 2 2 2 2 2 2 2 2 2 2 2 2 2 2
left_child=1 29 -3 -4 5 6 -5 9 -9 16 -11 12 14 -12 -10 -16 28 19 -19 20 -14 -21 24 -24 25 -20 27 -22 -2 -1
right_child=7 2 3 4 -6 -7 -8 8 11 10 13 -13 17 -15 15 -17 -18 18 22 21 26 -23 23 -25 -26 -27 -28 -29 -30 -31
leaf_value=-0.0013791845218387526 -0.00051462357306406579 -0.0013791845218387526 -0.0013791845218387526 0.0014488968456739027 -0.0013791845218387526 0.0064597511711224189 0.0014488968456739027 -0.0083494926701755626 0.16564077544822442 0.0017829017020500868 0.17863916456367893 -0.034734018407112079 0.028647201535462644 0.086881648947124121 0.17698840869410906 -0.021856703064867446 -0.02924010887936055 0.17883630084164992 0.065472953452866439 -0.011353577771491997 0.098692355132757509 0.13235336981686432 0.090556441375695657 -0.047674807674047082 0.15527093383190513 -0.025881709627504437 -0.053199042311419545 -0.055745572090956666 0.075683862236005622 -0.0013791845218387526
leaf_weight=1101 5939 1640 136 49 137 52 39 669 31 70 30 40 59 31 54 51 53 38 65 32 38 31 40 127 33 54 51 62 32 4211
leaf_count=1101 5939 1640 136 49 137 52 39 669 31 70 30 40 59 31 54 51 53 38 65 32 38 31 40 127 33 54 51 62 32 4211
internal_value=-0.00497082 -0.00974372 -0.00585119 -0.00136199 0.00266245 0.0110714 0.0147727 -0.000363696 -0.00161864 -6.29569e-05 0.00505725 3.10174e-05 0.000489556 0.0104508 0.00477941 0.0022619 -0.000174303 -0.000436508 0.00122549 -0.00260989 -0.00464286 0.00416667 3.9185e-05 -0.00261976 0.00296053 0.000945378 -0.00720199 -0.0045 -0.00011514 -0.0112481
internal_weight=14995 7365 2053 413 277 140 88 7630 1475 6155 131 806 766 61 136 105 6024 630 357 273 210 63 319 167 152 119 151 100 5971 5312
internal_count=14995 7365 2053 413 277 140 88 7630 1475 6155 131 806 766 61 136 105 6024 630 357 273 210 63 319 167 152 119 151 100 5971 5312
is_linear=0
shrinkage=0.05


Tree=71
num_leaves=31
num_cat=0
split_feature=4 19 23 19 19 19 19 1 19 5 5 11 14 3 7 7 5 1 0 11 13 2 10 1 3 14 9 10 12 13
split_gain=132.446 17.2515 4.16768 5.44957 8.00632 1.2983 1.51049 1.00619 1.93983 1.62301 1.52212 1.71468 2.00256 1.63655 1.57997 1.33609 1.11556 3.93658 3.11401 3.81098 2.83404 2.08139 1.72627 2.25694 1.73961 1.65653 2.31998 1.60409 1.59476 1.44125
threshold=1.0000000180025095e-35 45.500000000000007 3.5000000000000004 50.500000000000007 59.500000000000007 54.500000000000007 52.500000000000007 0.19500000000000003 55.500000000000007 4.4500000000000011 6.366666666666668 0.31550000000000006 83.050000000000011 7.8333333333333348 0.15900000000000006 0.082250000000000031 2.5500000000000003 0.054166666666666696 2.4166666666666674 0.011000000000000015 8.7638888888888911 0.10166666666666667 2.183333333333334 0.084166666666666681 3.5833333333333335 65.666666666666671 73.450000000000017 2.5634920634920637 0.12725000000000003 8.3166666666666682
decision_type=2 2 2 2 2 2 2 2 2 2 2 2 2 2 2 2 2 2 2 2 2 2 2 2 2 2 2 2 2 2
left_child=1 -1 -3 -4 5 6 -5 16 -9 -10 11 13 -13 15 -12 -11 17 18 27 -20 21 22 23 -19 -24 -18 29 -2 -29 -27
right_child=7 2 3 4 -6 -7 -8 8 9 10 14 12 -14 -15 -16 -17 25 20 19 -21 -22 -23 24 -25 -26 26 -28 28 -30 -31
leaf_value=-0.001310225295746815 -0.0046681884284713957 -0.001310225295746815 -0.001310225295746815 0.001376452003390205 -0.001310225295746815 0.0061367636125662988 0.001376452003390205 -0.0079320180366667884 -0.015374954362451666 0.045862471968322077 -0.036561731829281151 0.10772304881663178 -0.031373709223053006 0.019326248850882011 0.093869429651359637 0.24222972041370494 0.011940273439587958 0.20766665771120341 0.00035534328160066189 0.12594593848188587 0.08017774887540173 0.041522382864724365 0.00094589577857540075 0.0021609341060808891 -0.0080565757158742365 -0.013090352961649499 -0.0010069633888366515 0.069854829401516744 -0.044645726841537586 0.042951839957098552
leaf_weight=5312 1028 1640 136 49 137 52 39 621 469 32 101 47 93 33 49 30 56 43 100 64 53 82 36 111 146 349 3840 175 31 41
leaf_count=5312 1028 1640 136 49 137 52 39 621 469 32 101 47 93 33 49 30 56 43 100 64 53 82 36 111 146 349 3840 175 31 41
internal_value=-0.00496082 -0.00974372 -0.00585119 -0.00136199 0.00266245 0.0110714 0.0147727 -0.000344037 -0.00151695 2.9274e-05 0.00243506 0.00494681 0.00142857 0.0101316 -0.0015 0.0149194 -6.29569e-05 0.000956394 -0.000375536 0.00609756 0.00490977 0.00352871 0.00178571 0.00568182 -0.00151099 -0.000507466 -0.000620567 -0.00123582 0.00279126 -0.00429487
internal_weight=14995 7365 2053 413 277 140 88 7630 1475 854 385 235 140 95 150 62 6155 1869 1398 164 471 418 336 154 182 4286 4230 1234 206 390
internal_count=14995 7365 2053 413 277 140 88 7630 1475 854 385 235 140 95 150 62 6155 1869 1398 164 471 418 336 154 182 4286 4230 1234 206 390
is_linear=0
shrinkage=0.05


Tree=72
num_leaves=31
num_cat=0
split_feature=9 23 23 24 0 11 12 3 0 7 7 10 7 12 17 7 9 5 2 7 5 0 25 3 0 0 0 3 13 7
split_gain=131.156 5.49268 2.77479 0.980323 1.42138 1.45444 1.11291 1.39966 1.0934 0.993907 1.48285 1.10823 1.24316 1.27647 1.7396 0.992957 1.75864 1.41538 1.32738 1.31035 0.862654 1.20364 0.820842 0.83066 1.87601 1.60636 1.71921 1.58858 3.33624 2.17253
threshold=1.0000000180025095e-35 3.5000000000000004 1.5000000000000002 3.7500000000000004 2.1666666666666674 0.1052777777777778 0.13828571428571432 8.8333333333333339 3.1666666666666674 0.099000000000000046 0.077750000000000027 2.8819444444444451 0.027999999999999987 0.017638888888888895 5.5000000000000009 0.035500000000000011 87.100000000000009 3.9000000000000004 0.015833333333333328 0.04366666666666668 3.4500000000000006 4.5833333333333348 1.5000000000000002 1.1666666666666667 1.1666666666666667 3.4166666666666674 2.5833333333333335 3.8333333333333335 4.6458333333333348 0.0040000000000000044
decision_type=2 2 2 2 2 2 2 2 2 2 2 2 2 2 2 2 2 2 2 2 2 2 2 2 2 2 2 2 2 2
left_child=1 2 -1 22 6 15 7 9 -7 10 11 12 13 14 -5 16 17 18 -6 -17 -10 -22 23 24 -2 26 -26 28 29 -25
right_child=3 -3 -4 4 5 8 -8 -9 20 -11 -12 -13 -14 -15 -16 19 -18 -19 -20 -21 21 -23 -24 27 25 -27 -28 -29 -30 -31
leaf_value=-0.0012447140309594744 -0.035662985440994464 -0.0012447140309594744 -0.0012447140309594744 -0.0082703806230190139 0.052094342107542539 -0.033522722143378557 0.038547718178442485 0.067737733169044093 0.008211554600784177 -0.0072731764758831976 0.094054316714995478 -0.040859530206610498 -0.015814811297507267 0.10607327775295153 0.12089612307808016 -0.032255249827145387 -0.016998878587877277 0.11574037408502001 -0.0054863062487061189 -0.0085629699622126968 -0.030623348078175412 -0.015457011610804733 0.082229437010627626 -0.034026136389210204 -0.011524655582678968 -0.016969062659809398 0.062795778308865582 -0.00052080721917862618 0.098327589910649438 0.0044086509225186978
leaf_weight=1160 56 860 5345 85 45 96 31 42 49 43 30 77 70 35 41 56 229 36 53 377 90 199 38 47 168 192 79 4712 80 574
leaf_count=1160 56 860 5345 85 45 96 31 42 49 43 30 77 70 35 41 56 229 36 53 377 90 199 38 47 168 192 79 4712 80 574
internal_value=-0.00498416 -0.00974372 -0.0102402 -0.000389908 -0.00145487 -0.0023374 0.000936123 0.000265957 -0.0046659 -0.000688976 0.000221893 -0.000811688 0.000919913 0.00333851 0.000992063 -0.00106784 0.000860882 0.00541045 0.00229592 -0.00268476 -0.0033284 -0.00436851 -8.82947e-05 -0.00013541 -0.00209596 -0.000996583 0.00167004 4.38759e-05 0.00226462 0.00102657
internal_weight=14995 7365 6505 7630 1684 1230 454 423 434 381 338 308 231 161 126 796 363 134 98 433 338 289 5946 5908 495 439 247 5413 701 621
internal_count=14995 7365 6505 7630 1684 1230 454 423 434 381 338 308 231 161 126 796 363 134 98 433 338 289 5946 5908 495 439 247 5413 701 621
is_linear=0
shrinkage=0.05


Tree=73
num_leaves=31
num_cat=0
split_feature=4 19 23 19 19 24 19 19 7 13 19 5 6 11 6 4 12 8 8 25 23 13 0 5 5 4 14 8 4 8
split_gain=128.414 17.2515 4.16768 5.44957 8.00632 1.4457 1.2983 1.51049 1.19781 1.27004 1.22276 1.41775 1.20876 1.95413 1.09026 2.09284 0.900615 0.866422 1.66532 0.828398 0.808635 0.786378 1.9285 0.950917 1.34162 1.27521 1.79893 0.879733 1.98425 1.81814
threshold=1.0000000180025095e-35 45.500000000000007 3.5000000000000004 50.500000000000007 59.500000000000007 3.7500000000000004 54.500000000000007 52.500000000000007 0.0060000000000000071 5.6833333333333345 70.500000000000014 2.7750000000000004 0.06900000000000002 0.0095000000000000032 0.071000000000000021 84.833333333333357 0.011833333333333336 5.366666666666668 5.1000000000000005 1.5000000000000002 1.5000000000000002 2.3166666666666669 1.1666666666666667 3.6333333333333337 4.366666666666668 89.833333333333357 74.366666666666688 5.1000000000000005 77.166666666666671 4.9000000000000012
decision_type=2 2 2 2 2 2 2 2 2 2 2 2 2 2 2 2 2 2 2 2 2 2 2 2 2 2 2 2 2 2
left_child=1 20 -3 -4 6 19 7 -5 12 17 11 14 13 -7 -11 -16 -13 18 -10 21 -1 22 -2 25 -25 26 -24 28 -23 -30
right_child=5 2 3 4 -6 8 -8 -9 9 10 -12 16 -14 -15 15 -17 -18 -19 -20 -21 -22 27 23 24 -26 -27 -28 -29 29 -31
leaf_value=-0.0011824783294115005 -0.033879836168944744 -0.0011824783294115005 -0.0011824783294115005 0.0013698651047686695 -0.0011824783294115005 0.0059783813281808519 0.0058921611334859575 0.0013698651047686695 -0.0078960856626382938 -0.0012482705849557907 0.095594769313498251 -0.045195119622712311 -0.011661367093951713 0.090285587617107685 -0.0011980433954367209 0.18185217495628497 -0.0092378501135934772 -0.031708649973400414 0.058976128115649763 0.078117965160096239 -0.0011824783294115005 -0.00099378819341365836 0.022611251056680898 -0.045585755877357186 0.012279686562307513 0.017727300482776098 -0.032906997320399936 -0.00090787689268398983 0.014461102054273291 0.14597459175421537
leaf_weight=1101 56 1640 136 49 137 147 52 39 390 184 47 41 49 31 42 31 594 92 36 38 4211 640 44 98 97 233 79 3912 658 91
leaf_count=1101 56 1640 136 49 137 147 52 39 390 184 47 41 49 31 42 31 594 92 36 38 4211 640 44 98 97 233 79 3912 658 91
internal_value=-0.00503418 -0.00974372 -0.00585119 -0.00136199 0.00266245 -0.000488204 0.0110714 0.0147727 -0.00178147 -0.00230782 -0.0012114 -0.00162556 0.00159692 0.00351124 0.00150778 0.00667808 -0.0028937 -0.00429537 -0.00334507 -0.000121931 -0.0112481 -0.000169262 -0.00187397 -0.000975499 -0.00378205 0.000561798 -0.00355691 2.59385e-05 0.00110691 0.00285381
internal_weight=14995 7365 2053 413 277 7630 140 88 1684 1457 939 892 227 178 257 73 635 518 426 5946 5312 5908 607 551 195 356 123 5301 1389 749
internal_count=14995 7365 2053 413 277 7630 140 88 1684 1457 939 892 227 178 257 73 635 518 426 5946 5312 5908 607 551 195 356 123 5301 1389 749
is_linear=0
shrinkage=0.05


Tree=74
num_leaves=31
num_cat=0
split_feature=4 19 23 19 19 19 19 25 4 23 19 19 19 19 4 10 4 3 13 13 4 1 19 7 19 3 8 13 11 10
split_gain=128.414 17.2515 4.16768 5.44957 8.00632 1.2983 1.51049 0.911621 0.866032 0.808635 0.766134 1.54825 1.29536 1.02776 0.735486 2.40298 1.38951 1.87785 2.59615 2.289 1.29836 1.28759 1.46492 1.38952 1.18201 1.65221 1.48911 1.82314 1.67205 1.21902
threshold=1.0000000180025095e-35 45.500000000000007 3.5000000000000004 50.500000000000007 59.500000000000007 54.500000000000007 52.500000000000007 1.5000000000000002 90.333333333333357 1.5000000000000002 67.500000000000014 54.500000000000007 57.500000000000007 48.500000000000007 77.416666666666671 1.8660714285714288 79.166666666666671 5.5833333333333348 8.7321428571428594 4.6833333333333345 69.833333333333357 0.2916666666666668 43.500000000000007 0.30300000000000005 68.500000000000014 5.5833333333333348 10.366666666666669 9.0500000000000025 0.15725000000000003 2.9500000000000006
decision_type=2 2 2 2 2 2 2 2 2 2 2 2 2 2 2 2 2 2 2 2 2 2 2 2 2 2 2 2 2 2
left_child=1 9 10 -4 5 6 -5 8 14 -1 11 13 -13 -3 15 20 17 19 -19 -16 -2 22 -17 24 25 -24 27 28 -27 -26
right_child=7 2 3 4 -6 -7 -8 -9 -10 -11 -12 12 -14 -15 16 21 -18 18 -20 -21 -22 -23 23 -25 29 26 -28 -29 -30 -31
leaf_value=-0.0011233544129409256 0.054358645962099862 -0.0011233544129409256 -0.0011233544129409256 0.0013013718495302363 -0.0011233544129409256 0.0055975530768116568 0.0013013718495302363 0.074212066902091409 0.057552893456341896 -0.0011233544129409256 -0.0011233544129409256 0.037565692462059076 -0.0011233544129409256 -0.0011233544129409256 0.010562442341061008 -0.0057489180066273267 -0.0023914659998892419 0.097072606061401168 -0.03121495687744329 -0.032080661037429056 0.0018042159286253247 -0.014209955689531362 -0.0021206598750154681 -0.0063188451378248696 0.064429306343089923 -0.00011720336350813377 -0.015875864985867624 0.079830667918136269 0.10039135905651511 -0.011772157057522527
leaf_weight=1101 40 323 136 49 137 52 39 38 45 4211 77 82 135 1023 86 148 5357 78 30 62 101 259 731 33 34 409 48 46 44 41
leaf_count=1101 40 323 136 49 137 52 39 38 45 4211 77 82 135 1023 86 148 5357 78 30 62 101 259 731 33 34 409 48 46 44 41
internal_value=-0.00503418 -0.00974372 -0.00585119 -0.00136199 0.00266245 0.0110714 0.0147727 -0.000488204 -0.00052687 -0.0112481 -0.00698171 -0.00674184 -0.00282258 -0.0073737 -0.000568107 -0.001409 -0.000278372 0.00332031 0.00833333 -0.000337838 0.00487589 -0.00190323 -0.00135267 -0.000847763 -0.000600517 -0.000958529 0.00111974 0.00192886 0.000965784 0.0055
internal_weight=14995 7365 2053 413 277 140 88 7630 7592 5312 1640 1563 217 1346 7547 1934 5613 256 108 148 141 1793 1534 1386 1353 1278 547 499 453 75
internal_count=14995 7365 2053 413 277 140 88 7630 7592 5312 1640 1563 217 1346 7547 1934 5613 256 108 148 141 1793 1534 1386 1353 1278 547 499 453 75
is_linear=0
shrinkage=0.05


Tree=75
num_leaves=31
num_cat=0
split_feature=4 19 19 19 19 19 6 14 6 10 10 19 5 4 1 12 3 7 5 17 1 1 10 3 10 2 0 12 10 10
split_gain=125.655 18.1396 2.3178 3.1742 2.59487 1.18163 1.72138 1.63162 2.15986 2.26611 2.18013 2.13249 2.74744 2.11382 1.87326 1.2758 2.11428 2.00426 2.33425 2.84644 1.71492 2.50582 1.65812 1.58349 1.5062 1.43823 1.45316 1.43042 1.58548 1.42718
threshold=1.0000000180025095e-35 46.500000000000007 50.500000000000007 48.500000000000007 64.500000000000014 44.500000000000007 0.14900000000000005 87.950000000000017 0.28100000000000008 1.7071428571428573 1.8819444444444446 45.500000000000007 2.3666666666666671 89.833333333333357 0.24833333333333341 0.088166666666666685 3.4166666666666674 0.054000000000000027 2.6333333333333337 6.5000000000000009 0.19666666666666674 0.32500000000000012 2.9500000000000006 11.16666666666667 2.683333333333334 0.065833333333333369 8.4166666666666696 0.13450000000000004 3.9500000000000006 3.8166666666666669
decision_type=2 2 2 2 2 2 2 2 2 2 2 2 2 2 2 2 2 2 2 2 2 2 2 2 2 2 2 2 2 2
left_child=1 -1 3 -3 -4 6 -2 15 9 -9 -11 12 -12 -13 -15 17 -17 -7 19 -19 24 -22 -21 25 -20 27 -27 28 -18 -26
right_child=5 2 4 -5 -6 7 -8 8 -10 10 11 13 -14 14 -16 16 23 18 20 22 21 -23 -24 -25 29 26 -28 -29 -30 -31
leaf_value=-0.0010671866922938795 -0.0038972000298903493 -0.0010671866922938795 -0.0010671866922938795 -0.0010671866922938795 -0.0010671866922938795 -0.0019730889963891496 -0.030777820728673536 0.12340979032209708 -0.027330410201631745 -0.076336000702645082 0.038605869615111914 0.069232108720217567 -0.031186966776503795 0.010619963859190657 0.14789340114646291 0.031389849928002693 -0.032823891536762122 0.13341858327886 -0.039558643687560818 -0.02478120000697023 0.13612627354991599 -0.0036331543051586037 0.10781231732636483 0.035323702446075612 0.0089320874378092368 -0.011031021225631356 0.068187163665239026 0.11594564108108557 0.047238949237943889 -0.010416065641484108
leaf_weight=5312 1620 325 775 784 160 1991 150 31 158 35 30 224 179 1131 49 82 46 41 33 38 55 57 48 58 180 1141 30 31 36 183
leaf_count=5312 1620 325 775 784 160 1991 150 31 158 35 30 224 179 1131 49 82 46 41 33 38 55 57 48 58 180 1141 30 31 36 183
internal_value=-0.00505978 -0.00972675 -0.00572407 -0.00727006 -0.00389037 -0.00057627 -0.00170904 -0.000235689 0.00100027 0.00152621 0.00127427 0.00154216 -0.00316986 0.00224359 0.00139831 -0.000796296 -0.0020014 -0.000142803 0.00230315 0.00836614 0.000787402 0.00625 0.00319767 -0.00247765 -0.000757576 -0.00284268 -0.00336251 0.00254425 -0.000914634 0.000172176
internal_weight=15013 7356 2044 1109 935 7657 1770 5887 1837 1679 1648 1613 209 1404 1180 4050 1424 2626 635 127 508 112 86 1342 396 1284 1171 113 82 363
internal_count=15013 7356 2044 1109 935 7657 1770 5887 1837 1679 1648 1613 209 1404 1180 4050 1424 2626 635 127 508 112 86 1342 396 1284 1171 113 82 363
is_linear=0
shrinkage=0.05


Tree=76
num_leaves=31
num_cat=0
split_feature=9 19 23 19 19 19 19 19 19 24 19 17 5 5 3 3 19 9 6 13 19 24 3 9 19 12 7 9 10 7
split_gain=125.835 18.1396 3.58374 4.74568 9.43773 2.1 1.48248 1.36364 1.31234 1.26629 0.976245 0.902472 1.01829 1.37972 1.48621 2.10369 1.28178 1.45223 1.10024 1.7935 1.52675 1.43855 1.43603 2.0536 1.25056 1.21831 2.98531 2.26032 1.58909 2.67948
threshold=1.0000000180025095e-35 46.500000000000007 3.5000000000000004 50.500000000000007 54.500000000000007 48.500000000000007 52.500000000000007 48.500000000000007 64.500000000000014 4.5000000000000009 47.500000000000007 8.5000000000000018 2.5500000000000003 2.9000000000000004 5.8333333333333348 10.16666666666667 73.500000000000014 84.100000000000009 0.074500000000000025 5.8944444444444457 55.500000000000007 3.2500000000000004 4.166666666666667 78.100000000000009 59.500000000000007 0.060500000000000012 0.047750000000000015 88.100000000000009 4.5857142857142863 0.15100000000000005
decision_type=2 2 2 2 2 2 2 2 2 2 2 2 2 2 2 2 2 2 2 2 2 2 2 2 2 2 2 2 2 2
left_child=1 -1 7 5 6 -4 -5 10 -6 11 -3 -2 -13 14 -14 -16 18 -18 19 20 -15 22 23 -20 -25 26 -24 -28 -27 -30
right_child=9 2 3 4 8 -7 -8 -9 -10 -11 -12 12 13 16 15 -17 17 -19 21 -21 -22 -23 25 24 -26 28 27 -29 29 -31
leaf_value=-0.0010138273576791854 -0.0019942096760248496 -0.0010138273576791854 0.024932857317092195 0.001289662591668417 -0.0010138273576791854 -0.0010138273576791854 0.001289662591668417 -0.0010138273576791854 -0.0010138273576791854 -0.012446978009793025 -0.0010138273576791854 0.022664895608924575 0.0070576050159404493 -0.031546863069868161 -0.039711380043377757 0.034029189010217474 0.11077594766150214 0.012895174879905859 -0.015766887405796227 0.024228945151032688 0.027571861622488616 -0.024303777937663459 -0.0078657593278146365 0.13328369841129487 0.020330533736387491 -0.047330129859692455 0.16595441766862343 0.020177091180903651 -0.043962679780045581 0.085957607491117277
leaf_weight=5312 3821 133 30 45 109 105 41 1344 75 355 162 595 131 285 201 44 53 157 42 831 78 223 221 41 36 229 30 37 146 101
leaf_count=5312 3821 133 30 45 109 105 41 1344 75 355 162 595 131 285 201 44 53 157 42 831 78 223 221 41 36 229 30 37 146 101
internal_value=-0.00505645 -0.00972675 -0.00572407 -0.00151235 0.00231481 -0.00916667 0.0159884 -0.0067648 -0.00407609 -0.00056974 -0.00368644 -0.000427965 0.00015441 -0.000233888 -0.00305851 -0.00535714 0.000189243 0.00392857 -0.000152174 0.000900335 -0.00203168 -0.00128843 -0.00038222 0.00472689 0.00957792 -0.00117801 0.00138889 0.0106343 -0.00273109 5.06073e-05
internal_weight=15013 7356 2044 405 270 135 86 1639 184 7657 295 7302 3481 2886 376 245 2510 210 2300 1194 363 1106 883 119 77 764 288 67 476 247
internal_count=15013 7356 2044 405 270 135 86 1639 184 7657 295 7302 3481 2886 376 245 2510 210 2300 1194 363 1106 883 119 77 764 288 67 476 247
is_linear=0
shrinkage=0.05


Tree=77
num_leaves=31
num_cat=0
split_feature=4 19 23 19 19 19 19 19 19 24 19 19 19 19 14 24 7 19 9 11 23 0 11 4 10 12 7 14 13 2
split_gain=125.118 18.1396 3.58374 4.74568 9.43773 2.1 1.48248 1.36364 1.31234 1.12544 0.976245 0.876115 2.26114 0.9062 0.817449 1.52077 1.56994 1.37064 3.89835 3.70408 3.04972 1.74162 2.16548 1.46415 2.08285 1.42204 2.22712 1.96512 1.29345 1.18626
threshold=1.0000000180025095e-35 46.500000000000007 3.5000000000000004 50.500000000000007 54.500000000000007 48.500000000000007 52.500000000000007 48.500000000000007 64.500000000000014 4.5000000000000009 47.500000000000007 54.500000000000007 57.500000000000007 67.500000000000014 85.527777777777786 3.7500000000000004 0.0060000000000000071 45.500000000000007 86.90000000000002 0.045277777777777785 2.5000000000000004 5.5833333333333348 0.34316666666666673 88.166666666666671 2.2361111111111116 0.16950000000000001 0.063666666666666691 88.183333333333351 7.6833333333333345 1.0000000180025095e-35
decision_type=2 2 2 2 2 2 2 2 2 2 2 2 2 2 2 2 2 2 2 2 2 2 2 2 2 2 2 2 2 2
left_child=1 -1 7 5 6 -4 -5 10 -6 14 -3 -9 -13 -14 15 -2 -17 18 19 -16 -19 -22 25 28 29 26 -23 -27 -20 -25
right_child=9 2 3 4 8 -7 -8 11 -10 -11 -12 12 13 -15 17 16 -18 20 23 -21 21 22 -24 24 -26 27 -28 -29 -30 -31
leaf_value=-0.00096313598979522609 -0.0008202238089293157 -0.00096313598979522609 0.023686214451237586 0.0012251794620849966 -0.00096313598979522609 -0.00096313598979522609 0.0012251794620849966 -0.00096313598979522609 -0.00096313598979522609 -0.011824629109303375 -0.00096313598979522609 0.035791458541454768 -0.00096313598979522609 -0.00096313598979522609 0.12425539827194561 0.056212640323229882 -0.007736086325478151 0.032135038491301594 -0.035145783923368583 -0.0031550826931674991 -0.010157294739692131 0.12153101643888996 -0.027929385815579327 0.071205536393128446 -0.012837256434287523 0.17084102847919186 -0.0019418409107947677 0.048248285607694411 -0.0020647681619353486 0.01323447802798816
leaf_weight=5312 2964 133 30 45 109 105 41 1041 75 355 162 83 138 82 42 43 630 1120 133 56 922 38 71 35 848 32 86 30 86 166
leaf_count=5312 2964 133 30 45 109 105 41 1041 75 355 162 83 138 82 42 43 630 1120 133 56 922 38 71 35 848 32 86 30 86 166
internal_value=-0.00506977 -0.00972675 -0.00572407 -0.00151235 0.00231481 -0.00916667 0.0159884 -0.0067648 -0.00407609 -0.00059586 -0.00368644 -0.00744048 -0.00507426 -0.00772727 -0.000462202 -0.000993264 -0.00313893 6.48022e-05 -0.0011896 0.00841837 0.000810135 -0.000964801 0.0026751 -0.00193218 -0.00115586 0.00551075 0.00241935 0.0116935 -0.00565068 0.0034204
internal_weight=15013 7356 2044 405 270 135 86 1639 184 7657 295 1344 303 220 7302 3637 673 3665 1366 98 2299 1179 257 1268 1049 186 124 62 219 201
internal_count=15013 7356 2044 405 270 135 86 1639 184 7657 295 1344 303 220 7302 3637 673 3665 1366 98 2299 1179 257 1268 1049 186 124 62 219 201
is_linear=0
shrinkage=0.05


Tree=78
num_leaves=31
num_cat=0
split_feature=9 19 23 19 19 19 19 19 19 19 7 7 14 7 3 11 12 3 7 2 24 12 9 12 12 14 14 0 11 10
split_gain=125.297 18.1396 3.58374 4.74568 9.43773 2.1 1.48248 1.36364 1.31234 0.976245 0.932018 1.52087 1.30675 1.23437 1.07903 1.65514 1.07178 1.02821 1.68242 1.14405 1.02007 1.10059 2.16259 1.12058 1.18433 1.56522 2.01048 1.39135 1.1688 2.03173
threshold=1.0000000180025095e-35 46.500000000000007 3.5000000000000004 50.500000000000007 54.500000000000007 48.500000000000007 52.500000000000007 48.500000000000007 64.500000000000014 47.500000000000007 0.25100000000000006 0.24100000000000005 85.788888888888906 0.37200000000000005 11.833333333333334 0.14354166666666671 0.0078888888888888915 12.500000000000002 0.020000000000000014 0.061666666666666696 4.5000000000000009 0.21414285714285719 89.100000000000009 0.093541666666666676 0.13612500000000002 89.316666666666677 89.950000000000017 3.5833333333333335 0.17050000000000001 4.1339285714285721
decision_type=2 2 2 2 2 2 2 2 2 2 2 2 2 2 2 2 2 2 2 2 2 2 2 2 2 2 2 2 2 2
left_child=1 -1 7 5 6 -4 -5 9 -6 -3 11 14 13 -12 20 16 -16 18 -18 -20 21 23 -23 -2 25 28 -27 -28 -25 -30
right_child=10 2 3 4 8 -7 -8 -9 -10 -11 12 -13 -14 -15 15 -17 17 -19 19 -21 -22 22 -24 24 -26 26 27 -29 29 -31
leaf_value=-0.00091497919030546476 -0.00060048246470036928 -0.00091497919030546476 0.02250190372867571 0.0011639204889807464 -0.00091497919030546476 -0.00091497919030546476 0.0011639204889807464 -0.00091497919030546476 -0.00091497919030546476 -0.00091497919030546476 -0.026065997318724207 0.089117247792233054 0.022614731190000903 0.017325960564913524 -0.028674819366006965 0.17902200599336343 0.087911127637790215 0.00098982378693546202 -0.05058739387497433 0.020608364750790666 -0.012650868891260342 0.10080251939715577 -0.04214911708579766 -0.018259813481054089 -0.00054610393003457489 0.14872225160502431 -0.054017967454239271 0.031127925689044569 0.13777029503225202 -0.019739138437403592
leaf_weight=5312 5118 133 30 45 109 105 41 1344 75 162 155 33 89 32 42 34 32 245 40 30 320 112 36 536 560 34 34 35 38 102
leaf_count=5312 5118 133 30 45 109 105 41 1344 75 162 155 33 89 32 42 34 32 245 40 30 320 112 36 536 560 34 34 35 38 102
internal_value=-0.00506644 -0.00972675 -0.00572407 -0.00151235 0.00231481 -0.00916667 0.0159884 -0.0067648 -0.00407609 -0.00368644 -0.00058933 -0.000482658 -0.00344203 -0.00581551 -0.000530757 0.0019208 0.000996144 0.00190922 0.00612745 0.00178571 -0.000680505 -0.000546934 0.00371622 -0.000644649 -0.00193241 -0.0031932 0.00254854 -0.00235507 -0.00406805 0
internal_weight=15013 7356 2044 405 270 135 86 1639 184 295 7657 7381 276 187 7348 423 389 347 102 70 6925 6605 148 6457 1339 779 103 69 676 140
internal_count=15013 7356 2044 405 270 135 86 1639 184 295 7657 7381 276 187 7348 423 389 347 102 70 6925 6605 148 6457 1339 779 103 69 676 140
is_linear=0
shrinkage=0.05


Tree=79
num_leaves=31
num_cat=0
split_feature=4 19 23 19 19 19 19 19 19 19 19 19 19 3 1 5 2 6 17 4 24 3 7 14 9 1 19 5 10 0
split_gain=125.297 18.1396 3.58374 4.74568 9.43773 2.1 1.48248 1.36364 1.31234 0.976245 0.876115 2.26114 0.9062 0.772589 1.74316 1.33425 1.21442 1.87244 1.21324 1.04991 0.807984 1.03911 0.738857 0.724079 1.30651 1.51476 1.69522 1.9762 1.8233 2.7441
threshold=1.0000000180025095e-35 46.500000000000007 3.5000000000000004 50.500000000000007 54.500000000000007 48.500000000000007 52.500000000000007 48.500000000000007 64.500000000000014 47.500000000000007 54.500000000000007 57.500000000000007 67.500000000000014 11.833333333333334 0.18833333333333338 2.9000000000000004 0.043333333333333356 0.074500000000000025 8.5000000000000018 90.333333333333357 4.5000000000000009 6.8333333333333348 0.027999999999999987 85.527777777777786 84.366666666666688 0.37833333333333335 50.500000000000007 2.9000000000000004 3.6458333333333335 2.1666666666666674
decision_type=2 2 2 2 2 2 2 2 2 2 2 2 2 2 2 2 2 2 2 2 2 2 2 2 2 2 2 2 2 2
left_child=1 -1 7 5 6 -4 -5 9 -6 -3 -9 -12 -13 19 15 -15 -17 18 -18 20 23 -22 -23 -2 -25 26 -26 28 29 -28
right_child=13 2 3 4 8 -7 -8 10 -10 -11 11 12 -14 14 -16 16 17 -19 -20 -21 21 22 -24 24 25 -27 27 -29 -30 -31
leaf_value=-0.00086923023079019156 -0.0027352140549032457 -0.00086923023079019156 0.021376808542241929 0.00110572446453171 -0.00086923023079019156 -0.00086923023079019156 0.00110572446453171 -0.00086923023079019156 -0.00086923023079019156 -0.00086923023079019156 0.034047634573897305 -0.00086923023079019156 -0.00086923023079019156 0.054303968748488196 0.1434519048779988 -0.027161946738593734 0.0071346510450841956 -0.019659834382947453 0.073150536618465364 0.044561649697393714 -0.0047408310572532369 -0.010600854209275191 -0.029152389981571936 0.060371009970717628 -0.0042735286479134386 -0.024748942862942703 0.021895886550580026 0.0041860453345645924 -0.0080814232384088143 0.19231567528282964
leaf_weight=5312 3537 133 30 45 109 105 41 1041 75 162 83 138 82 45 37 198 51 61 53 31 209 55 68 77 1963 170 80 931 56 35
leaf_count=5312 3537 133 30 45 109 105 41 1041 75 162 83 138 82 45 37 198 51 61 53 31 209 55 68 77 1963 170 80 931 56 35
internal_value=-0.00506644 -0.00972675 -0.00572407 -0.00151235 0.00231481 -0.00916667 0.0159884 -0.0067648 -0.00407609 -0.00368644 -0.00744048 -0.00507426 -0.00772727 -0.00058933 0.00143258 0.000490196 -0.000516529 0.00265152 0.00673077 -0.000714088 -0.000753725 -0.00316265 -0.00680894 -0.000636954 -0.000105676 -0.000258887 -4.0783e-06 0.00156534 0.00650585 0.0101087
internal_weight=15013 7356 2044 405 270 135 86 1639 184 295 1344 303 220 7657 445 408 363 165 104 7212 7181 332 123 6849 3312 3235 3065 1102 171 115
internal_count=15013 7356 2044 405 270 135 86 1639 184 295 1344 303 220 7657 445 408 363 165 104 7212 7181 332 123 6849 3312 3235 3065 1102 171 115
is_linear=0
shrinkage=0.05


Tree=80
num_leaves=31
num_cat=0
split_feature=4 19 23 19 19 19 19 14 9 13 10 19 7 8 1 12 5 11 6 1 13 3 11 8 1 7 19 10 2 17
split_gain=123.51 18.5073 3.47818 6.42334 6.75779 1.92063 1.63499 1.39982 2.24439 2.10106 1.61538 1.4075 1.52157 1.33146 1.2728 1.30907 1.83978 1.34454 1.31445 1.88937 1.35692 1.99587 1.29312 1.29287 1.27028 2.14221 1.69944 1.22853 1.60061 1.72667
threshold=1.0000000180025095e-35 46.500000000000007 3.5000000000000004 51.500000000000007 54.500000000000007 52.500000000000007 48.500000000000007 89.211111111111123 89.90000000000002 6.6833333333333345 2.5634920634920637 47.500000000000007 1.0000000180025095e-35 13.633333333333335 0.28166666666666679 0.0010555555555555559 2.3666666666666671 0.17527777777777784 0.036333333333333342 0.019999999999999993 7.2928571428571436 11.41666666666667 0.05050000000000001 6.291666666666667 0.0099999999999999725 0.067083333333333342 40.500000000000007 5.8660714285714297 0.023333333333333327 5.5000000000000009
decision_type=2 2 2 2 2 2 2 2 2 2 2 2 2 2 2 2 2 2 2 2 2 2 2 2 2 2 2 2 2 2
left_child=1 -1 -3 6 5 -5 -4 13 9 -9 11 12 -10 -2 15 -12 22 18 19 24 -21 -22 -17 -20 25 26 -18 28 29 -25
right_child=7 2 3 4 -6 -7 -8 8 10 -11 14 -13 -14 -15 -16 16 17 -19 23 20 21 -23 -24 27 -26 -27 -28 -29 -30 -31
leaf_value=-0.00082576871925068196 -0.0024136129661193385 -0.00082576871925068196 -0.0046920318848701686 0.001050438241305124 -0.00082576871925068196 0.001050438241305124 -0.00082576871925068196 -0.00014171647609743931 0.033111378177152824 0.13624690103677506 -0.023960099578147043 0.018607237683090829 -0.034663834271990317 -0.054521487112474322 -0.060516871699661058 0.077854972438174186 0.037288217939032545 0.13204773398967815 0.072238513866736562 -0.0021265540318542889 0.13382931257050229 0.0014729776990373589 0.022887667529560052 -0.049997293613598282 -0.042051742552808059 0.12326272772075973 -0.0057456027440937699 0.035656349782070308 -0.033527159709789596 0.037529977023159557
leaf_weight=5345 5607 1638 31 48 181 36 118 54 56 56 244 94 290 54 62 41 30 39 52 35 42 37 31 42 80 38 269 49 223 131
leaf_count=5345 5607 1638 31 48 181 36 118 54 56 56 244 94 290 54 62 41 30 39 52 35 42 37 31 42 80 38 269 49 223 131
internal_value=-0.00503305 -0.00964073 -0.00560429 -0.00150966 0.00316038 0.014881 -0.00981544 -0.000581243 0.000557644 0.0075 0.00015252 -0.0025 -0.00397399 -0.0009826 0.000960208 0.0012744 0.00198639 0.00146439 0.00111868 0.0028484 0.00855263 0.0121835 0.00972222 -0.000729376 0.00128897 0.00263353 0.00121237 -0.00160112 -0.00252525 0.00108382
internal_weight=15053 7397 2052 414 265 84 149 7656 1995 110 1885 440 346 5661 1445 1383 1139 1067 1028 531 114 79 72 497 417 337 299 445 396 173
internal_count=15053 7397 2052 414 265 84 149 7656 1995 110 1885 440 346 5661 1445 1383 1139 1067 1028 531 114 79 72 497 417 337 299 445 396 173
is_linear=0
shrinkage=0.05


Tree=81
num_leaves=31
num_cat=0
split_feature=4 19 23 19 19 19 19 14 19 7 9 3 8 19 14 11 13 7 19 4 15 13 12 14 5 3 19 13 7 10
split_gain=125.297 18.5073 3.47818 6.42334 6.75779 1.92063 1.63499 1.24388 2.08924 1.48917 1.45982 1.33483 1.28533 1.18949 1.10399 1.09246 1.4271 1.22817 1.08658 1.05533 1.26273 0.989839 1.42507 1.91171 1.1208 1.95982 2.21291 1.89234 2.08527 1.50803
threshold=1.0000000180025095e-35 46.500000000000007 3.5000000000000004 51.500000000000007 54.500000000000007 52.500000000000007 48.500000000000007 89.211111111111123 50.500000000000007 0.0077500000000000025 89.90000000000002 3.5833333333333335 13.633333333333335 48.500000000000007 87.845238095238116 0.15527777777777782 12.422222222222224 0.18900000000000003 64.500000000000014 83.500000000000014 2.5000000000000004 11.211111111111112 0.02105555555555556 85.527777777777786 2.7750000000000004 6.8333333333333348 41.500000000000007 6.7071428571428582 0.14100000000000004 3.6125000000000003
decision_type=2 2 2 2 2 2 2 2 2 2 2 2 2 2 2 2 2 2 2 2 2 2 2 2 2 2 2 2 2 2
left_child=1 -1 13 6 5 -5 -4 9 -9 11 -10 -2 21 -3 19 16 17 -12 -6 20 -13 24 -23 -24 29 -26 -27 28 -28 -11
right_child=7 2 3 4 18 -7 -8 8 10 12 15 14 -14 -15 -16 -17 -18 -19 -20 -21 -22 22 23 -25 25 26 27 -29 -30 -31
leaf_value=-0.00078448028328814787 -0.012798708298200505 -0.00078448028328814787 -0.0044574302906266574 0.00099791632923986752 0.0056003818319768084 0.00099791632923986752 -0.00078448028328814787 -0.0028016266754983202 0.095289001561902884 0.00048844483276340586 0.030465871029612679 0.014489552767685897 -0.051795412756850616 -0.00078448028328814787 -0.033540298243451151 -0.0050738131533968446 -0.027543341426628933 0.049193285465316421 -0.00078448028328814787 0.11406114784283149 -0.0002296084559457068 -0.019597260626691645 0.060830664732366424 0.0078751253533230481 -0.0021871199993520221 0.045830526993717487 -0.047260081086263533 -0.0096643102294832264 0.089956417547634143 -0.032105976284180715
leaf_weight=5345 142 284 31 48 103 36 118 1356 51 1440 386 79 54 1354 47 112 55 35 78 49 97 47 39 104 1943 58 172 1166 35 189
leaf_count=5345 142 284 31 48 103 36 118 1356 51 1440 386 79 54 1354 47 112 55 35 78 49 97 47 39 104 1943 58 172 1166 35 189
internal_value=-0.00499983 -0.00964073 -0.00560429 -0.00150966 0.00316038 0.014881 -0.00981544 -0.000515935 0.000557644 -0.000894277 0.00291471 0.00199275 -0.00112207 -0.00663919 0.00404412 0.00221088 0.0032563 0.00424584 -0.00227901 0.0055 0.00369318 -0.00104227 0.0025 0.00498252 -0.00117679 -0.0016968 -0.00310098 -0.0035051 -0.00791063 -9.97545e-05
internal_weight=15053 7397 2052 414 265 84 149 7656 1995 5661 639 414 5247 1638 272 588 476 421 181 225 176 5193 190 143 5003 3374 1431 1373 207 1629
internal_count=15053 7397 2052 414 265 84 149 7656 1995 5661 639 414 5247 1638 272 588 476 421 181 225 176 5193 190 143 5003 3374 1431 1373 207 1629
is_linear=0
shrinkage=0.05


Tree=82
num_leaves=31
num_cat=0
split_feature=4 19 23 19 19 19 19 24 12 11 2 19 19 19 19 19 19 4 13 9 19 6 19 7 19 11 17 11 4 7
split_gain=124.76 18.5073 3.47818 6.42334 6.75779 1.92063 1.63499 1.36941 1.36705 1.87333 1.38173 1.18949 1.08658 0.937148 0.897962 1.97333 0.87734 0.872751 0.87212 0.797358 0.792183 0.825129 1.30958 2.55208 1.08394 1.82259 1.45458 1.24081 1.2318 0.998854
threshold=1.0000000180025095e-35 46.500000000000007 3.5000000000000004 51.500000000000007 54.500000000000007 52.500000000000007 48.500000000000007 3.7500000000000004 0.094642857142857154 0.034142857142857148 0.2416666666666667 48.500000000000007 64.500000000000014 68.500000000000014 67.500000000000014 54.500000000000007 57.500000000000007 86.416666666666671 7.7638888888888902 89.90000000000002 40.500000000000007 0.11266666666666669 48.500000000000007 0.023666666666666673 51.500000000000007 0.040500000000000008 6.5000000000000009 0.022111111111111116 86.833333333333357 0.0080000000000000088
decision_type=2 2 2 2 2 2 2 2 2 2 2 2 2 2 2 2 2 2 2 2 2 2 2 2 2 2 2 2 2 2
left_child=1 -1 11 6 5 -5 -4 -2 20 -10 18 -3 -6 -14 15 -13 -17 -12 19 -11 -9 24 23 -23 29 27 -27 -26 -28 -22
right_child=7 2 3 4 12 -7 -8 8 9 10 17 14 13 -15 -16 16 -18 -19 -20 -21 21 22 -24 -25 25 26 28 -29 -30 -31
leaf_value=-0.00074525626912374057 -0.00049049043663391696 -0.00074525626912374057 -0.0042345587760953263 0.00094802051277787522 0.0053203627403779711 0.00094802051277787522 -0.00074525626912374057 -0.012358751401228024 -0.023932814293405213 -0.019608356226580748 -0.005730772712361107 -0.00074525626912374057 -0.00074525626912374057 -0.00074525626912374057 -0.00074525626912374057 0.032425765295329381 -0.00074525626912374057 0.06281699628990281 -0.027638973250867227 0.13231425166052224 0.012230482491471474 -0.030758885627556909 -0.011541653525766049 0.039302205277656238 0.023140982360231096 0.0010780620468874679 0.11090480127836155 -0.040221655302820507 0.098157715448395785 -0.0037871054915657176
leaf_weight=5345 5944 284 31 48 103 36 118 92 87 142 50 1053 37 41 77 78 146 38 80 32 181 32 297 48 48 39 31 33 35 447
leaf_count=5345 5944 284 31 48 103 36 118 92 87 142 50 1053 37 41 77 78 146 38 80 32 181 32 297 48 48 39 31 33 35 447
internal_value=-0.0050098 -0.00964073 -0.00560429 -0.00150966 0.00316038 0.014881 -0.00981544 -0.000535528 -0.00178154 -0.00422494 -0.00255848 -0.00663919 -0.00227901 -0.00673077 -0.00725628 -0.00694009 -0.00267857 0.00284091 -0.00442913 -0.00244253 -0.000964536 -0.000619228 -0.00255305 0.003125 0.000276413 0.00362903 0.00797619 -0.00200617 0.0125 -0.000716561
internal_weight=15053 7397 2052 414 265 84 149 7656 1712 429 342 1638 181 78 1354 1277 224 88 254 174 1283 1191 377 80 814 186 105 81 66 628
internal_count=15053 7397 2052 414 265 84 149 7656 1712 429 342 1638 181 78 1354 1277 224 88 254 174 1283 1191 377 80 814 186 105 81 66 628
is_linear=0
shrinkage=0.05


Tree=83
num_leaves=31
num_cat=0
split_feature=4 19 23 19 19 19 19 24 19 19 12 11 2 10 6 13 19 19 19 8 19 4 19 6 6 10 14 9 13 19
split_gain=124.939 18.5073 3.47818 6.42334 6.75779 1.92063 1.63499 1.32002 1.18949 1.08658 1.01236 1.26425 1.3163 1.18034 1.17077 1.0123 0.937148 0.897962 1.97333 0.885133 0.87734 0.872751 0.854436 1.00618 1.00328 0.916823 0.774481 1.92076 2.08792 1.36479
threshold=1.0000000180025095e-35 46.500000000000007 3.5000000000000004 51.500000000000007 54.500000000000007 52.500000000000007 48.500000000000007 3.7500000000000004 48.500000000000007 64.500000000000014 0.090500000000000011 0.034142857142857148 0.2416666666666667 6.354166666666667 0.51500000000000012 7.7638888888888902 68.500000000000014 67.500000000000014 54.500000000000007 4.7750000000000012 57.500000000000007 86.416666666666671 40.500000000000007 0.022000000000000009 0.027083333333333338 5.2361111111111116 89.267857142857153 89.90000000000002 6.6833333333333345 50.500000000000007
decision_type=2 2 2 2 2 2 2 2 2 2 2 2 2 2 2 2 2 2 2 2 2 2 2 2 2 2 2 2 2 2
left_child=1 -1 8 6 5 -5 -4 26 -3 -6 13 -12 15 14 22 19 -11 18 -10 -13 -20 -14 -9 -24 -25 -26 -2 28 -28 -29
right_child=7 2 3 4 9 -7 -8 10 17 16 11 12 21 -15 -16 -17 -18 -19 20 -21 -22 -23 23 24 25 -27 27 29 -30 -31
leaf_value=-0.00070799345566755357 -0.0016399893409955624 -0.00070799345566755357 -0.0040228308372905587 0.00090061948713898168 0.0050543446033590733 0.00090061948713898168 -0.00070799345566755357 -0.013090075065531503 -0.00070799345566755357 -0.00070799345566755357 -0.023433255988118431 -0.034269085766744145 -0.0054442340767430573 0.056957759531292895 -0.023073605013607792 -0.026186787376942435 -0.00070799345566755357 -0.00070799345566755357 0.030804477030562917 -0.0028639685353844314 -0.00070799345566755357 0.059676146475407671 0.0049795468497255916 -0.049497131235203599 -0.0027012093488842761 0.028468387231651474 0.0063838583557670253 -0.0041951675083572006 0.1612876241764751 0.023244462544451474
leaf_weight=5345 4417 284 31 48 103 36 118 89 1053 37 89 33 50 37 31 89 41 77 78 149 146 38 389 44 623 51 44 985 35 463
leaf_count=5345 4417 284 31 48 103 36 118 89 1053 37 89 33 50 37 31 89 41 77 78 149 146 38 389 44 623 51 44 985 35 463
internal_value=-0.00500648 -0.00964073 -0.00560429 -0.00150966 0.00316038 0.014881 -0.00981544 -0.000528997 -0.00663919 -0.00227901 -0.00175234 -0.00379464 -0.00247214 -0.00102848 -0.00129381 -0.00419742 -0.00673077 -0.00725628 -0.00694009 -0.00206044 -0.00267857 0.00284091 -0.00104515 -0.000666215 -0.00177577 -0.00129822 -0.000176649 0.000794041 0.00838608 0.000379834
internal_weight=15053 7397 2052 414 265 84 149 7656 1638 181 1712 448 359 1264 1227 271 78 1354 1277 182 224 88 1196 1107 718 674 5944 1527 79 1448
internal_count=15053 7397 2052 414 265 84 149 7656 1638 181 1712 448 359 1264 1227 271 78 1354 1277 182 224 88 1196 1107 718 674 5944 1527 79 1448
is_linear=0
shrinkage=0.05


Tree=84
num_leaves=31
num_cat=0
split_feature=4 23 23 24 23 8 13 17 14 10 5 12 13 24 12 2 10 23 3 12 13 10 2 17 4 1 8 10 14 13
split_gain=125.118 4.43348 2.22736 1.27154 1.04703 0.833249 1.29166 0.918422 0.746067 1.59352 1.80849 1.67888 1.52381 1.35065 1.11927 0.940475 1.15985 0.912436 1.29458 3.04223 1.4623 1.65397 2.64126 1.22261 1.27076 1.19177 1.2441 1.0246 1.24758 1.02102
threshold=1.0000000180025095e-35 2.5000000000000004 3.5000000000000004 3.7500000000000004 1.5000000000000002 13.633333333333335 12.816666666666668 7.5000000000000009 89.316666666666677 3.0500000000000003 2.9000000000000004 0.076125000000000012 6.0500000000000007 2.7500000000000004 0.090500000000000011 0.086666666666666711 3.2678571428571432 1.5000000000000002 3.8333333333333335 0.0031666666666666675 2.3166666666666669 2.3875000000000006 0.014166666666666676 9.5000000000000018 85.166666666666671 0.073333333333333375 3.7750000000000004 3.4722222222222228 80.527777777777786 3.3166666666666669
decision_type=2 2 2 2 2 2 2 2 2 2 2 2 2 2 2 2 2 2 2 2 2 2 2 2 2 2 2 2 2 2
left_child=1 4 -3 5 -1 6 8 -7 17 -10 -11 15 -13 -14 -15 16 -12 -2 20 -20 -19 22 -22 24 27 -25 -27 -23 29 -29
right_child=3 2 -4 -5 -6 7 -8 -9 9 10 11 12 13 14 -16 -17 -18 18 19 -21 21 23 -24 25 -26 26 -28 28 -30 -31
leaf_value=-0.00067259378288417587 -0.028712822137461493 -0.00067259378288417587 -0.00067259378288417587 -0.0043749029451984004 -0.00067259378288417587 0.0080534241491180773 0.046958003828299483 -0.053233951466732037 -0.0098864622460635657 0.087996992575664734 0.051754383423218524 0.062696055632235112 0.12597352487743341 0.10351257779205066 -0.0027130538427001696 -0.06377952489857093 -7.1882416949131675e-05 -0.011296944840065626 0.049437518614902712 -0.002983435332904863 -0.020536720857544835 -0.0027284996357708926 0.097707510260279004 -0.057960391119412584 0.052854740622951361 -0.025401239516137299 0.063881714810499868 0.015991677759790025 0.13548315807354414 -0.0027159428033130873
leaf_weight=1152 30 3302 863 1712 2080 40 31 62 521 109 40 35 32 32 111 56 496 163 53 3560 32 123 65 55 34 87 32 42 30 73
leaf_count=1152 30 3302 863 1712 2080 40 31 62 521 109 40 35 32 32 111 56 496 163 53 3560 32 123 65 55 34 87 32 42 30 73
internal_value=-0.00500316 -0.00964073 -0.00856242 -0.000522466 -0.0110303 -0.000176649 -9.84252e-05 -0.00465686 -0.000152728 0.000837989 0.00209934 0.00127805 0.00511905 0.00321429 0.00113636 -8.44595e-05 0.000559701 -0.000476707 -0.000416762 -0.000806117 0.00149457 0.00268325 0.00863402 0.00147059 0.00339404 -0.00186782 0.000945378 0.00223881 0.00508621 0.00271739
internal_weight=15053 7397 4165 7656 3232 5944 5842 102 5811 1432 911 802 210 175 143 592 536 4379 4349 3613 736 573 97 476 302 174 119 268 145 115
internal_count=15053 7397 4165 7656 3232 5944 5842 102 5811 1432 911 802 210 175 143 592 536 4379 4349 3613 736 573 97 476 302 174 119 268 145 115
is_linear=0
shrinkage=0.05


Tree=85
num_leaves=31
num_cat=0
split_feature=9 19 23 19 19 19 3 1 10 2 19 9 7 14 5 5 0 0 5 10 10 5 12 26 0 0 13 19 19 26
split_gain=125.608 16.6595 3.2866 6.40698 9.60593 1.32105 1.15153 2.56839 1.63228 1.72668 1.0773 1.05774 1.03162 1.09091 0.943092 0.935065 1.07761 0.972539 0.911169 2.51512 1.35402 1.32719 1.15405 1.30645 1.13756 1.48703 0.877965 0.875 0.86453 0.773702
threshold=1.0000000180025095e-35 45.500000000000007 3.5000000000000004 50.500000000000007 54.500000000000007 48.500000000000007 11.833333333333334 0.16166666666666665 5.4722222222222232 0.056666666666666671 59.500000000000007 90.90000000000002 0.19300000000000003 88.050000000000011 9.5000000000000018 2.9000000000000004 3.5833333333333335 4.166666666666667 6.6333333333333337 6.3166666666666673 6.2750000000000012 6.366666666666668 0.045277777777777785 1.0000000180025095e-35 8.1666666666666696 7.166666666666667 12.050000000000002 48.500000000000007 52.500000000000007 1.0000000180025095e-35
decision_type=2 2 2 2 2 2 2 2 2 2 2 2 2 2 2 2 2 2 2 2 2 2 2 2 2 2 2 2 2 2
left_child=1 -1 5 27 28 29 11 8 9 15 -6 14 13 -11 18 -8 -17 -18 19 26 24 -21 23 -22 25 -20 -2 -4 -5 -3
right_child=6 2 3 4 10 -7 7 -9 -10 12 -12 -13 -14 -15 -16 16 17 -19 20 21 22 -23 -24 -25 -26 -27 -28 -29 -30 -31
leaf_value=-0.00063896409373996707 -0.0024928370447870832 -0.00063896409373996707 -0.028788059606281821 0.00088921820192624514 0.0048352570623353304 -0.00063896409373996707 0.051342548897196055 0.13645885214817932 -0.047835130112207983 0.095282243153012106 -0.00063896409373996707 0.043554278552526082 -0.019077977922531322 0.018384661263607893 0.067160347840896653 -0.024099279281971017 0.044758966651017779 -0.019162387330967912 0.021125402071248068 0.11437026535993705 0.086434086355491824 0.0052784974639670081 -0.048742455184933281 -0.012370539196234194 0.060171045876229456 -0.065982341358434574 0.019733772270607266 -0.00063896409373996707 0.00088921820192624514 -0.00063896409373996707
leaf_weight=5274 6628 157 32 45 50 1336 33 37 51 39 133 34 31 55 32 81 40 77 44 51 31 32 131 31 30 47 59 112 39 154
leaf_count=5274 6628 157 32 45 50 1336 33 37 51 39 133 34 31 55 32 81 40 77 44 51 31 32 131 31 30 47 59 112 39 154
internal_value=-0.00506331 -0.00973131 -0.00591594 -0.00191606 0.00266854 -0.00691409 -0.00055636 0.00191441 0.000767813 0.00196629 -0.00375683 -0.00070979 0.0067 0.00930851 -0.000751827 -0.000595238 -0.00189394 0.00117521 -0.000790514 -0.00066839 -0.00342357 0.00798193 -0.00602332 -0.000403226 0.00072314 -0.00206044 -0.000775759 -0.0104167 0.0166667 -0.0039791
internal_weight=14926 7332 2058 411 267 1647 7594 444 407 356 183 7150 125 94 7116 231 198 117 7084 6770 314 83 193 62 121 91 6687 144 84 311
internal_count=14926 7332 2058 411 267 1647 7594 444 407 356 183 7150 125 94 7116 231 198 117 7084 6770 314 83 193 62 121 91 6687 144 84 311
is_linear=0
shrinkage=0.05


Tree=86
num_leaves=31
num_cat=0
split_feature=4 19 23 19 19 19 19 13 5 2 14 19 12 7 11 7 14 4 11 8 6 10 3 19 3 8 3 7 13 12
split_gain=125.428 16.6595 3.2866 6.40698 9.60593 1.32105 1.0773 1.00365 1.23379 1.21834 1.23285 1.12065 1.11332 1.58629 2.42689 1.31128 1.90354 2.75718 1.84554 1.15957 1.65195 1.16484 1.23769 1.4039 1.1507 1.13828 1.41296 1.13177 1.56247 1.5144
threshold=1.0000000180025095e-35 45.500000000000007 3.5000000000000004 50.500000000000007 54.500000000000007 48.500000000000007 59.500000000000007 6.5634920634920642 1.1000000000000003 0.28833333333333339 88.354166666666671 39.500000000000007 0.019500000000000007 0.026000000000000013 0.02105555555555556 0.013666666666666666 85.105555555555569 72.166666666666671 0.0070714285714285731 9.3666666666666689 0.040000000000000015 4.6833333333333345 9.8333333333333339 44.500000000000007 4.8333333333333348 7.5500000000000007 11.16666666666667 0.054000000000000027 7.5857142857142863 0.088166666666666685
decision_type=2 2 2 2 2 2 2 2 2 2 2 2 2 2 2 2 2 2 2 2 2 2 2 2 2 2 2 2 2 2
left_child=1 -1 5 -4 -5 -3 -6 11 -9 12 -11 -2 15 14 -14 16 17 -10 -19 20 -16 22 -21 -24 -15 -17 -27 28 -26 -29
right_child=7 2 3 4 6 -7 -8 8 9 10 -12 -13 13 24 19 25 -18 18 -20 21 -22 -23 23 -25 27 26 -28 29 -30 -31
leaf_value=-0.00060701588905296864 -0.030836959950723265 -0.00060701588905296864 -0.00060701588905296864 0.00084475729182993404 0.0045934942092185627 -0.00060701588905296864 -0.00060701588905296864 0.050272385402493791 -0.0011525322549845174 -0.047742759325824516 0.01540291268763494 -0.0025552141927186189 -0.012101836805706791 0.083039909513739352 0.079043102689309419 -0.042509152158809016 -0.011972214472721846 0.00052118660360508386 0.16097803203033773 -0.0087752758040925867 0.034851172395255661 -0.029375181565450145 -0.027670961244442117 0.087538636876917209 0.018071168136642009 0.00042482162699948313 -0.031564610440518968 0.027245374553512836 -0.013185739550850097 -0.0033272894409405842
leaf_weight=5274 75 311 144 84 50 1336 133 37 58 95 35 3890 153 53 36 100 378 33 42 41 125 31 37 68 136 146 48 601 535 841
leaf_count=5274 75 311 144 84 50 1336 133 37 58 95 35 3890 153 53 36 100 378 33 42 41 125 31 37 68 136 146 48 601 535 841
internal_value=-0.00506666 -0.00973131 -0.00591594 -0.00191606 0.00266854 -0.00691409 -0.00375683 -0.000562944 3.78892e-05 -5.56793e-05 -0.00480769 -0.00111286 0.000122761 0.000616297 0.00318228 -0.00150621 2.44618e-05 0.00516917 0.0115 0.00554734 0.00861801 0.00275424 0.00462329 0.0075 3.4626e-05 -0.00416667 -0.00193299 -0.000147894 -0.00184426 0.00064147
internal_weight=14926 7332 2058 411 267 1647 183 7594 3629 3592 130 3965 3462 2657 491 805 511 133 75 338 161 177 146 105 2166 294 194 2113 671 1442
internal_count=14926 7332 2058 411 267 1647 183 7594 3629 3592 130 3965 3462 2657 491 805 511 133 75 338 161 177 146 105 2166 294 194 2113 671 1442
is_linear=0
shrinkage=0.05


Tree=87
num_leaves=31
num_cat=0
split_feature=9 19 23 19 19 19 19 5 10 3 12 12 19 3 5 0 0 13 5 24 10 19 19 8 1 24 6 9 0 26
split_gain=124.708 16.6595 3.2866 6.40698 9.60593 1.32105 1.0773 1.01142 2.49584 1.43325 1.20884 2.12314 1.1522 1.1324 1.35205 1.29143 1.63888 1.21395 1.03592 1.02686 0.914036 0.875 0.86453 0.853596 0.84905 0.805727 1.26149 1.53152 1.235 1.32437
threshold=1.0000000180025095e-35 45.500000000000007 3.5000000000000004 50.500000000000007 54.500000000000007 48.500000000000007 59.500000000000007 6.5500000000000007 6.3166666666666673 3.1666666666666674 0.002678571428571429 0.0031666666666666675 55.500000000000007 11.833333333333334 2.9000000000000004 3.4166666666666674 4.416666666666667 12.422222222222224 9.5000000000000018 2.2500000000000004 4.1833333333333345 48.500000000000007 52.500000000000007 12.775000000000002 0.033333333333333326 3.7500000000000004 0.55350000000000021 86.700000000000003 2.1666666666666674 1.0000000180025095e-35
decision_type=2 2 2 2 2 2 2 2 2 2 2 2 2 2 2 2 2 2 2 2 2 2 2 2 2 2 2 2 2 2
left_child=1 -1 5 21 22 -3 -6 8 10 -9 12 -12 -2 25 -15 20 -17 23 19 -11 -16 -4 -5 -18 -21 26 -13 -28 29 -27
right_child=7 2 3 4 6 -7 -8 9 -10 18 11 13 -14 14 15 16 17 -19 -20 24 -22 -23 -24 -25 -26 28 27 -29 -30 -31
leaf_value=-0.00057666509460032017 -0.015375538140149581 -0.00057666509460032017 -0.02731830583151508 0.00080251942723843508 0.0043638194987576373 -0.00057666509460032017 -0.00057666509460032017 0.059019647324884961 0.083912519316666448 0.0095899171692710675 0.13340599656371205 -0.0014733427831886249 0.030447435942121695 0.089932677440015985 -0.0012946963551124569 0.044437261185428234 0.0018131732863357398 0.04426387184759957 0.0092515978254249457 0.0064932408571103523 -0.10056353750946322 -0.00057666509460032017 0.00080251942723843508 -0.034111767505226764 -0.041062060643141038 -0.0014821399930779857 0.074946583047511256 -0.022468867937299311 -0.0089324773225916126 0.038514576920732048
leaf_weight=5274 587 311 32 45 50 1336 133 30 79 63 32 4625 42 38 57 109 58 45 40 32 31 112 39 42 241 339 42 33 966 63
leaf_count=5274 587 311 32 45 50 1336 133 30 79 63 32 4625 42 38 57 109 58 45 40 32 31 112 39 42 241 339 42 33 966 63
internal_value=-0.00508006 -0.00973131 -0.00591594 -0.00191606 0.00266854 -0.00691409 -0.00375683 -0.000589281 -0.000452142 -0.00301724 -0.000550359 -0.000347222 -0.00264308 -0.00041098 0.00223684 0.00124269 0.00305118 -0.000431034 -0.00385638 -0.0047619 -0.00397727 -0.0104167 0.0166667 -0.0035 -0.00608974 -0.000576796 -0.000265957 0.00616667 -0.00164474 0.00068408
internal_weight=14926 7332 2058 411 267 1647 183 7594 7188 406 7109 6480 629 6448 380 342 254 145 376 336 88 144 84 100 273 6068 4700 75 1368 402
internal_count=14926 7332 2058 411 267 1647 183 7594 7188 406 7109 6480 629 6448 380 342 254 145 376 336 88 144 84 100 273 6068 4700 75 1368 402
is_linear=0
shrinkage=0.05


Tree=88
num_leaves=31
num_cat=0
split_feature=4 19 19 19 19 26 19 24 5 11 12 12 19 5 0 5 19 7 0 8 5 10 3 13 10 5 8 19 14 4
split_gain=125.788 16.6595 1.78365 2.7906 2.18587 1.07163 0.920255 0.817536 1.28475 1.1793 0.922018 1.73607 0.984292 0.918684 1.07511 1.01592 0.874873 1.48747 0.932125 0.948253 0.909745 1.71714 0.858894 0.819314 1.81087 1.33964 1.17335 1.17998 2.36383 1.88592
threshold=1.0000000180025095e-35 45.500000000000007 50.500000000000007 53.500000000000007 48.500000000000007 1.0000000180025095e-35 64.500000000000014 3.7500000000000004 1.2250000000000003 0.49050000000000005 0.0021111111111111118 0.0035416666666666674 55.500000000000007 2.9000000000000004 2.1666666666666674 3.9000000000000004 38.500000000000007 0.041000000000000016 1.1666666666666667 6.366666666666668 2.2250000000000005 2.2928571428571431 6.166666666666667 8.7638888888888911 2.6125000000000003 1.4500000000000002 6.9000000000000012 45.500000000000007 87.950000000000017 80.583333333333357
decision_type=2 2 2 2 2 2 2 2 2 2 2 2 2 2 2 2 2 2 2 2 2 2 2 2 2 2 2 2 2 2
left_child=1 -1 4 -4 5 -3 -5 8 22 -9 12 -12 13 14 -10 -15 17 -13 19 -18 23 -22 -2 25 -25 -20 27 28 29 -27
right_child=7 2 3 6 -6 -7 -8 9 10 -11 11 16 -14 15 -16 -17 18 -19 20 -21 21 -23 -24 24 -26 26 -28 -29 -30 -31
leaf_value=-0.0005478318398703042 -0.022386996524740365 -0.0005478318398703042 0.00076239345587651448 -0.0005478318398703042 -0.0005478318398703042 -0.0005478318398703042 -0.0005478318398703042 -0.0032679133523646989 -0.004955699484780896 -0.021002153187662617 0.0053947428026453696 -9.365649102748286e-05 0.032344341269343858 -0.025069066291073736 0.053144389345795684 -0.0027168648701470181 -0.00389580311104199 -0.048510796365658276 0.066100293800639878 0.088532139992808956 0.066605624391131976 0.00040912407345967684 0.0048840971471680568 -0.010921491756577435 0.10330917862194916 0.077436082945627191 -0.025327499268381383 -0.0046836601917050191 0.16970878317624929 -0.01346125161224979
leaf_weight=5274 127 172 206 551 797 171 161 1658 165 40 87 69 36 127 39 67 47 38 42 41 56 4083 38 82 32 34 220 381 31 54
leaf_count=5274 127 172 206 551 797 171 161 1658 165 40 87 69 36 127 39 67 47 38 42 41 56 4083 38 82 32 34 220 381 31 54
internal_value=-0.00505996 -0.00973131 -0.00591594 -0.0042756 -0.00723684 -0.00389942 -0.00575843 -0.000549776 -0.00027137 -0.00151649 -0.000146135 3.53974e-05 -0.00236175 -0.00307789 -0.000735294 -0.00554124 -8.15739e-05 -0.00455607 1.22477e-05 0.00511364 -7.72682e-05 0.000232544 -0.00462121 -0.0015411 0.00241228 -0.00213255 -0.00263889 -0.0013 0.00304622 -0.00113636
internal_weight=14926 7332 2058 918 1140 343 712 7594 5896 1698 5731 5297 434 398 204 194 5210 107 5103 88 5015 4139 165 876 114 762 720 500 119 88
internal_count=14926 7332 2058 918 1140 343 712 7594 5896 1698 5731 5297 434 398 204 194 5210 107 5103 88 5015 4139 165 876 114 762 720 500 119 88
is_linear=0
shrinkage=0.05


Tree=89
num_leaves=31
num_cat=0
split_feature=4 19 23 19 19 19 19 19 19 26 24 11 10 4 9 9 10 9 6 13 7 14 1 1 11 9 12 3 15 10
split_gain=125.608 16.6595 3.2866 6.40698 9.60593 1.32105 1.0773 0.875 0.86453 0.773702 0.75773 1.1875 1.07555 1.30029 2.10172 1.42751 1.11559 1.71596 1.04669 2.20618 1.84383 1.37279 2.06494 3.85225 1.78654 1.35666 1.37657 1.26497 1.33315 2.24387
threshold=1.0000000180025095e-35 45.500000000000007 3.5000000000000004 50.500000000000007 54.500000000000007 48.500000000000007 59.500000000000007 48.500000000000007 52.500000000000007 1.0000000180025095e-35 3.7500000000000004 0.49050000000000005 3.0500000000000003 72.833333333333357 71.90000000000002 75.26666666666668 5.3875000000000011 68.708333333333357 0.048999999999999995 6.2111111111111121 0.077750000000000027 89.950000000000017 0.019999999999999993 0.046666666666666662 0.0052777777777777788 86.550000000000011 0.1289444444444445 5.5833333333333348 2.5000000000000004 3.6458333333333335
decision_type=2 2 2 2 2 2 2 2 2 2 2 2 2 2 2 2 2 2 2 2 2 2 2 2 2 2 2 2 2 2
left_child=1 -1 5 7 8 9 -6 -4 -5 -3 12 -12 -2 15 -15 16 17 -14 19 27 21 -21 24 -24 -23 26 -22 28 -16 -30
right_child=10 2 3 4 6 -7 -8 -9 -10 -11 11 -13 13 14 18 -17 -18 -19 -20 20 25 22 23 -25 -26 -27 -28 -29 29 -31
leaf_value=-0.00052044024787678902 -0.0024483124580639672 -0.00052044024787678902 -0.02592499894794581 0.0007242737830826907 0.0041730201158132699 -0.00052044024787678902 -0.00052044024787678902 -0.00052044024787678902 0.00078978504787002857 -0.00052044024787678902 -0.0031045176847464689 -0.019952045528279484 -0.0036725737757753677 -0.0185163187326307 0.036172696565967194 0.079498067818184304 -0.0031784669362388026 0.038682239130384322 -0.0038824227571017614 -0.00053846457264892231 0.1068220952443493 0.041755731208042081 0.13422437028842088 -0.030127569428062669 -0.025683202129529549 0.029537228220085421 0.028595646885513071 -0.049392822767673324 0.04600531569214239 -0.027223963899497512
leaf_weight=5274 2288 157 32 45 50 1336 133 112 39 154 1658 40 75 41 47 33 62 118 2024 342 49 42 48 34 85 153 31 94 112 218
leaf_count=5274 2288 157 32 45 50 1336 133 112 39 154 1658 40 75 41 47 33 62 118 2024 342 49 42 48 34 85 153 31 94 112 218
internal_value=-0.00506331 -0.00973131 -0.00591594 -0.00191606 0.00266854 -0.00691409 -0.00375683 -0.0104167 0.0166667 -0.0039791 -0.00055636 -0.00148704 -0.000288331 0.000249446 -3.01205e-05 0.00347222 0.00220588 0.00408031 0.000110552 0.00124502 0.0028699 0.0012931 0.00448565 0.0106707 0.000492126 0.00659871 0.011875 -0.00145966 -0.000165782 -0.00128788
internal_weight=14926 7332 2058 411 267 1647 183 144 84 311 7594 1698 5896 3608 3320 288 255 193 3279 1255 784 551 209 82 127 233 80 471 377 330
internal_count=14926 7332 2058 411 267 1647 183 144 84 311 7594 1698 5896 3608 3320 288 255 193 3279 1255 784 551 209 82 127 233 80 471 377 330
is_linear=0
shrinkage=0.05


Tree=90
num_leaves=31
num_cat=0
split_feature=4 19 23 19 19 19 19 19 19 19 19 19 7 2 10 2 4 3 13 8 7 17 10 19 14 8 9 8 1 5
split_gain=128.038 18.0954 3.03113 6.28255 7.96018 2.10107 1.53688 1.3452 0.884094 1.74713 1.16613 1.07111 0.766766 1.60426 1.62905 1.49059 1.43061 1.99047 1.30168 1.96959 1.59095 1.13131 1.09041 1.06886 1.06775 1.76291 1.45768 1.35093 1.87762 1.80183
threshold=1.0000000180025095e-35 45.500000000000007 3.5000000000000004 50.500000000000007 54.500000000000007 52.500000000000007 48.500000000000007 59.500000000000007 67.500000000000014 54.500000000000007 57.500000000000007 48.500000000000007 0.0080000000000000088 0.0033333333333333327 2.183333333333334 0.0058333333333333249 89.833333333333357 4.8333333333333348 10.050000000000002 8.7083333333333339 0.0070833333333333347 6.5000000000000009 2.3875000000000006 44.500000000000007 89.211111111111123 6.1000000000000005 89.90000000000002 8.3666666666666689 0.046666666666666662 2.3666666666666671
decision_type=2 2 2 2 2 2 2 2 2 2 2 2 2 2 2 2 2 2 2 2 2 2 2 2 2 2 2 2 2 2
left_child=1 -1 8 6 5 -5 -4 -6 9 11 -11 -3 13 14 16 21 17 -2 19 -15 -21 -14 -16 -24 -17 -26 -27 28 29 -28
right_child=12 2 3 4 7 -7 -8 -9 -10 10 -12 -13 15 18 22 24 -18 -19 -20 20 -22 -23 23 -25 25 26 27 -29 -30 -31
leaf_value=-0.0004944182354829496 -0.026080491706634013 -0.0004944182354829496 -0.024628749000548521 0.00068806009392855536 0.0039643691100226088 0.00075029579547652991 -0.0004944182354829496 -0.0004944182354829496 -0.0004944182354829496 0.029442428726435994 -0.0004944182354829496 -0.0004944182354829496 -0.042879652616141087 0.010433036917853744 -0.039453804041844343 -0.0021645621113263514 0.075582062918333581 0.020460122737503261 0.065562397278169857 0.0018756782916531699 -0.062711227361719413 -0.00071269639928157609 0.0067780485964803036 -0.02000752919522588 0.038540206293516135 0.11015580300218408 -0.034772985252150314 0.0066558502957818622 -0.038918412164980792 0.019416062309943079
leaf_weight=5287 67 311 33 42 48 40 126 143 81 85 132 1037 77 464 52 5052 66 35 35 70 51 54 108 274 210 48 61 583 163 130
leaf_count=5287 67 311 33 42 48 40 126 143 81 85 132 1037 77 464 52 5052 66 35 35 70 51 54 108 274 210 48 61 583 163 130
internal_value=-0.00506599 -0.00976409 -0.00581088 -0.00208333 0.00251832 0.0155488 -0.00998428 -0.00307592 -0.00678919 -0.00652556 -0.00236175 -0.00719585 -0.000513158 0.000634206 -0.00120432 -0.000732988 0.00297619 -0.000735294 0.00241935 0.00185897 -0.00382231 -0.00601145 -0.00282258 -0.00189791 -0.000622299 0.000721757 -0.000164975 -0.00060032 -0.00303672 0.000327225
internal_weight=14965 7365 2078 432 273 82 159 191 1646 1565 217 1348 7600 1222 602 6378 168 102 620 585 121 131 434 382 6247 1195 985 937 354 191
internal_count=14965 7365 2078 432 273 82 159 191 1646 1565 217 1348 7600 1222 602 6378 168 102 620 585 121 131 434 382 6247 1195 985 937 354 191
is_linear=0
shrinkage=0.05


Tree=91
num_leaves=31
num_cat=0
split_feature=4 19 23 19 19 19 19 19 19 19 19 19 12 13 7 13 2 2 2 19 4 4 11 11 13 8 9 5 12 8
split_gain=124.063 18.0954 3.03113 6.28255 7.96018 2.10107 1.53688 1.3452 0.884094 1.74713 1.16613 1.07111 0.867267 2.41922 1.37957 1.19028 1.18749 1.10522 0.935855 1.58518 0.920819 1.0489 2.05149 2.6773 1.46823 1.66392 1.31396 1.30069 1.28844 1.18848
threshold=1.0000000180025095e-35 45.500000000000007 3.5000000000000004 50.500000000000007 54.500000000000007 52.500000000000007 48.500000000000007 59.500000000000007 67.500000000000014 54.500000000000007 57.500000000000007 48.500000000000007 0.095357142857142876 2.9500000000000006 0.13900000000000004 3.6125000000000003 0.17166666666666672 0.025833333333333319 0.0033333333333333327 61.500000000000007 61.750000000000007 81.166666666666671 0.23292857142857146 0.25585714285714295 4.1055555555555561 4.9000000000000012 81.366666666666688 4.291666666666667 0.0068333333333333345 3.9000000000000004
decision_type=2 2 2 2 2 2 2 2 2 2 2 2 2 2 2 2 2 2 2 2 2 2 2 2 2 2 2 2 2 2
left_child=1 -1 8 6 5 -5 -4 -6 9 11 -11 -3 18 -14 16 -16 17 -15 19 -2 -20 22 -22 -24 -25 -26 -23 29 -29 -28
right_child=12 2 3 4 7 -7 -8 -9 -10 10 -12 -13 13 14 15 -17 -18 -19 20 -21 21 26 23 24 25 -27 27 28 -30 -31
leaf_value=-0.00046969732370880215 -0.0049966594693437233 -0.00046969732370880215 -0.023397311550521094 0.00065365708923212926 0.0037661506545214776 0.00071278100570270069 -0.00046969732370880215 -0.00046969732370880215 -0.00046969732370880215 0.027970307290114196 -0.00046969732370880215 -0.00046969732370880215 0.04058057722314673 0.024058647616575203 -0.018571381402149457 -0.0005877587520194405 0.045821547837527038 -0.018122557733125062 0.0077141061221515433 -0.040735669985334032 -0.0030331401919480362 0.032091148336753042 0.1335175554950761 -0.00042407744505782444 0.10616391093955789 0.001204892638627031 -0.010530370013788449 0.081234858436221719 -0.0090595553993767456 0.0077817656074183452
leaf_weight=5287 603 311 33 42 48 40 126 143 81 85 132 1037 30 31 88 1007 56 680 31 35 1534 139 31 183 30 64 256 37 916 1849
leaf_count=5287 603 311 33 42 48 40 126 143 81 85 132 1037 30 31 88 1007 56 680 31 35 1534 139 31 183 30 64 256 37 916 1849
internal_value=-0.00513949 -0.00976409 -0.00581088 -0.00208333 0.00251832 0.0155488 -0.00998428 -0.00307592 -0.00678919 -0.00652556 -0.00236175 -0.00719585 -0.000657895 -0.00158562 -0.00181257 -0.000673516 -0.00343872 -0.00399086 -0.000350385 -0.00215517 -0.000123274 -0.000176126 -0.00112649 0.0025974 0.00103791 0.00611702 0.000371442 0.00015533 -0.00137723 0.000849169
internal_weight=14965 7365 2078 432 273 82 159 191 1646 1565 217 1348 7600 1892 1862 1095 767 711 5708 638 5070 5039 1842 308 277 94 3197 3058 953 2105
internal_count=14965 7365 2078 432 273 82 159 191 1646 1565 217 1348 7600 1892 1862 1095 767 711 5708 638 5070 5039 1842 308 277 94 3197 3058 953 2105
is_linear=0
shrinkage=0.05


Tree=92
num_leaves=31
num_cat=0
split_feature=4 19 23 19 19 19 19 19 4 8 3 4 12 12 0 3 3 0 13 9 8 1 1 8 3 8 0 12 5 9
split_gain=125.862 18.0954 3.03113 6.28255 7.96018 2.10107 1.53688 1.3452 0.933043 1.056 1.57955 1.2274 0.976033 1.70153 2.60106 1.85024 1.62078 1.58496 1.5357 1.13681 1.0786 1.97067 1.32841 1.6046 1.24524 1.05134 1.02434 1.16 1.01673 0.999188
threshold=1.0000000180025095e-35 45.500000000000007 3.5000000000000004 50.500000000000007 54.500000000000007 52.500000000000007 48.500000000000007 59.500000000000007 81.166666666666671 10.366666666666669 9.8333333333333339 80.583333333333357 0.094642857142857154 0.13450000000000004 4.166666666666667 5.5833333333333348 8.8333333333333339 5.8333333333333348 5.7638888888888902 81.366666666666688 8.5500000000000025 0.13166666666666671 0.054166666666666696 9.9000000000000021 6.166666666666667 5.9000000000000012 5.166666666666667 0.034722222222222231 3.3666666666666671 83.550000000000011
decision_type=2 2 2 2 2 2 2 2 2 2 2 2 2 2 2 2 2 2 2 2 2 2 2 2 2 2 2 2 2 2
left_child=1 -1 -3 6 5 -5 -4 -6 9 10 11 -2 19 20 16 18 29 -17 -16 26 24 22 23 -22 25 -14 27 -10 -18 -15
right_child=8 2 3 4 7 -7 -8 -9 12 -11 -12 -13 13 14 15 17 28 -19 -20 -21 21 -23 -24 -25 -26 -27 -28 -29 -30 -31
leaf_value=-0.000446212457523362 -0.0011491101245676982 -0.000446212457523362 -0.022227445972995041 0.00062097423477052165 0.0035778431217954043 0.00067714195541756508 -0.000446212457523362 -0.000446212457523362 -0.024370610724432404 -0.017457626675332405 0.047768367283287212 -0.031198589321939665 -0.020169100043891434 -0.020972665566960275 -0.017967135236385358 -0.047991037407994402 0.032254860584238675 -0.0017150666092395463 0.1499226806636452 9.034506320297343e-05 0.025729547159898659 0.10915890328105511 -0.038402922662151923 -0.025240211685505189 -0.036713066364066509 0.023072484110870085 0.087651076908860093 0.025399172993173805 0.19835639564699861 0.029324574567611984
leaf_weight=5287 2375 1646 33 42 48 40 126 143 56 93 56 109 106 70 61 177 32 110 32 3550 35 44 56 33 258 49 32 52 30 184
leaf_count=5287 2375 1646 33 42 48 40 126 143 56 93 56 109 106 70 61 177 32 110 32 3550 35 44 56 33 258 49 32 52 30 184
internal_value=-0.00510608 -0.00976409 -0.00581088 -0.00208333 0.00251832 0.0155488 -0.00998428 -0.00307592 -0.000592105 -0.00135302 -0.00116142 -0.00134863 -0.000188746 -0.00138019 0.000287356 -0.0025 0.00363924 -0.00448606 0.00362903 0.000223577 -0.0033778 0 -0.00322581 0.00147059 -0.00475182 -0.00120968 0.00464286 0.00231481 0.0108871 0.00187008
internal_weight=14965 7365 2078 432 273 82 159 191 7600 2633 2540 2484 4967 1277 696 380 316 287 93 3690 581 168 124 68 413 155 140 108 62 254
internal_count=14965 7365 2078 432 273 82 159 191 7600 2633 2540 2484 4967 1277 696 380 316 287 93 3690 581 168 124 68 413 155 140 108 62 254
is_linear=0
shrinkage=0.05


Tree=93
num_leaves=31
num_cat=0
split_feature=4 19 23 19 19 19 19 19 12 13 7 2 2 4 17 2 5 9 12 13 0 12 4 19 3 5 11 11 5 5
split_gain=126.043 18.0954 3.03113 6.28255 7.96018 2.10107 1.53688 1.3452 0.904136 2.4011 1.25255 1.14373 1.0718 1.00093 1.65961 1.54383 1.23207 1.14048 1.04153 2.21172 1.02434 1.16 1.02295 0.980444 1.13205 1.87606 0.944566 2.08794 2.80362 2.1897
threshold=1.0000000180025095e-35 45.500000000000007 3.5000000000000004 50.500000000000007 54.500000000000007 52.500000000000007 48.500000000000007 59.500000000000007 0.095357142857142876 2.9500000000000006 0.13900000000000004 0.17166666666666672 0.025833333333333319 81.166666666666671 5.5000000000000009 0.091666666666666688 5.7750000000000012 81.366666666666688 0.014142857142857146 3.0500000000000003 5.166666666666667 0.034722222222222231 61.750000000000007 42.500000000000007 7.5833333333333348 2.4500000000000006 0.14950000000000005 0.25585714285714295 4.1000000000000005 5.1000000000000005
decision_type=2 2 2 2 2 2 2 2 2 2 2 2 2 2 2 2 2 2 2 2 2 2 2 2 2 2 2 2 2 2
left_child=1 -1 -3 6 5 -5 -4 -6 13 -10 11 12 -11 14 15 22 18 20 -16 -20 21 -15 -2 -24 -25 -26 -12 28 -28 -30
right_child=8 2 3 4 7 -7 -8 -9 9 10 26 -13 -14 17 16 -17 -18 -19 19 -21 -22 -23 23 24 25 -27 27 -29 29 -31
leaf_value=-0.00042390183464719388 0.0073858563222723552 -0.00042390183464719388 -0.021116073674345287 0.00058992552303199774 0.0033989509657056331 0.00064328485764668657 -0.00042390183464719388 -0.00042390183464719388 0.039354938279466962 0.022241204309863167 -0.0025870601845021297 0.044663151346565948 -0.017177909698259299 -0.023152080188210772 -0.025700377375303549 0.11003305342197529 0.10345236895646258 7.0659559094560229e-05 0.10639385763543203 -0.010502216413394617 0.083268523063417088 0.024129214343515115 -0.024469178641606741 -0.00025199039373463572 0.085601018582191366 0.00064203103808023747 -0.0033563316209599403 -0.014319696364124647 0.2108154332176834 0.072676802665900403
leaf_weight=5287 43 1646 33 42 48 40 126 143 30 31 732 56 680 56 94 35 31 3560 57 627 32 52 143 833 41 104 71 214 35 43
leaf_count=5287 43 1646 33 42 48 40 126 143 30 31 732 56 680 56 94 35 31 3560 57 627 32 52 143 833 41 104 71 214 35 43
internal_value=-0.00510274 -0.00976409 -0.00581088 -0.00208333 0.00251832 0.0155488 -0.00998428 -0.00307592 -0.000585526 -0.00153277 -0.00175886 -0.00330834 -0.00385021 -0.000271549 -0.00117032 1.04254e-05 -0.00292027 0.000216216 -0.00330977 -0.00263158 0.00464286 0.00231481 -0.000300687 -0.00059099 -2.55624e-05 0.00405172 -0.000673516 0.00141185 0.00595638 0.0125
internal_weight=14965 7365 2078 432 273 82 159 191 7600 1892 1862 767 711 5708 2008 1199 809 3700 778 684 140 108 1164 1121 978 145 1095 363 149 78
internal_count=14965 7365 2078 432 273 82 159 191 7600 1892 1862 767 711 5708 2008 1199 809 3700 778 684 140 108 1164 1121 978 145 1095 363 149 78
is_linear=0
shrinkage=0.05


Tree=94
num_leaves=31
num_cat=0
split_feature=4 19 23 19 19 19 19 19 12 7 19 2 6 6 11 19 6 14 7 2 8 3 1 7 1 6 0 19 0 5
split_gain=126.043 18.0954 3.03113 6.28255 7.96018 2.10107 1.53688 1.3452 1.06182 1.32424 1.00672 1.15699 0.979579 1.94636 1.63912 1.60968 1.19763 1.07012 0.96198 1.06314 1.08334 1.92452 1.41911 1.3841 1.23528 1.57755 1.188 1.0584 0.937039 1.75652
threshold=1.0000000180025095e-35 45.500000000000007 3.5000000000000004 50.500000000000007 54.500000000000007 52.500000000000007 48.500000000000007 59.500000000000007 0.095357142857142876 0.13900000000000004 46.500000000000007 0.085833333333333331 0.09600000000000003 0.29775000000000001 0.12100000000000002 69.500000000000014 0.077750000000000027 88.183333333333351 0.13500000000000006 0.17166666666666672 8.1000000000000014 6.166666666666667 0.02583333333333333 0.10450000000000002 0.0033333333333333388 0.063666666666666691 2.5833333333333335 58.500000000000007 7.416666666666667 4.5500000000000007
decision_type=2 2 2 2 2 2 2 2 2 2 2 2 2 2 2 2 2 2 2 2 2 2 2 2 2 2 2 2 2 2
left_child=1 -1 -3 6 5 -5 -4 -6 -2 18 -11 -12 14 28 16 -15 17 -13 19 20 21 24 -22 -24 -10 -26 -27 -28 29 -14
right_child=8 2 3 4 7 -7 -8 -9 9 10 11 12 13 15 -16 -17 -18 -19 -20 -21 22 -23 23 -25 25 26 27 -29 -30 -31
leaf_value=-0.00040270674291483416 -0.0004268411664700378 -0.00040270674291483416 -0.020060269990628023 0.00056042924688040065 0.0032290034174203511 0.00061112061476435448 -0.00040270674291483416 -0.00040270674291483416 -0.0075604050326993581 -0.0065859693480775751 0.055073645811288374 -0.0050342337714586079 0.0043283527056969034 -0.036188650209247546 0.052227702467899567 0.0020253732564835757 -0.041766529102519233 0.0096246536757254152 -0.032866064054150428 0.095321050682610431 0.034988196636403367 -0.02956811909195587 -0.02511879021457274 0.065528574792385316 0.051685336281166672 0.038773369928112679 -0.017087921032183578 0.075858915781116004 -0.018994425275725663 0.095739437346241019
leaf_weight=5287 5708 1646 33 42 48 40 126 143 37 108 63 295 168 65 33 85 76 74 61 43 47 248 80 36 62 40 82 43 36 110
leaf_count=5287 5708 1646 33 42 48 40 126 143 37 108 63 295 168 65 33 85 76 74 61 43 47 248 80 36 62 40 82 43 36 110
internal_value=-0.00510274 -0.00976409 -0.00581088 -0.00208333 0.00251832 0.0155488 -0.00998428 -0.00307592 -0.000585526 -0.00161205 -0.000505391 -1.24378e-05 -0.000451168 0.00118534 -0.00203975 -0.0035 -0.00283708 -0.00165989 -0.0031932 -0.00268106 -0.00316667 -0.00429688 0.000383436 -0.00258621 -0.00132576 5.50661e-05 -0.0025 -0.0049 0.00342357 0.00440647
internal_weight=14965 7365 2078 432 273 82 159 191 7600 1892 1113 1005 942 464 478 150 445 369 779 718 675 512 163 116 264 227 165 125 314 278
internal_count=14965 7365 2078 432 273 82 159 191 7600 1892 1113 1005 942 464 478 150 445 369 779 718 675 512 163 116 264 227 165 125 314 278
is_linear=0
shrinkage=0.05


Tree=95
num_leaves=31
num_cat=0
split_feature=4 23 23 25 12 8 12 1 23 23 24 8 8 16 2 2 5 5 10 17 1 14 2 9 12 7 12 1 0 9
split_gain=126.442 6.0082 2.82926 1.22264 0.90344 1.37816 0.991496 1.07892 0.6982 0.638754 1.0927 1.22624 1.59211 1.15587 1.07465 1.11928 1.36235 1.01334 1.35191 1.6434 2.86231 1.30712 1.35135 1.09991 0.948229 1.26911 1.31425 1.57348 0.947773 1.24452
threshold=1.0000000180025095e-35 3.5000000000000004 1.5000000000000002 1.5000000000000002 0.2960000000000001 5.9000000000000012 0.24050000000000005 0.19500000000000003 2.5000000000000004 2.5000000000000004 4.5000000000000009 12.366666666666669 13.633333333333335 4.5000000000000009 0.0033333333333333405 0.013333333333333336 2.4500000000000006 6.7083333333333348 5.6833333333333345 9.5000000000000018 0.019999999999999993 88.472222222222243 0.056666666666666692 70.708333333333357 0.04414285714285715 0.028000000000000014 0.017638888888888895 0.22000000000000006 1.8333333333333337 87.100000000000009
decision_type=2 2 2 2 2 2 2 2 2 2 2 2 2 2 2 2 2 2 2 2 2 2 2 2 2 2 2 2 2 2
left_child=1 2 -1 4 6 -6 9 -8 -4 10 11 17 -13 -12 -11 16 -16 18 23 20 -20 -19 -23 -2 25 26 27 -18 -25 -30
right_child=3 -3 8 -5 5 -7 7 -9 -10 14 13 12 -14 -15 15 -17 24 21 19 -21 -22 22 -24 28 -26 -27 -28 -29 29 -31
leaf_value=-0.00038257140576909249 0.0021799672477950116 -0.00038257140576909249 -0.00038257140576909249 0.14313589567434012 0.10352199675636337 -0.0012188397806782159 -0.03845775737519197 0.0098674736059643168 -0.00038257140576909249 -0.0080124028011372174 0.0045162202205610317 0.15980160359964229 -0.026629102997104848 -0.027142444847176039 0.06438283526396206 -0.0020701717041464395 -0.0049538848815802172 -0.037248012036781589 1.0951132927798647e-05 -0.0073618675114083491 0.13627702850196327 0.054927823642179879 -0.065525002952678532 -0.0070297170845645858 0.087994988695210566 -0.052851485596960124 0.055961004472049415 0.0089864117397006841 0.025692942338221093 -0.0007550587870405024
leaf_weight=1164 47 841 2069 32 34 57 88 42 3254 188 46 38 38 112 92 3307 181 81 36 57 39 37 37 718 46 58 48 65 514 1572
leaf_count=1164 47 841 2069 32 34 57 88 42 3254 188 46 38 38 112 92 3307 181 81 36 57 39 37 37 718 46 58 48 65 514 1572
internal_value=-0.00489189 -0.00957969 -0.0100952 -0.000377792 -0.000418976 0.00453297 -0.000479164 -0.00480769 -0.00960689 -0.000402678 0.000103796 0.00030336 0.00657895 -0.0039557 -0.000831242 -0.000648538 0.00158163 0.00015137 0.000356185 0.00530303 0.0101667 -0.00379032 0.00101351 0.000127148 0.00031407 -0.000568182 0.000765306 -0.000711382 0 0.00053931
internal_weight=14938 7328 6487 7610 7578 91 7487 130 5323 7357 3372 3214 76 158 3985 3797 490 3138 2983 132 75 155 74 2851 398 352 294 246 2804 2086
internal_count=14938 7328 6487 7610 7578 91 7487 130 5323 7357 3372 3214 76 158 3985 3797 490 3138 2983 132 75 155 74 2851 398 352 294 246 2804 2086
is_linear=0
shrinkage=0.05


Tree=96
num_leaves=31
num_cat=0
split_feature=4 19 23 19 19 19 19 19 23 25 19 19 19 10 12 10 7 12 13 2 7 12 10 13 8 19 2 7 8 8
split_gain=126.262 18.3116 4.56512 6.22077 9.29541 1.18224 1.08763 1.10938 0.916896 0.863645 0.699711 1.8224 0.766145 0.661668 1.14181 0.963542 0.690189 2.59604 3.18794 1.48281 1.21412 1.48793 2.34757 2.58195 2.18281 2.44933 1.76371 1.5476 1.26956 2.5859
threshold=1.0000000180025095e-35 46.500000000000007 3.5000000000000004 51.500000000000007 59.500000000000007 48.500000000000007 54.500000000000007 52.500000000000007 1.5000000000000002 1.5000000000000002 67.500000000000014 54.500000000000007 57.500000000000007 7.354166666666667 0.10950000000000003 7.1055555555555561 0.037750000000000013 0.056125000000000015 8.9500000000000011 0.023333333333333327 0.054000000000000027 0.06316666666666669 2.7321428571428577 9.0500000000000025 3.3666666666666671 47.500000000000007 0.07583333333333335 0.069000000000000047 9.1000000000000014 9.5500000000000025
decision_type=2 2 2 2 2 2 2 2 2 2 2 2 2 2 2 2 2 2 2 2 2 2 2 2 2 2 2 2 2 2
left_child=1 8 5 -4 6 -3 7 -5 -1 13 11 -7 -13 15 -15 16 17 -2 19 -19 -18 22 -22 24 -24 26 -26 -25 -23 -30
right_child=9 2 3 4 -6 10 -8 -9 -10 -11 -12 12 -14 14 -16 -17 20 18 -20 -21 21 28 23 27 25 -27 -28 -29 29 -31
leaf_value=-0.00036344283548063786 -0.00069983604363935701 -0.00036344283548063786 -0.00036344283548063786 0.00055153635482483871 -0.00036344283548063786 -0.00036344283548063786 0.0030866818168377888 0.038050559705724088 -0.00036344283548063786 0.13597910089062312 -0.00036344283548063786 0.026654561547651209 -0.00036344283548063786 -0.00020595941798344787 0.062635091022788511 -0.046637477614115005 -0.0083515100302950177 0.036041884857335886 -0.019604626156912122 0.1676227711784517 -0.014540515003685403 -0.0034546302767197059 -0.031045400820291807 0.043692258559692478 -0.017566484994833154 0.11636082163466627 0.097034867682055048 -0.046960909375190069 0.11254910232286659 0.00019532479331996755
leaf_weight=1107 3414 296 147 44 135 1034 48 38 4185 32 81 82 131 83 34 31 869 33 30 40 122 2124 32 57 30 132 32 81 48 386
leaf_count=1107 3414 296 147 44 135 1034 48 38 4185 32 81 82 131 83 34 31 869 33 30 40 122 2124 32 57 30 132 32 81 48 386
internal_value=-0.00489523 -0.00957969 -0.0055501 -0.000849515 0.00372642 -0.00674261 0.0132692 0.0167683 -0.01113 -0.000384363 -0.00737952 -0.00708701 -0.00287559 -0.000418976 0.00331197 -0.000477483 -0.000440781 6.75291e-05 0.00788835 0.0135274 -0.000897649 -0.00042707 0.00210905 0.00412088 0.0074115 0.00940722 0.00120968 -0.00126812 -0.000908913 0.0015553
internal_weight=14938 7328 2036 412 265 1624 130 82 5292 7610 1328 1247 213 7578 117 7461 7430 3517 103 73 3913 3044 486 364 226 194 62 138 2558 434
internal_count=14938 7328 2036 412 265 1624 130 82 5292 7610 1328 1247 213 7578 117 7461 7430 3517 103 73 3913 3044 486 364 226 194 62 138 2558 434
is_linear=0
shrinkage=0.05


Tree=97
num_leaves=31
num_cat=0
split_feature=4 19 23 19 19 19 19 23 19 19 19 19 24 25 19 19 12 3 7 6 6 19 6 19 6 11 11 7 11 11
split_gain=130.75 15.674 1.92824 3.49825 4.51931 1.18224 1.07567 0.916896 0.699711 1.8224 0.766145 0.621744 0.764541 0.557951 0.547305 0.588636 0.531531 1.43973 1.25448 1.50161 1.27878 1.49482 1.47891 1.26012 1.24651 1.39645 1.1213 1.06673 1.48233 1.51402
threshold=1.0000000180025095e-35 46.500000000000007 3.5000000000000004 51.500000000000007 53.500000000000007 48.500000000000007 59.500000000000007 1.5000000000000002 67.500000000000014 54.500000000000007 57.500000000000007 47.500000000000007 2.7500000000000004 1.5000000000000002 59.500000000000007 58.500000000000007 0.094642857142857154 2.5833333333333335 0.11450000000000003 0.079000000000000015 0.09600000000000003 62.500000000000007 0.29300000000000009 62.500000000000007 0.19100000000000003 0.23950000000000002 0.054722222222222235 0.12400000000000003 0.15049999999999999 0.11800000000000002
decision_type=2 2 2 2 2 2 2 2 2 2 2 2 2 2 2 2 2 2 2 2 2 2 2 2 2 2 2 2 2 2
left_child=1 7 5 -4 -5 11 -6 -1 9 -7 -11 -3 -13 16 15 -12 -2 -18 19 26 21 -20 27 -24 -21 -26 -19 -22 29 -29
right_child=13 2 3 4 6 8 -8 -9 -10 10 14 12 -14 -15 -16 -17 17 18 20 24 22 -23 23 -25 25 -27 -28 28 -30 -31
leaf_value=-0.00034527069370660595 -0.0004354724253491538 -0.00034527069370660595 -0.00034527069370660595 0.00052395953708359586 0.0029323477259958989 -0.00034527069370660595 -0.00034527069370660595 -0.00034527069370660595 -0.00034527069370660595 0.025321833470268645 -0.00034527069370660595 0.049654729306293395 -0.00034527069370660595 0.129180145846092 -0.00034527069370660595 -0.00034527069370660595 0.10314809735686553 -0.012198499871411424 -0.0017413589013247745 -0.023857020830120292 0.17657989112142142 -0.0049625931096284326 -0.040180071865194338 -0.0025042915989344551 0.12849572287265854 -0.056254299986423534 0.036080326409882013 0.015557992026280748 0.070632653018030567 -0.030181116438720613
leaf_weight=1107 5651 132 147 54 76 1034 135 4185 81 82 40 31 133 32 54 37 38 216 576 193 31 125 55 148 33 42 55 107 201 107
leaf_count=1107 5651 132 147 54 76 1034 135 4185 81 82 40 31 133 32 54 37 38 216 576 193 31 125 55 148 33 42 55 107 201 107
internal_value=-0.00492871 -0.00969569 -0.00596758 -0.00291262 0.000518868 -0.00674261 -0.00278436 -0.01113 -0.00737952 -0.00708701 -0.00287559 -0.00388514 -0.00182927 -0.000338371 -0.00524809 -0.00795455 -0.000366192 -0.00108329 -0.00127713 -0.00331633 -0.000462963 -0.00194365 0.00113636 -0.00240148 -0.00597015 -0.0005 -0.000691882 0.00274664 0.00207831 -0.000817757
internal_weight=14938 7328 2036 412 265 1624 211 5292 1328 1247 213 296 164 7610 131 77 7578 1927 1889 539 1350 701 649 203 268 75 271 446 415 214
internal_count=14938 7328 2036 412 265 1624 211 5292 1328 1247 213 296 164 7610 131 77 7578 1927 1889 539 1350 701 649 203 268 75 271 446 415 214
is_linear=0
shrinkage=0.05


Tree=98
num_leaves=31
num_cat=0
split_feature=4 19 23 19 19 19 19 23 19 19 19 19 24 5 11 6 1 11 10 4 26 19 12 5 14 8 10 19 8 11
split_gain=130.75 15.674 1.92824 3.49825 4.51931 1.18224 1.07567 0.916896 0.699711 1.8224 0.766145 0.621744 0.764541 0.571117 0.752841 1.34112 0.874276 1.01743 3.10993 1.75168 1.40833 1.24528 1.31337 1.08551 0.975034 1.20048 1.08533 1.49864 1.00627 0.981211
threshold=1.0000000180025095e-35 46.500000000000007 3.5000000000000004 51.500000000000007 53.500000000000007 48.500000000000007 59.500000000000007 1.5000000000000002 67.500000000000014 54.500000000000007 57.500000000000007 47.500000000000007 2.7500000000000004 9.5000000000000018 0.48225000000000012 0.54700000000000015 0.60583333333333356 0.27633333333333338 3.6125000000000003 77.833333333333357 1.0000000180025095e-35 58.500000000000007 0.017071428571428574 2.3666666666666671 84.7638888888889 4.7750000000000012 5.1180555555555562 69.500000000000014 5.5500000000000007 0.033166666666666678
decision_type=2 2 2 2 2 2 2 2 2 2 2 2 2 2 2 2 2 2 2 2 2 2 2 2 2 2 2 2 2 2
left_child=1 7 5 -4 -5 11 -6 -1 9 -7 -11 -3 -13 14 15 16 17 21 19 20 -19 -2 -23 -20 25 26 27 -24 -26 -27
right_child=13 2 3 4 6 8 -8 -9 -10 10 -12 12 -14 -15 -16 -17 -18 18 23 -21 -22 22 24 -25 28 29 -28 -29 -30 -31
leaf_value=-0.00032800715902127565 -0.00058174836518054551 -0.00032800715902127565 -0.00032800715902127565 0.00049776156022941504 0.0027857303396961021 -0.00032800715902127565 -0.00032800715902127565 -0.00032800715902127565 -0.00032800715902127565 0.024055741796755216 -0.00032800715902127565 0.047171992840978727 -0.00032800715902127565 0.026361844668669667 -0.017405755405637015 0.07099852214778761 -0.048023165484238718 -0.036505289128161048 -0.03687768448924398 0.20699673105400815 0.0027069353752343876 0.041795444207528135 -0.0059064973750967533 0.00079878885580794701 0.03250079328696228 0.0024438073609005379 -0.037177853251997038 0.089756385828273777 -0.012174760798490648 -0.026713551534043003
leaf_weight=1107 5761 132 147 54 76 1034 135 4185 81 82 131 31 133 45 165 31 41 37 31 49 39 56 135 398 84 44 32 36 341 285
leaf_count=1107 5761 132 147 54 76 1034 135 4185 81 82 131 31 133 45 165 31 41 37 31 49 39 56 135 398 84 44 32 36 341 285
internal_value=-0.00492871 -0.00969569 -0.00596758 -0.00291262 0.000518868 -0.00674261 -0.00278436 -0.01113 -0.00737952 -0.00708701 -0.00287559 -0.00388514 -0.00182927 -0.000338371 -0.000371778 -0.000297297 -0.000340955 -0.000300218 0.00175993 0.0087 0.00394737 -0.000468704 -0.00208539 -0.000262238 -0.0025209 -0.00394737 -0.000923645 0.000657895 -0.000735294 -0.00581307
internal_weight=14938 7328 2036 412 265 1624 211 5292 1328 1247 213 296 164 7610 7565 7400 7369 7328 554 125 76 6774 1013 429 957 532 203 171 425 329
internal_count=14938 7328 2036 412 265 1624 211 5292 1328 1247 213 296 164 7610 7565 7400 7369 7328 554 125 76 6774 1013 429 957 532 203 171 425 329
is_linear=0
shrinkage=0.05


Tree=99
num_leaves=31
num_cat=0
split_feature=9 19 23 19 19 19 19 23 19 19 19 19 24 24 16 2 19 6 11 12 14 12 1 11 19 19 19 19 19 7
split_gain=131.669 15.674 1.92824 3.49825 4.51931 1.18224 1.07567 0.916896 0.699711 1.8224 0.766145 0.621744 0.764541 0.573575 0.913748 1.04579 0.955996 1.11826 1.00655 0.624352 2.04586 0.750343 0.737355 0.618296 0.547305 0.588636 0.531 0.686887 1.3242 0.518316
threshold=1.0000000180025095e-35 46.500000000000007 3.5000000000000004 51.500000000000007 53.500000000000007 48.500000000000007 59.500000000000007 1.5000000000000002 67.500000000000014 54.500000000000007 57.500000000000007 47.500000000000007 2.7500000000000004 4.5000000000000009 4.5000000000000009 0.029999999999999978 48.500000000000007 0.13100000000000003 0.051180555555555562 0.2960000000000001 80.732142857142875 0.24050000000000005 0.19500000000000003 0.25585714285714295 59.500000000000007 58.500000000000007 53.500000000000007 50.500000000000007 51.500000000000007 0.14450000000000005
decision_type=2 2 2 2 2 2 2 2 2 2 2 2 2 2 2 2 2 2 2 2 2 2 2 2 2 2 2 2 2 2
left_child=1 7 5 -4 -5 11 -6 -1 9 26 -11 -3 -13 19 15 -15 -16 18 -18 21 -21 29 -23 -19 25 -12 27 -7 -29 -2
right_child=13 2 3 4 6 8 -8 -9 -10 10 24 12 -14 14 16 -17 17 23 -20 20 -22 22 -24 -25 -26 -27 -28 28 -30 -31
leaf_value=-0.00031160680107021187 -0.00079852968302895899 -0.00031160680107021187 -0.00031160680107021187 0.00047287348221794478 0.0026464438227112976 -0.00031160680107021187 -0.00031160680107021187 -0.00031160680107021187 -0.00031160680107021187 0.022852954706917457 -0.00031160680107021187 0.044813393198929789 -0.00031160680107021187 0.0059871724615138573 -0.022596485252299688 -0.013675562356046384 -0.01379796558262969 -0.039981919864425487 0.01239795277983511 -0.0018327821016817791 0.08800805029549319 -0.034544062759318754 0.0072763456250971806 -0.020575880619306288 -0.00031160680107021187 -0.00031160680107021187 -0.00031160680107021187 0.049622881934142452 -0.00037711806585755277 0.0024406992439518827
leaf_weight=1107 6213 132 147 54 76 679 135 4185 81 82 40 31 133 63 96 43 43 34 45 56 32 86 39 37 54 37 201 51 103 823
leaf_count=1107 6213 132 147 54 76 679 135 4185 81 82 40 31 133 63 96 43 43 34 45 56 32 86 39 37 54 37 201 51 103 823
internal_value=-0.00491197 -0.00969569 -0.00596758 -0.00291262 0.000518868 -0.00674261 -0.00278436 -0.01113 -0.00737952 -0.00708701 -0.00287559 -0.00388514 -0.00182927 -0.000305519 -0.00225069 0.00165094 -0.00387255 -0.00149371 0.00227273 -0.000208649 0.00397727 -0.000260089 -0.0041 -0.00616197 -0.00524809 -0.00795455 -0.00795455 -0.00739796 -0.00438312 -0.00019187
internal_weight=14938 7328 2036 412 265 1624 211 5292 1328 1247 213 296 164 7610 361 106 255 159 88 7249 88 7161 125 71 131 77 1034 833 154 7036
internal_count=14938 7328 2036 412 265 1624 211 5292 1328 1247 213 296 164 7610 361 106 255 159 88 7249 88 7161 125 71 131 77 1034 833 154 7036
is_linear=0
shrinkage=0.05


Tree=100
num_leaves=31
num_cat=0
split_feature=4 5 14 4 5 6 4 14 17 0 12 10 11 10 10 14 16 11 1 1 1 5 2 3 12 12 4 3 10 10
split_gain=133.701 1.24012 0.832364 1.32025 1.03454 1.15215 0.922339 1.70247 1.61398 1.36058 1.55507 1.42496 1.55786 2.01516 1.69514 1.59749 1.43453 0.877651 2.47309 1.93229 1.88172 1.79638 1.37544 1.32043 1.30366 1.15552 1.82859 1.61025 2.75965 1.15741
threshold=1.0000000180025095e-35 9.6333333333333346 71.083333333333357 73.166666666666671 3.6333333333333337 0.12633333333333338 81.166666666666671 78.683333333333351 8.5000000000000018 1.4166666666666667 0.03527777777777779 2.5634920634920637 0.24366666666666667 2.1547619047619051 1.9500000000000002 77.183333333333351 3.5000000000000004 0.17050000000000001 0.14666666666666675 0.34500000000000003 0.22833333333333339 4.9000000000000012 0.071666666666666698 4.416666666666667 0.014142857142857146 0.07105555555555558 74.833333333333357 6.5833333333333348 3.4722222222222228 3.2928571428571431
decision_type=2 2 2 2 2 2 2 2 2 2 2 2 2 2 2 2 2 2 2 2 2 2 2 2 2 2 2 2 2 2
left_child=-1 2 3 4 -2 -6 9 8 -8 10 -4 12 13 14 -11 -15 -16 18 23 20 22 -22 24 -13 -19 27 -27 28 -25 -28
right_child=1 -3 6 -5 5 -7 7 -9 -10 11 -12 17 -14 15 16 -17 -18 19 -20 -21 21 -23 -24 25 -26 26 29 -29 -30 -31
leaf_value=-0.00029602646101670128 0.00030898803373571041 0.065049339510892118 -0.030111077323687799 -0.0052161402918110555 0.026445217443380121 0.00079877589716899626 0.0038067324860199705 -0.0014735469901766718 0.097690228513707442 0.0033432106381226373 0.0012908736411171131 -0.0070306400784990678 0.0060564197648236284 0.1368688157969094 -0.0009832074280174631 1.1653797318150751e-05 -0.021063169002433449 -0.010228668976040562 -0.027686460628861244 -0.010243491153625618 0.03009195813737069 0.12655441232718431 -0.013258339046090485 0.14547984111650175 0.093172179144898365 0.19166666890789147 -0.020960323097627444 -0.014615343812895993 -0.0070414431325140697 0.032402160000185067
leaf_weight=7373 528 32 109 46 63 82 77 4862 45 72 41 215 30 52 87 58 63 40 181 169 103 37 65 30 66 30 83 208 65 90
leaf_count=7373 528 32 109 46 63 82 77 4862 45 72 41 215 30 52 87 58 63 40 181 169 103 37 65 30 66 30 83 208 65 90
internal_value=-0.00508765 -0.000447306 -0.00048868 0.00113004 0.00169019 0.00543103 -0.000657895 -0.000300963 0.00553279 -0.00159715 -0.00616667 -0.00120413 0.0015884 0.00060241 -0.00213964 0.00613636 -0.00516667 -0.0019356 -0.00285477 -0.000208333 0.00213023 0.00642857 -0.00138889 -0.001543 0.00212264 -0.000148221 0.00277094 -0.00210396 0.00328947 0.000794798
internal_weight=15002 7629 7597 719 673 145 6878 4984 122 1894 150 1744 362 332 222 110 150 1382 902 480 311 140 171 721 106 506 203 303 95 173
internal_count=15002 7629 7597 719 673 145 6878 4984 122 1894 150 1744 362 332 222 110 150 1382 902 480 311 140 171 721 106 506 203 303 95 173
is_linear=0
shrinkage=0.05


Tree=101
num_leaves=31
num_cat=0
split_feature=4 19 19 19 23 19 19 5 19 19 19 19 19 5 10 2 12 5 19 10 0 10 0 17 3 13 13 0 1 7
split_gain=132.035 13.429 1.74886 3.16546 2.57366 3.05467 1.34592 1.25506 0.921712 1.26994 1.08653 0.79998 0.842254 0.796744 1.81717 1.38472 3.26012 1.11538 2.0955 1.01411 0.867406 1.76983 0.888314 1.24877 1.35096 1.66091 1.08748 2.16109 1.66822 1.90568
threshold=1.0000000180025095e-35 45.500000000000007 48.500000000000007 50.500000000000007 3.5000000000000004 53.500000000000007 64.500000000000014 9.6333333333333346 67.500000000000014 54.500000000000007 51.500000000000007 57.500000000000007 59.500000000000007 5.2250000000000005 5.9500000000000011 0.023333333333333327 0.04414285714285715 6.2250000000000005 50.500000000000007 4.1833333333333345 5.166666666666667 3.3541666666666674 4.5833333333333348 6.5000000000000009 6.166666666666667 7.8166666666666673 4.3166666666666673 1.1666666666666667 0.27666666666666678 0.077750000000000027
decision_type=2 2 2 2 2 2 2 2 2 2 2 2 2 2 2 2 2 2 2 2 2 2 2 2 2 2 2 2 2 2
left_child=1 -1 -3 -4 8 -6 -7 13 9 10 -5 -11 -13 14 20 16 17 -15 -19 -17 22 -22 26 24 -24 -26 -2 -28 -29 -30
right_child=7 2 3 4 5 6 -8 -9 -10 11 -12 12 -14 15 -16 19 -18 18 -20 -21 21 -23 23 -25 25 -27 27 28 29 -31
leaf_value=-0.00028122513796586624 -0.0037061888644885355 -0.00028122513796586624 -0.00028122513796586624 -0.0028434608395138403 0.00046403113115788268 -0.0011918660971555312 -0.00028122513796586624 0.061796872535347491 -0.00028122513796586624 0.021725108294622417 -0.00028122513796586624 -0.00028122513796586624 -0.00028122513796586624 -0.0094460608614048147 0.099655010620135362 0.079947550879387652 0.1466392135022658 -0.022190448540627059 0.044995082098299104 -0.013268956279147138 0.1378607310651018 0.0054242049900482207 0.050438780634377116 -0.030267096552465001 -0.01562891448224777 0.034796632829523659 0.036512361360962059 -0.0010320667685038587 -0.0059513742280925992 0.15925518360129082
leaf_weight=5296 1440 359 801 54 51 135 73 32 79 78 307 86 54 142 57 40 41 54 30 808 39 427 65 375 52 44 212 3622 67 82
leaf_count=5296 1440 359 801 54 51 135 73 32 79 78 307 86 54 142 57 40 41 54 30 808 39 427 65 375 52 44 212 3622 67 82
internal_value=-0.00511765 -0.00988912 -0.0064817 -0.00714494 -0.00513904 -0.000916988 -0.00360577 -0.000506292 -0.00680091 -0.00610967 -0.00792936 -0.00309633 -0.00535714 -0.000547914 -0.000335545 -0.00178251 0.00135768 -0.000995575 0.00357143 -0.00277123 -0.000414397 0.00166309 -0.000576859 -0.00251866 0.0011646 -0.00260417 -0.000384935 4.07984e-05 -0.000235349 0.00494966
internal_weight=15002 7373 2077 1718 917 259 208 7629 658 579 361 218 140 7597 6482 1115 267 226 84 848 6425 466 5959 536 161 96 5423 3983 3771 149
internal_count=15002 7373 2077 1718 917 259 208 7629 658 579 361 218 140 7597 6482 1115 267 226 84 848 6425 466 5959 536 161 96 5423 3983 3771 149
is_linear=0
shrinkage=0.05


Tree=102
num_leaves=31
num_cat=0
split_feature=4 19 19 19 23 19 19 5 19 19 19 10 19 13 19 19 19 6 6 14 7 15 11 5 8 5 14 10 23 7
split_gain=130.564 13.429 1.74886 3.16546 2.57366 3.05467 1.34592 1.26841 0.921712 1.26994 1.08653 0.917469 0.857803 1.00586 0.79998 0.842254 0.724339 0.642955 1.46038 1.40771 1.73777 3.36949 1.17765 1.14093 1.08984 1.31805 1.53045 1.39538 1.26366 2.56861
threshold=1.0000000180025095e-35 45.500000000000007 48.500000000000007 50.500000000000007 3.5000000000000004 53.500000000000007 64.500000000000014 9.6333333333333346 67.500000000000014 54.500000000000007 51.500000000000007 6.7321428571428585 82.000000000000014 9.1833333333333353 57.500000000000007 59.500000000000007 54.500000000000007 0.006333333333333334 0.0089999999999999924 85.950000000000017 0.014000000000000011 2.5000000000000004 0.016833333333333336 2.7083333333333335 1.1000000000000003 1.4500000000000002 85.354166666666671 1.5277777777777779 2.5000000000000004 0.0054999999999999979
decision_type=2 2 2 2 2 2 2 2 2 2 2 2 2 2 2 2 2 2 2 2 2 2 2 2 2 2 2 2 2 2
left_child=1 -1 -3 -4 8 -6 16 11 9 10 -5 17 13 -13 -11 -16 -7 19 23 -2 22 -22 -21 -19 -20 26 -26 -27 29 -29
right_child=7 2 3 4 5 6 -8 -9 -10 14 -12 12 -14 -15 15 -17 -18 18 24 20 21 -23 -24 -25 25 27 -28 28 -30 -31
leaf_value=-0.00026716388106757291 -0.0065938943889463954 -0.00026716388106757291 -0.00026716388106757291 -0.0027012877975381485 0.00044082957459998798 -0.0016466662974831681 -0.00026716388106757291 0.058707028908580094 -0.00026716388106757291 0.020638852879891298 -0.00026716388106757291 -0.019639565680858763 0.0040071873317963939 0.021940830122936461 -0.00026716388106757291 -0.00026716388106757291 0.0025885162594843415 0.12230483399229064 -0.022767868717369188 -0.0056079138372448272 0.058526216370975818 0.005640100139638388 -0.068675022242669886 0.0094478319936856636 0.061926891394444183 -0.014746416612719915 -0.0011867143378336388 0.11560018872921199 -0.0024182345989076843 0.0024960704742719832
leaf_weight=5296 476 359 801 54 51 30 73 32 79 78 307 129 31 34 86 54 105 30 57 766 50 304 33 49 47 75 57 46 3796 1617
leaf_count=5296 476 359 801 54 51 30 73 32 79 78 307 129 31 34 86 54 105 30 57 766 50 304 33 49 47 75 57 46 3796 1617
internal_value=-0.00514431 -0.00988912 -0.0064817 -0.00714494 -0.00513904 -0.000916988 -0.00360577 -0.000558723 -0.00680091 -0.00610967 -0.00792936 -0.000600566 -0.00399485 -0.00544479 -0.00309633 -0.00535714 -0.000648148 -0.000511617 -0.000264115 -0.00138889 -0.000444493 0.00247175 -0.00173655 0.00648734 -0.00035777 -0.000288223 0.00528846 -0.000393025 -0.000299963 0.000849369
internal_weight=15002 7373 2077 1718 917 259 208 7629 658 579 361 7597 194 163 218 140 135 7403 5774 1629 1153 354 799 79 5695 5638 104 5534 5459 1663
internal_count=15002 7373 2077 1718 917 259 208 7629 658 579 361 7597 194 163 218 140 135 7403 5774 1629 1153 354 799 79 5695 5638 104 5534 5459 1663
is_linear=0
shrinkage=0.05


Tree=103
num_leaves=31
num_cat=0
split_feature=9 19 19 19 23 19 19 19 19 19 5 10 15 19 19 19 2 3 8 13 10 3 13 12 7 19 3 14 5 11
split_gain=130.564 13.429 1.74886 3.16546 2.57366 3.05467 1.34592 0.921712 1.26994 1.08653 0.900769 0.92103 0.856775 0.79998 0.842254 0.724339 0.71426 0.663607 1.67076 0.694432 2.55768 0.810517 0.647555 0.830237 1.62 0.856866 1.93016 0.650982 1.04168 1.44264
threshold=1.0000000180025095e-35 45.500000000000007 48.500000000000007 50.500000000000007 3.5000000000000004 53.500000000000007 64.500000000000014 67.500000000000014 54.500000000000007 51.500000000000007 9.6333333333333346 6.7321428571428585 1.5000000000000002 57.500000000000007 59.500000000000007 54.500000000000007 0.16833333333333336 14.833333333333334 13.633333333333335 12.105555555555556 4.5634920634920642 13.41666666666667 10.683333333333335 0.019500000000000007 0.020000000000000014 49.500000000000007 11.583333333333334 69.535714285714292 2.1000000000000005 0.036125000000000011
decision_type=2 2 2 2 2 2 2 2 2 2 2 2 2 2 2 2 2 2 2 2 2 2 2 2 2 2 2 2 2 2
left_child=1 -1 -3 -4 7 -6 15 8 9 -5 11 17 -13 -10 -15 -7 -14 18 19 21 -21 22 27 -24 -25 26 -26 28 -2 -30
right_child=10 2 3 4 5 6 -8 -9 13 -11 -12 12 16 14 -16 -17 -18 -19 -20 20 -22 -23 23 24 25 -27 -28 -29 29 -31
leaf_value=-0.00025380568701419425 -0.0011759378226184143 -0.00025380568701419425 -0.00025380568701419425 -0.002566223407661241 0.00041878809586998747 -0.0015643329826090071 -0.00025380568701419425 -0.00025380568701419425 0.019606910235896731 -0.00025380568701419425 0.055771677463151072 -0.0028265315783753357 -0.019645363125113776 -0.00025380568701419425 -0.00025380568701419425 0.0024590904465101263 2.8026664361091581e-05 0.0080455638592307147 -0.061531162643558582 0.047293703624160716 -0.06258751546109062 0.031835209339251831 -0.018318348844326711 0.057844132203996382 0.09770224820768586 -0.037947326616309042 -0.051157497791930955 -0.0022405929727228545 0.0070749435589067058 0.00074843331058915006
leaf_weight=5296 210 359 801 54 51 30 73 79 78 307 32 51 90 86 54 105 53 68 64 62 44 36 106 45 40 123 37 6304 62 202
leaf_count=5296 210 359 801 54 51 30 73 79 78 307 32 51 90 86 54 105 53 68 64 62 44 36 106 45 40 123 37 6304 62 202
internal_value=-0.00514431 -0.00988912 -0.0064817 -0.00714494 -0.00513904 -0.000916988 -0.00360577 -0.00680091 -0.00610967 -0.00792936 -0.000558723 -0.000593984 -0.00399485 -0.00309633 -0.00535714 -0.000648148 -0.00201049 -0.000504863 -0.000550443 -0.000479645 0.00353774 -0.000539079 -0.000576869 -0.00267094 -0.00107143 -0.003 0.00113636 -0.000468427 0.00131857 0.00340909
internal_weight=15002 7373 2077 1718 917 259 208 658 579 361 7629 7597 194 218 140 135 143 7403 7335 7271 106 7165 7129 351 245 200 77 6778 474 264
internal_count=15002 7373 2077 1718 917 259 208 658 579 361 7629 7597 194 218 140 135 143 7403 7335 7271 106 7165 7129 351 245 200 77 6778 474 264
is_linear=0
shrinkage=0.05


Tree=104
num_leaves=31
num_cat=0
split_feature=4 19 19 19 23 19 19 8 8 6 26 19 19 19 19 19 19 17 1 5 5 10 13 11 6 3 8 0 10 0
split_gain=130.747 13.429 1.74886 3.16546 2.57366 3.05467 1.34592 0.970518 1.75498 2.59926 1.65649 0.921712 1.26994 1.08653 0.79998 0.842254 0.724339 0.714485 0.894925 0.696915 0.884402 1.81592 1.36341 1.50077 1.97425 1.25044 1.39506 0.983592 1.71263 0.955597
threshold=1.0000000180025095e-35 45.500000000000007 48.500000000000007 50.500000000000007 3.5000000000000004 53.500000000000007 64.500000000000014 12.775000000000002 12.366666666666669 0.048999999999999995 1.0000000180025095e-35 67.500000000000014 54.500000000000007 51.500000000000007 57.500000000000007 59.500000000000007 54.500000000000007 9.5000000000000018 0.054166666666666696 9.5000000000000018 5.2250000000000005 5.9500000000000011 8.6833333333333353 0.093541666666666676 0.039000000000000014 6.166666666666667 6.1000000000000005 5.166666666666667 3.3541666666666674 4.166666666666667
decision_type=2 2 2 2 2 2 2 2 2 2 2 2 2 2 2 2 2 2 2 2 2 2 2 2 2 2 2 2 2 2
left_child=1 -1 -3 -4 11 -6 16 8 19 -10 -9 12 13 -5 -14 -16 -7 -12 -19 20 21 27 25 24 -24 26 -22 29 -29 -2
right_child=7 2 3 4 5 6 -8 10 9 -11 17 -13 14 -15 15 -17 -18 18 -20 -21 22 -23 23 -25 -26 -27 -28 28 -30 -31
leaf_value=-0.00024111540266348456 -0.00071522966069506035 -0.00024111540266348456 -0.00024111540266348456 -0.0024379122372781789 0.0003978486910764856 -0.0014861163334785599 -0.00024111540266348456 -0.048675838615720758 0.13798158176116798 -0.022677570979052809 0.04954403479701739 -0.00024111540266348456 0.018626564724101891 -0.00024111540266348456 -0.00024111540266348456 -0.00024111540266348456 0.0023361359241846182 0.01410387251617683 -0.043944280167202386 0.041815200406328759 -0.006208336994158065 0.10754151093189331 0.079074323186128906 0.063196042873222252 -0.048882133266379503 -0.023458373378604604 0.087404473619457981 0.13273419795469282 0.0066211814627752941 -0.0069040815362623855
leaf_weight=5296 4878 359 801 54 51 30 73 101 31 30 53 79 78 307 86 54 105 38 32 34 474 54 44 89 87 319 30 39 407 889
leaf_count=5296 4878 359 801 54 51 30 73 101 31 30 53 79 78 307 86 54 105 38 32 34 474 54 44 89 87 319 30 39 407 889
internal_value=-0.00514098 -0.00988912 -0.0064817 -0.00714494 -0.00513904 -0.000916988 -0.00360577 -0.000552169 -0.000454085 0.0079918 -0.00379464 -0.00680091 -0.00610967 -0.00792936 -0.00309633 -0.00535714 -0.000648148 0.000101626 -0.00321429 -0.000524237 -0.000557456 -0.000333094 -0.00190556 0.00159091 -0.00181298 -0.00284022 -0.00128968 -0.000412442 0.00184978 -0.000587394
internal_weight=15002 7373 2077 1718 917 259 208 7629 7405 61 224 658 579 361 218 140 135 123 70 7344 7310 6267 1043 220 131 823 504 6213 446 5767
internal_count=15002 7373 2077 1718 917 259 208 7629 7405 61 224 658 579 361 218 140 135 123 70 7344 7310 6267 1043 220 131 823 504 6213 446 5767
is_linear=0
shrinkage=0.05


Tree=105
num_leaves=31
num_cat=0
split_feature=4 19 19 23 19 19 14 19 19 19 4 19 19 10 6 1 2 1 24 14 10 1 9 4 6 2 0 6 1 5
split_gain=132.505 14.7622 2.01546 2.61332 5.10184 2.36408 1.53652 1.31031 1.03221 2.20073 1.02947 1.01958 0.944132 0.853857 3.35864 1.47525 2.95352 3.87811 1.43065 1.14819 1.98926 0.833419 1.54948 1.75812 1.73611 1.11468 2.08758 1.06167 1.26106 1.04541
threshold=1.0000000180025095e-35 45.500000000000007 50.500000000000007 3.5000000000000004 53.500000000000007 48.500000000000007 97.550000000000011 59.500000000000007 67.500000000000014 54.500000000000007 61.750000000000007 57.500000000000007 51.500000000000007 2.1055555555555561 0.24400000000000005 0.033333333333333326 0.029999999999999978 0.065833333333333341 3.7500000000000004 80.527777777777786 1.9500000000000002 0.38500000000000012 86.700000000000003 81.500000000000014 0.55350000000000021 0.043333333333333356 3.5833333333333335 0.41225000000000006 0.35166666666666674 2.5500000000000003
decision_type=2 2 2 2 2 2 2 2 2 2 2 2 2 2 2 2 2 2 2 2 2 2 2 2 2 2 2 2 2 2
left_child=1 -1 5 8 -5 -3 10 -6 9 12 -2 -11 -4 14 15 18 19 -18 -12 20 -17 27 23 25 -25 26 -23 28 29 -15
right_child=6 2 3 4 7 -7 -8 -9 -10 11 13 -13 -14 21 -16 16 17 -19 -20 -21 -22 22 -24 24 -26 -27 -28 -29 -30 -31
leaf_value=-0.00022905963253031035 0.0020454984465394497 -0.00022905963253031035 -0.00231601662541427 0.00037795625652266019 0.0022193291279753893 -0.00022905963253031035 0.05625207820964917 -0.00022905963253031035 -0.00022905963253031035 0.017695236487896799 -0.017136086643237316 -0.00022905963253031035 -0.00022905963253031035 0.0014578540253004453 0.015635265102497128 0.053673136197629513 0.08243845768326144 0.0067607088488139851 0.00032931786213976635 -0.035788865402291939 -0.0041487023310661014 -0.010992522649499105 -0.020473940697251967 0.00024760075466263577 0.17561615941820824 -0.043512282750429898 0.041940829491051837 0.094517119497942878 0.02020392615670832 -0.0020817218692720132
leaf_weight=5309 56 341 51 57 76 810 30 134 73 90 544 130 293 960 46 33 35 103 177 86 109 58 151 60 36 63 47 42 62 4989
leaf_count=5309 56 341 51 57 76 810 30 134 73 90 544 130 293 960 46 33 35 103 177 86 109 58 151 60 36 63 47 42 62 4989
internal_value=-0.00505199 -0.00984519 -0.00624696 -0.00448009 -0.000327715 -0.00763467 -0.000460193 -0.00392857 -0.00622057 -0.00549645 -0.00050444 -0.00159091 -0.00799419 -0.000554203 -0.00182039 -0.0023804 0.000204918 0.00597826 -0.00369279 -0.00328947 -0.000528169 -0.000332406 -0.0025 -0.000189394 0.00520833 -0.00327381 -0.000119048 -0.000183793 -0.000239145 -0.000313078
internal_weight=15051 7364 2055 904 267 1151 7687 210 637 564 7657 220 344 7601 1133 1087 366 138 721 228 142 6468 415 264 96 168 105 6053 6011 5949
internal_count=15051 7364 2055 904 267 1151 7687 210 637 564 7657 220 344 7601 1133 1087 366 138 721 228 142 6468 415 264 96 168 105 6053 6011 5949
is_linear=0
shrinkage=0.05


Tree=106
num_leaves=31
num_cat=0
split_feature=4 19 19 23 19 19 19 14 19 19 4 19 10 1 10 11 4 19 24 19 1 11 11 12 3 19 1 14 11 2
split_gain=133.057 14.7622 2.01546 2.61332 5.10184 2.36408 1.31031 1.11195 1.03221 2.20073 1.02153 1.01958 0.951506 1.38271 1.25114 3.12932 1.51717 1.23277 0.985098 0.944132 0.868204 1.17144 1.51574 1.55578 1.38913 1.45563 1.34771 1.54464 1.45869 1.25971
threshold=1.0000000180025095e-35 45.500000000000007 50.500000000000007 3.5000000000000004 53.500000000000007 48.500000000000007 59.500000000000007 97.550000000000011 67.500000000000014 54.500000000000007 61.750000000000007 57.500000000000007 2.1055555555555561 0.035833333333333349 1.5277777777777779 0.068166666666666695 81.833333333333357 43.500000000000007 3.7500000000000004 51.500000000000007 0.076666666666666675 0.094642857142857154 0.059000000000000011 0.054142857142857152 9.1666666666666696 39.500000000000007 0.033333333333333326 85.414285714285725 0.074722222222222245 0.020000000000000018
decision_type=2 2 2 2 2 2 2 2 2 2 2 2 2 2 2 2 2 2 2 2 2 2 2 2 2 2 2 2 2 2
left_child=1 -1 5 8 -5 -3 -6 10 9 19 -2 -11 13 18 -15 17 -17 -16 -12 -4 21 22 23 24 25 -14 27 -24 -28 -23
right_child=7 2 3 4 6 -7 -8 -9 -10 11 12 -13 20 14 15 16 -18 -19 -20 -21 -22 29 26 -25 -26 -27 28 -29 -30 -31
leaf_value=-0.0002176066509037948 0.0019432235242124772 -0.0002176066509037948 -0.0022002157941435562 0.00035905844369652499 0.0021083626715766193 -0.0002176066509037948 -0.0002176066509037948 0.053439474299166713 -0.0002176066509037948 0.016810474663501957 -0.016279282311075449 -0.0002176066509037948 0.072256567446727288 -0.0046910749095525513 0.04873206852168576 -0.0017368214319392174 0.09415537891102517 0.084388888824398711 9.9704615057011337e-05 -0.0002176066509037948 -0.0041562491969771914 0.017926162887255914 0.0003567038726673938 0.0039355719543206274 -0.014148193789229858 -0.0015501272600342009 0.0065567006214021315 0.14177922711562996 -0.013352458572150134 -0.02571501295536124
leaf_weight=5309 56 341 51 57 76 810 134 30 73 90 554 130 50 57 31 225 48 39 179 293 2823 83 40 985 536 1244 190 75 122 320
leaf_count=5309 56 341 51 57 76 810 134 30 73 90 554 130 50 57 31 225 48 39 179 293 2823 83 40 985 536 1244 190 75 122 320
internal_value=-0.00504202 -0.00984519 -0.00624696 -0.00448009 -0.000327715 -0.00763467 -0.00392857 -0.000440679 -0.00622057 -0.00549645 -0.00047832 -0.00159091 -0.000527891 -0.00186452 0.0005 0.00163994 -0.000778388 0.0110714 -0.00315484 -0.00799419 -0.000293754 0.000216049 0.000532079 0.000111012 -0.000751366 0.00013524 0.00330796 0.00793478 0.00160256 -0.0023263
internal_weight=15051 7364 2055 904 267 1151 210 7687 637 564 7657 220 7601 1133 400 343 273 70 733 344 6468 3645 3242 2815 1830 1294 427 115 312 403
internal_count=15051 7364 2055 904 267 1151 210 7687 637 564 7657 220 7601 1133 400 343 273 70 733 344 6468 3645 3242 2815 1830 1294 427 115 312 403
is_linear=0
shrinkage=0.05


Tree=107
num_leaves=31
num_cat=0
split_feature=9 19 19 23 19 19 19 14 19 19 19 19 5 9 5 13 13 9 14 7 10 7 5 2 11 12 2 12 12 8
split_gain=132.689 14.7622 2.01546 2.61332 5.10184 2.36408 1.31031 1.11497 1.03221 2.20073 1.01958 0.944132 0.906342 1.18614 1.08702 2.43882 1.95133 1.17119 2.79807 2.76419 1.19643 1.13806 1.09074 1.28503 0.953219 1.59207 0.933836 1.69672 1.44666 1.23547
threshold=1.0000000180025095e-35 45.500000000000007 50.500000000000007 3.5000000000000004 53.500000000000007 48.500000000000007 59.500000000000007 97.550000000000011 67.500000000000014 54.500000000000007 57.500000000000007 51.500000000000007 2.1000000000000005 65.100000000000009 2.5500000000000003 8.7638888888888911 9.6125000000000025 80.100000000000009 85.527777777777786 0.069000000000000047 2.2111111111111117 0.017083333333333336 2.2250000000000005 0.040000000000000022 0.0081666666666666693 0.0035416666666666674 0.0033333333333333405 0.0068333333333333345 0.0081666666666666693 4.9000000000000012
decision_type=2 2 2 2 2 2 2 2 2 2 2 2 2 2 2 2 2 2 2 2 2 2 2 2 2 2 2 2 2 2
left_child=1 -1 5 8 -5 -3 -6 12 9 11 -11 -4 26 -14 15 17 -17 19 -19 22 -20 -18 23 -15 25 -22 28 -28 29 -2
right_child=7 2 3 4 6 -7 -8 -9 -10 10 -12 -13 13 14 -16 16 21 18 20 -21 24 -23 -24 -25 -26 -27 27 -29 -30 -31
leaf_value=-0.00020672631835860506 -0.020419050900356554 -0.00020672631835860506 -0.0020902050044363787 0.00034110552151169762 0.0020029445379977861 -0.00020672631835860506 -0.00020672631835860506 0.050767500584208362 -0.00020672631835860506 0.015969950930326861 -0.00020672631835860506 -0.00020672631835860506 0.0032185002843725776 0.01525979778016057 -0.001935940669523184 0.12067396728690523 0.078703481511982754 -0.038782990567433832 0.069849353449947596 0.026573971422369794 0.010887579025719536 -0.0028311292529643929 0.0014435235446659312 -0.017193638919454773 0.07127015002631161 -0.058613270314319357 0.112471961189959 -0.0018260550505225682 -0.034156095931955559 0.0024797306071337511
leaf_weight=5309 203 341 51 57 76 810 134 30 73 90 130 293 66 31 5461 32 31 128 35 45 55 50 108 30 80 49 33 1105 70 45
leaf_count=5309 203 341 51 57 76 810 134 30 73 90 130 293 66 31 5461 32 31 128 35 45 55 50 108 30 80 49 33 1105 70 45
internal_value=-0.00504867 -0.00984519 -0.00624696 -0.00448009 -0.000327715 -0.00763467 -0.00392857 -0.000453688 -0.00622057 -0.00549645 -0.00159091 -0.00799419 -0.00049138 -0.000227786 -0.000299511 0.00159496 0.00829646 0.000245098 -0.00154899 0.00315421 0.00188356 0.00416667 0.000221893 -0.00512295 0.000271739 -0.00288462 -0.00161401 -0.00094464 -0.00400943 -0.00221774
internal_weight=15051 7364 2055 904 267 1151 210 7687 637 564 220 344 7657 6201 6135 674 113 561 347 214 219 81 169 61 184 104 1456 1138 318 248
internal_count=15051 7364 2055 904 267 1151 210 7687 637 564 220 344 7657 6201 6135 674 113 561 347 214 219 81 169 61 184 104 1456 1138 318 248
is_linear=0
shrinkage=0.05


Tree=108
num_leaves=31
num_cat=0
split_feature=4 19 19 23 19 19 19 14 4 19 19 19 5 12 4 12 2 12 3 19 13 3 1 7 19 7 8 1 5 7
split_gain=130.493 14.7622 2.01546 2.61332 5.10184 2.36408 1.31031 1.13313 1.04947 1.03221 2.20073 1.01958 0.960702 1.19309 2.04686 1.15383 2.0011 1.11034 1.24959 0.944132 0.75453 1.8142 1.59994 1.25772 1.32609 1.01652 0.894041 0.762167 0.743096 0.852524
threshold=1.0000000180025095e-35 45.500000000000007 50.500000000000007 3.5000000000000004 53.500000000000007 48.500000000000007 59.500000000000007 97.550000000000011 61.750000000000007 67.500000000000014 54.500000000000007 57.500000000000007 2.1000000000000005 0.11683333333333336 83.166666666666671 0.084142857142857172 0.034166666666666685 0.057638888888888899 4.5833333333333348 51.500000000000007 4.6125000000000007 5.8333333333333348 0.080000000000000029 0.013666666666666666 40.500000000000007 0.016000000000000018 7.6333333333333337 0.24333333333333337 9.6333333333333346 0.25266666666666676
decision_type=2 2 2 2 2 2 2 2 2 2 2 2 2 2 2 2 2 2 2 2 2 2 2 2 2 2 2 2 2 2
left_child=1 -1 5 9 -5 -3 -6 8 -2 10 19 -12 13 15 -15 16 20 -18 -19 -4 27 22 -22 24 -23 -25 -26 -10 29 -14
right_child=7 2 3 4 6 -7 -8 -9 12 -11 11 -13 28 14 -16 -17 17 18 -20 -21 21 23 -24 25 26 -27 -28 -29 -30 -31
leaf_value=-0.00019639000244067481 0.0016851373337832252 -0.00019639000244067481 -0.0019856947542145598 0.00032405024543611386 0.001902797311097898 -0.00019639000244067481 -0.00019639000244067481 0.048229125554997948 -0.019727611375328771 -0.00019639000244067481 0.015171453383810519 -0.00019639000244067481 -0.00056623534596772496 -0.00035431097095842693 0.10700456458049563 -0.018187849215007035 0.00011097466664525268 0.00072830022461599928 0.12221409943012645 -0.00019639000244067481 0.094858167035656402 -0.028048054919645401 -0.001460504708918159 -0.033673565634173584 0.064448078901410993 -0.0073007024245346861 0.00031013414605521875 0.0099747404707238099 0.066733891899892775 -0.0049758547814095057
leaf_weight=5309 56 341 51 57 76 810 134 30 376 73 90 130 5875 69 35 141 148 35 43 293 37 57 40 47 46 224 67 59 30 272
leaf_count=5309 56 341 51 57 76 810 134 30 376 73 90 130 5875 69 35 141 148 35 43 293 37 57 40 47 46 224 67 59 30 272
internal_value=-0.00508853 -0.00984519 -0.00624696 -0.00448009 -0.000327715 -0.00763467 -0.00392857 -0.000531742 -0.00056974 -0.00622057 -0.00549645 -0.00159091 -0.000619984 -0.00179073 0.00336538 -0.00219697 -0.00168575 0.00254425 0.00737179 -0.00799419 -0.00268888 -0.00139961 0.00568182 -0.00263605 0.000735294 -0.00475092 0.00387168 -0.00422414 -0.000350089 -0.000388401
internal_weight=15051 7364 2055 904 267 1151 210 7687 7657 637 564 220 7601 1424 104 1320 1179 226 78 344 953 518 77 441 170 271 113 435 6177 6147
internal_count=15051 7364 2055 904 267 1151 210 7687 7657 637 564 220 7601 1424 104 1320 1179 226 78 344 953 518 77 441 170 271 113 435 6177 6147
is_linear=0
shrinkage=0.05


Tree=109
num_leaves=31
num_cat=0
split_feature=4 19 19 19 19 19 19 5 4 19 2 2 6 1 8 10 15 8 17 19 7 14 5 19 1 13 19 17 1 17
split_gain=131.223 14.7622 2.01546 2.36408 2.01791 2.08581 3.97134 1.17716 1.46964 1.06754 1.04846 1.47239 1.33724 2.31605 1.12581 1.16164 1.48004 1.06309 1.7615 1.0296 0.905214 0.899303 0.857026 2.47939 0.756432 1.42019 1.28408 1.45195 1.33795 1.62722
threshold=1.0000000180025095e-35 45.500000000000007 50.500000000000007 48.500000000000007 53.500000000000007 54.500000000000007 58.500000000000007 2.1000000000000005 62.166666666666679 55.500000000000007 0.0033333333333333405 0.006666666666666668 0.10775 0.11666666666666671 7.1000000000000005 2.683333333333334 1.5000000000000002 6.291666666666667 6.5000000000000009 47.500000000000007 0.0080000000000000088 77.354166666666671 1.6333333333333335 44.500000000000007 0.066666666666666693 9.7071428571428573 39.500000000000007 8.5000000000000018 0.0099999999999999725 5.5000000000000009
decision_type=2 2 2 2 2 2 2 2 2 2 2 2 2 2 2 2 2 2 2 2 2 2 2 2 2 2 2 2 2 2
left_child=1 -1 3 -3 -4 -6 9 10 -9 -7 20 19 14 -14 17 16 -16 22 -19 -12 -2 -15 -13 -24 25 26 27 -10 -28 -30
right_child=7 2 4 -5 5 6 -8 8 24 -11 11 12 13 21 15 -17 -18 18 -20 -21 -22 -23 23 -25 -26 -27 28 -29 29 -31
leaf_value=-0.00018657050231864108 -0.010547158431944287 -0.00018657050231864108 -0.0002488062038666149 -0.00018657050231864108 -0.00018657050231864108 -0.035587119285380012 -0.00018657050231864108 0.0031220014378815887 0.071005570314508673 0.014412880714619991 0.00059244634009053554 -0.0071877648066216108 0.039810841248946106 -0.00083356390987033852 0.036254442100377586 0.023099418754831604 -0.031989887352464906 -0.00059759433174443044 0.070714513708696136 0.20146386670161764 -0.032061180552722938 0.10151459687868468 0.14607854151654712 -0.00148099488555824 -0.002739569049640009 -0.0054931299258668305 -0.0031171455952907407 -0.0020257360883493836 0.0040479567862342419 0.0044129419636864736
leaf_weight=5309 268 341 201 810 229 106 295 30 30 73 42 231 34 107 34 38 230 68 39 32 50 69 34 180 2942 730 1128 31 393 947
leaf_count=5309 268 341 201 810 229 106 295 30 30 73 42 231 34 107 34 38 230 68 39 32 50 69 34 180 2942 730 1128 31 393 947
internal_value=-0.00507524 -0.00984519 -0.00624696 -0.00763467 -0.00448009 -0.00574324 -0.00385021 -0.000505724 -0.000206628 0.00202514 -0.00178571 -0.00107645 -0.00155075 0.00202381 -0.00242974 -0.00488411 -0.00606061 -0.00108696 0.00338785 0.00574324 -0.0043239 -0.000284091 -0.00216292 0.000116822 -0.000260039 0.000264652 0.000825425 0.0079918 0.000648298 0.00171642
internal_weight=15051 7364 2055 1151 904 703 474 7687 6231 179 1456 1138 1064 210 854 302 264 552 107 74 318 176 445 214 6201 3259 2529 61 2468 1340
internal_count=15051 7364 2055 1151 904 703 474 7687 6231 179 1456 1138 1064 210 854 302 264 552 107 74 318 176 445 214 6201 3259 2529 61 2468 1340
is_linear=0
shrinkage=0.05


Tree=110
num_leaves=31
num_cat=0
split_feature=4 19 23 19 19 19 19 19 19 19 19 19 19 3 6 14 0 10 8 13 10 7 9 4 12 19 10 1 3 5
split_gain=122.351 16.7671 1.52517 3.28951 3.22921 2.35916 1.14168 2.04552 1.99019 1.3271 1.25744 0.985304 0.934615 1.99915 1.18044 1.14228 1.0568 2.47077 3.22001 1.61815 1.20137 1.46401 1.1565 1.41859 1.27298 1.24712 1.00602 0.990662 0.841453 0.786197
threshold=1.0000000180025095e-35 46.500000000000007 3.5000000000000004 50.500000000000007 59.500000000000007 48.500000000000007 67.500000000000014 55.500000000000007 58.500000000000007 48.500000000000007 59.500000000000007 53.500000000000007 43.500000000000007 11.16666666666667 0.14900000000000005 87.950000000000017 1.8333333333333337 2.183333333333334 6.7083333333333348 7.6458333333333348 2.4365079365079372 0.087750000000000022 87.100000000000009 76.416666666666671 0.022111111111111116 40.500000000000007 1.4642857142857146 0.09666666666666672 5.5833333333333348 5.2250000000000005
decision_type=2 2 2 2 2 2 2 2 2 2 2 2 2 2 2 2 2 2 2 2 2 2 2 2 2 2 2 2 2 2
left_child=1 -1 6 5 11 -4 7 9 -9 -3 -10 -5 13 14 16 -15 20 18 -18 -20 21 -2 23 -19 25 -25 -14 28 -24 -28
right_child=12 2 3 4 -6 -7 -8 8 10 -11 -12 -13 26 15 -16 -17 17 22 19 -21 -22 -23 27 24 -26 -27 29 -29 -30 -31
leaf_value=-0.00017724197720270902 -0.022370055726568645 -0.00017724197720270902 0.031148072937469764 0.00032028804335763606 -0.00017724197720270902 -0.00017724197720270902 -0.00017724197720270902 0.013692236678888992 -0.00017724197720270902 -0.00017724197720270902 -0.00017724197720270902 0.0022594928304472033 0.042134776293470524 0.080538907416737096 -0.018491886134135872 0.00027035500186260996 0.098014594737691543 -0.0029576059028527339 -0.034039610934669257 0.045705294669992916 0.0045045265713843851 0.0051626028433455658 -0.0018636459199948441 0.024183949311467931 0.097528817251256006 -0.024649112319636804 -0.00051136754768570385 0.11000592446561389 -0.024046320751935021 -0.0055691070048936144
leaf_weight=5288 297 284 33 56 133 116 78 70 40 1115 56 76 66 31 82 45 36 53 43 53 56 40 106 35 60 37 5277 32 268 1027
leaf_count=5288 297 284 33 56 133 116 78 70 40 1115 56 76 66 31 82 45 36 53 43 53 56 40 106 35 60 37 5277 32 268 1027
internal_value=-0.0051346 -0.00974302 -0.00591274 -0.00320048 0.000141509 -0.0091443 -0.00659617 -0.00630192 -0.00105422 -0.00692459 -0.00572917 0.00568182 -0.000706436 -0.0019427 -0.00244157 0.00592105 -0.00201613 -0.000881743 0.00530303 0.000520833 -0.00410305 -0.00522997 -0.00226311 0.00101351 0.00378788 -0.000694444 -0.000459184 -0.00375616 -0.00447861 -0.000523477
internal_weight=14989 7345 2057 414 265 149 1643 1565 166 1399 96 132 7644 1274 1198 76 1116 723 132 96 393 337 591 185 132 72 6370 406 374 6304
internal_count=14989 7345 2057 414 265 149 1643 1565 166 1399 96 132 7644 1274 1198 76 1116 723 132 96 393 337 591 185 132 72 6370 406 374 6304
is_linear=0
shrinkage=0.05


Tree=111
num_leaves=31
num_cat=0
split_feature=4 19 23 19 19 19 19 19 19 19 19 19 25 23 3 3 12 2 23 7 7 8 10 14 10 3 10 10 9 4
split_gain=125.202 16.7671 1.52517 3.28951 3.22921 2.35916 1.14168 2.04552 1.99019 1.3271 1.25744 0.985304 0.790769 0.717038 0.716404 2.25899 1.53731 1.96953 1.6955 1.05 1.01062 0.939786 1.1499 0.925196 1.08082 0.81222 1.85657 1.70186 1.87858 1.77799
threshold=1.0000000180025095e-35 46.500000000000007 3.5000000000000004 50.500000000000007 59.500000000000007 48.500000000000007 67.500000000000014 55.500000000000007 58.500000000000007 48.500000000000007 59.500000000000007 53.500000000000007 1.5000000000000002 1.5000000000000002 1.5833333333333337 2.5833333333333335 0.0070714285714285731 0.015833333333333328 3.5000000000000004 0.077750000000000027 0.0020000000000000031 2.9000000000000004 3.6458333333333335 88.527777777777786 3.6458333333333335 3.8333333333333335 5.8819444444444455 2.9500000000000006 75.450000000000017 87.583333333333357
decision_type=2 2 2 2 2 2 2 2 2 2 2 2 2 2 2 2 2 2 2 2 2 2 2 2 2 2 2 2 2 2
left_child=1 13 6 5 11 -4 7 9 -9 -3 -10 -5 14 -1 20 16 -16 -18 19 -19 23 22 -17 -2 -25 26 27 28 -23 -30
right_child=12 2 3 4 -6 -7 -8 8 10 -11 -12 -13 -14 -15 15 21 17 18 -20 -21 -22 25 -24 24 -26 -27 -28 -29 29 -31
leaf_value=-0.00016837987834257355 -0.017423762272882948 -0.00016837987834257355 0.029590669290596273 0.00030427364118975622 -0.00016837987834257355 -0.00016837987834257355 -0.00016837987834257355 0.013007624844944544 -0.00016837987834257355 -0.00016837987834257355 -0.00016837987834257355 0.0021465181889248411 0.16073004446443928 -0.00016837987834257355 -0.0071637921541766736 0.00047975406332956272 0.14770380898866833 0.020719300104802222 -0.014730656366761304 0.15594201048655801 -0.021991807473574106 -0.00086761067686854656 -0.030432553147702514 0.017014075123480254 -0.028342096425254888 -0.0018003118003618536 0.10837437744577282 -0.0074695904740344045 0.1395360113293386 0.020235511331973557
leaf_weight=1107 49 284 33 56 133 116 78 70 40 1115 56 76 30 4181 47 61 45 54 76 30 214 109 85 261 168 6015 50 275 38 37
leaf_count=1107 49 284 33 56 133 116 78 70 40 1115 56 76 30 4181 47 61 45 54 76 30 214 109 85 261 168 6015 50 275 38 37
internal_value=-0.00508123 -0.00974302 -0.00591274 -0.00320048 0.000141509 -0.0091443 -0.00659617 -0.00630192 -0.00105422 -0.00692459 -0.00572917 0.00568182 -0.000601779 -0.011233 -0.000633701 -0.000480352 0.00416667 0.00603659 0.0034375 0.00833333 -0.00216763 -0.000655922 -0.00462329 -0.000889121 -0.000145688 -0.000567137 0.00135069 0.000354031 0.00407609 0.0101667
internal_weight=14989 7345 2057 414 265 149 1643 1565 166 1399 96 132 7644 5288 7614 6922 252 205 160 84 692 6670 146 478 429 6524 509 459 184 75
internal_count=14989 7345 2057 414 265 149 1643 1565 166 1399 96 132 7644 5288 7614 6922 252 205 160 84 692 6670 146 478 429 6524 509 459 184 75
is_linear=0
shrinkage=0.05


Tree=112
num_leaves=31
num_cat=0
split_feature=4 19 23 19 19 19 19 19 19 19 19 19 5 5 10 6 6 8 19 8 7 8 8 2 13 19 4 3 2 8
split_gain=123.061 16.7671 1.52517 3.28951 3.22921 2.35916 1.14168 2.04552 1.99019 1.3271 1.25744 0.985304 0.791164 1.71584 1.88652 1.96522 1.73749 1.37172 1.91066 1.88774 1.56522 1.27243 1.37067 1.92168 1.47917 1.40376 1.15407 1.12545 1.29563 0.90139
threshold=1.0000000180025095e-35 46.500000000000007 3.5000000000000004 50.500000000000007 59.500000000000007 48.500000000000007 67.500000000000014 55.500000000000007 58.500000000000007 48.500000000000007 59.500000000000007 53.500000000000007 2.1000000000000005 2.7750000000000004 4.1055555555555561 0.014500000000000004 0.023666666666666666 4.1000000000000005 42.500000000000007 7.366666666666668 0.03291666666666667 3.6333333333333337 4.6333333333333337 0.19166666666666668 5.2111111111111121 58.500000000000007 63.750000000000007 1.8333333333333337 0.0033333333333333327 8.7750000000000021
decision_type=2 2 2 2 2 2 2 2 2 2 2 2 2 2 2 2 2 2 2 2 2 2 2 2 2 2 2 2 2 2
left_child=1 -1 6 5 11 -4 7 9 -9 -3 -10 -5 27 14 15 17 -17 18 -14 -19 -21 -18 -23 24 -24 29 -15 28 -2 -26
right_child=12 2 3 4 -6 -7 -8 8 10 -11 -12 -13 13 26 -16 16 21 19 -20 20 -22 22 23 -25 25 -27 -28 -29 -30 -31
leaf_value=-0.00015996088442544489 -0.0033819513943012971 -0.00015996088442544489 0.028111135826066461 0.00028905995913026673 -0.00015996088442544489 -0.00015996088442544489 -0.00015996088442544489 0.012357243602697316 -0.00015996088442544489 -0.00015996088442544489 -0.00015996088442544489 0.0020391922794785983 -0.017359816174385707 0.0060706587967628073 -0.031666534882052177 0.088352595494333483 0.090856802235204759 -0.041633950848172896 0.10126736042614458 0.079295932565286165 -0.026867297160515304 -0.0048361045215939537 0.080831912492739452 0.14917111527627616 0.00027899014336257302 -0.036653763215506112 -0.0029585766965799509 -0.001371986328017863 -0.023247076355013628 0.045723318486458372
leaf_weight=5288 100 284 33 56 133 116 78 70 40 1115 56 76 68 59 73 45 58 112 47 46 46 77 37 33 267 45 5103 1230 110 88
leaf_count=5288 100 284 33 56 133 116 78 70 40 1115 56 76 68 59 73 45 58 112 47 46 46 77 37 33 267 45 5103 1230 110 88
internal_value=-0.00512126 -0.00974302 -0.00591274 -0.00320048 0.000141509 -0.0091443 -0.00659617 -0.00630192 -0.00105422 -0.00692459 -0.00572917 0.00568182 -0.000680272 -0.000435203 0.00141555 0.00199948 0.00357692 -0.00121473 0.00315217 -0.00367647 0.00163043 0.0028719 0.00212523 0.0031383 0.00225973 0.001375 -0.000808795 -0.00173611 -0.00511905 0.00242958
internal_weight=14989 7345 2057 414 265 149 1643 1565 166 1399 96 132 7644 6204 1042 969 650 319 115 204 92 605 547 470 437 400 5162 1440 210 355
internal_count=14989 7345 2057 414 265 149 1643 1565 166 1399 96 132 7644 6204 1042 969 650 319 115 204 92 605 547 470 437 400 5162 1440 210 355
is_linear=0
shrinkage=0.05


Tree=113
num_leaves=31
num_cat=0
split_feature=4 19 23 19 19 19 19 19 19 19 19 19 0 7 12 1 1 12 8 3 7 0 10 17 10 8 7 1 8 17
split_gain=121.644 16.7671 1.52517 3.28951 3.22921 2.35916 1.14168 2.04552 1.99019 1.3271 1.25744 0.985304 0.867997 1.65143 1.73468 1.78247 2.01667 1.05061 0.865034 1.8864 1.46242 1.01826 1.11087 1.3549 1.42786 0.886431 0.883479 0.991758 0.757054 1.39919
threshold=1.0000000180025095e-35 46.500000000000007 3.5000000000000004 50.500000000000007 59.500000000000007 48.500000000000007 67.500000000000014 55.500000000000007 58.500000000000007 48.500000000000007 59.500000000000007 53.500000000000007 7.166666666666667 0.22100000000000003 0.060500000000000012 0.14166666666666669 0.35416666666666669 0.02585714285714286 1.7750000000000001 2.5833333333333335 0.060000000000000032 1.1666666666666667 4.7888888888888896 6.5000000000000009 2.5857142857142863 3.1000000000000005 0.022916666666666672 0.23000000000000007 12.775000000000002 6.5000000000000009
decision_type=2 2 2 2 2 2 2 2 2 2 2 2 2 2 2 2 2 2 2 2 2 2 2 2 2 2 2 2 2 2
left_child=1 -1 6 5 11 -4 7 9 -9 -3 -10 -5 18 14 15 17 -17 -14 21 20 26 -2 23 -23 -25 -21 27 -20 -27 -30
right_child=12 2 3 4 -6 -7 -8 8 10 -11 -12 -13 13 -15 -16 16 -18 -19 19 25 -22 22 -24 24 -26 28 -28 -29 29 -31
leaf_value=-0.00015196284020417263 -0.01897454834023278 -0.00015196284020417263 0.02670557903476314 0.00027460696117375115 -0.00015196284020417263 -0.00015196284020417263 -0.00015196284020417263 0.01173938142256245 -0.00015196284020417263 -0.00015196284020417263 -0.00015196284020417263 0.0019372326655046693 0.0012774090386143524 0.032393809420721315 -0.047480789740882524 0.16033347845484222 -0.03015838406948923 -0.057671856955436689 0.001489547873264141 -0.0072011109334642722 0.1442572307284318 -0.016527006144069864 -0.019806338438455664 0.15573306238291032 -0.0035289978432357927 -0.00061927118086333452 -0.01462457611123762 0.080093909289491935 0.03947297737529544 -0.027975400481659807
leaf_weight=5288 68 284 33 56 133 116 78 70 40 1115 56 76 31 50 217 30 30 42 65 302 47 248 52 55 281 5813 69 35 40 169
leaf_count=5288 68 284 33 56 133 116 78 70 40 1115 56 76 31 50 217 30 30 42 65 302 47 248 52 55 281 5813 69 35 40 169
internal_value=-0.00514794 -0.00974302 -0.00591274 -0.00320048 0.000141509 -0.0091443 -0.00659617 -0.00630192 -0.00105422 -0.00692459 -0.00572917 0.00568182 -0.000732601 -0.003 -0.00421429 0.000281955 0.00666667 -0.00496575 -0.000607399 -0.000428135 0.00416667 -0.00227273 -0.00165094 -0.0010274 0.00104167 -0.000585073 0.00199704 0.005 -0.000452507 -0.00340909
internal_weight=14989 7345 2057 414 265 149 1643 1565 166 1399 96 132 7644 400 350 133 60 73 7244 6540 216 704 636 584 336 6324 169 100 6022 209
internal_count=14989 7345 2057 414 265 149 1643 1565 166 1399 96 132 7644 400 350 133 60 73 7244 6540 216 704 636 584 336 6324 169 100 6022 209
is_linear=0
shrinkage=0.05


Tree=114
num_leaves=31
num_cat=0
split_feature=9 19 23 19 19 19 19 19 19 19 19 19 1 1 7 13 3 8 19 1 6 1 1 2 8 2 2 13 3 10
split_gain=121.82 16.7671 1.52517 3.28951 3.22921 2.35916 1.14168 2.04552 1.99019 1.3271 1.25744 0.985304 0.754275 1.44903 1.80282 1.25734 1.70213 1.67409 1.12256 1.10577 0.929078 0.884551 0.977971 1.15456 0.822325 0.982846 1.03616 1.25426 0.820418 0.795733
threshold=1.0000000180025095e-35 46.500000000000007 3.5000000000000004 50.500000000000007 59.500000000000007 48.500000000000007 67.500000000000014 55.500000000000007 58.500000000000007 48.500000000000007 59.500000000000007 53.500000000000007 0.37000000000000005 0.32833333333333342 0.023666666666666673 2.7638888888888893 4.166666666666667 3.5500000000000003 69.500000000000014 0.56166666666666687 0.27500000000000008 0.2950000000000001 0.27666666666666678 0.07583333333333335 12.775000000000002 0.14166666666666672 0.065833333333333369 12.950000000000001 13.41666666666667 8.0500000000000025
decision_type=2 2 2 2 2 2 2 2 2 2 2 2 2 2 2 2 2 2 2 2 2 2 2 2 2 2 2 2 2 2
left_child=1 -1 6 5 11 -4 7 9 -9 -3 -10 -5 13 21 -15 -14 17 -17 -18 -20 -16 22 24 -24 28 26 27 -26 29 -2
right_child=12 2 3 4 -6 -7 -8 8 10 -11 -12 -13 15 14 20 16 18 -19 19 -21 -22 -23 23 -25 25 -27 -28 -29 -30 -31
leaf_value=-0.000144364698193964 -0.0015310060067440124 -0.000144364698193964 0.025370300083024985 0.00026087661311506306 -0.000144364698193964 -0.000144364698193964 -0.000144364698193964 0.011152412351434327 -0.000144364698193964 -0.000144364698193964 -0.000144364698193964 0.0018403710322294335 -0.028482270627243279 -0.003083944952769663 0.19179816496244664 -0.0072156720812858012 -0.018725766094415081 0.10458340408557097 -0.053774891687279884 0.096427382875960005 0.077509935874480726 -0.032094950415255723 -6.5190874581599895e-05 0.12933010608364598 -0.038686207633931269 0.0054651573591784075 -0.054100085266999456 0.031471087555364562 0.075238144135615082 0.039289222636881192
leaf_weight=5288 6496 284 33 56 133 116 78 70 40 1115 56 76 55 71 31 115 154 52 52 40 40 155 53 38 74 41 66 45 36 30
leaf_count=5288 6496 284 33 56 133 116 78 70 40 1115 56 76 55 71 31 115 154 52 52 40 40 155 53 38 74 41 66 45 36 30
internal_value=-0.00514461 -0.00974302 -0.00591274 -0.00320048 0.000141509 -0.0091443 -0.00659617 -0.00630192 -0.00105422 -0.00692459 -0.00572917 0.00568182 -0.00072606 -0.00059922 0.00440141 -0.00267094 -0.00172518 0.00217066 -0.00436992 0 0.0100352 -0.000700171 -0.000616005 0.00453297 -0.000685032 -0.00365044 -0.0052027 -0.00241597 -0.000582902 -0.000624425
internal_weight=14989 7345 2057 414 265 149 1643 1565 166 1399 96 132 7644 7176 142 468 413 167 246 92 71 7034 6879 91 6788 226 185 119 6562 6526
internal_count=14989 7345 2057 414 265 149 1643 1565 166 1399 96 132 7644 7176 142 468 413 167 246 92 71 7034 6879 91 6788 226 185 119 6562 6526
is_linear=0
shrinkage=0.05


Tree=115
num_leaves=31
num_cat=0
split_feature=4 19 19 19 23 19 19 13 0 3 0 19 19 19 10 6 10 8 5 13 8 8 12 6 19 1 12 10 14 0
split_gain=130.872 15.7198 1.33608 2.3163 2.10363 2.52588 1.31206 1.09973 1.72682 1.27892 1.31074 1.01317 2.15955 1.32629 0.963777 2.17532 1.12328 1.14289 1.80177 1.12658 1.62385 1.10805 3.35423 1.96098 1.07464 1.38831 1.47198 1.72243 1.04712 1.03411
threshold=1.0000000180025095e-35 45.500000000000007 50.500000000000007 48.500000000000007 3.5000000000000004 53.500000000000007 51.500000000000007 4.1833333333333345 0.83333333333333337 4.8333333333333348 0.83333333333333337 67.500000000000014 54.500000000000007 57.500000000000007 5.7638888888888902 0.22366666666666665 5.3166666666666673 11.300000000000002 6.1000000000000005 13.292857142857146 12.775000000000002 11.733333333333336 0.019500000000000007 0.037749999999999999 52.500000000000007 0.035833333333333349 0.23350000000000001 6.4365079365079376 89.183333333333351 7.166666666666667
decision_type=2 2 2 2 2 2 2 2 2 2 2 2 2 2 2 2 2 2 2 2 2 2 2 2 2 2 2 2 2 2
left_child=1 -1 3 -3 6 -6 -4 9 -9 10 -2 12 -8 -14 16 24 19 18 -18 20 21 29 -23 -24 28 -26 27 -27 -16 -10
right_child=7 2 4 -5 5 -7 11 8 14 -11 -12 -13 13 -15 15 -17 17 -19 -20 -21 -22 22 23 -25 25 26 -28 -29 -30 -31
leaf_value=-0.00013714646328426579 -0.034140431763076011 -0.00013714646328426579 0.048166125807607943 -0.00013714646328426579 0.00024783278245931183 -0.00013714646328426579 -0.00013714646328426579 0.087269352393432531 -0.00016643398372069297 -0.027560224352101849 -0.0020243621949980334 -0.00013714646328426579 0.010594791733862609 -0.00013714646328426579 -0.025699107563140727 -0.017496692310428271 0.0093780976582097612 -0.046442809081886111 0.13353461016195137 0.034221999216283563 -0.030176106602401567 -0.015640852622924771 0.087999822874515049 0.022432153581898279 -0.064533181554936189 0.095263852193217383 -0.0082418389533679137 0.035101646310220669 0.0088729219221640229 -0.057535759066580476
leaf_weight=5192 48 357 55 809 58 213 312 60 4595 82 1660 87 87 141 104 175 138 41 36 60 127 60 44 74 42 52 35 56 40 82
leaf_count=5192 48 357 55 809 58 213 312 60 4595 82 1660 87 87 141 104 175 138 41 36 60 127 60 44 74 42 52 35 56 40 82
internal_value=-0.00502781 -0.00980543 -0.00617626 -0.00731132 -0.00478751 -0.00106089 -0.00626833 -0.00043851 -0.000105222 -0.00152235 -0.00122951 -0.00691786 -0.00611111 -0.00241228 -0.000193109 -0.00228175 7.13335e-06 0.00354651 0.00531609 -0.000143792 -0.000225813 -7.98146e-05 0.00379213 0.00868644 0.000113982 0.00263514 0.00498252 0.00787037 -0.003125 -0.000227176
internal_weight=14922 7311 2119 1166 953 271 682 7611 5821 1790 1708 627 540 228 5761 504 5257 215 174 5042 4982 4855 178 118 329 185 143 108 144 4677
internal_count=14922 7311 2119 1166 953 271 682 7611 5821 1790 1708 627 540 228 5761 504 5257 215 174 5042 4982 4855 178 118 329 185 143 108 144 4677
is_linear=0
shrinkage=0.05


Tree=116
num_leaves=31
num_cat=0
split_feature=4 19 19 19 23 19 19 19 19 19 8 0 10 10 12 1 19 12 14 15 0 8 4 3 9 19 6 0 1 19
split_gain=130.138 15.7198 1.33608 2.3163 2.10363 2.52588 1.31206 1.01317 2.15955 1.32629 0.946585 1.31637 1.51853 1.0124 1.63425 1.59524 1.27625 1.04857 1.03878 1.03451 0.885868 3.95479 2.06995 1.8253 1.30611 0.9517 1.41908 1.60252 1.1347 1.00372
threshold=1.0000000180025095e-35 45.500000000000007 50.500000000000007 48.500000000000007 3.5000000000000004 53.500000000000007 51.500000000000007 67.500000000000014 54.500000000000007 57.500000000000007 3.1000000000000005 1.1666666666666667 1.8166666666666669 5.7638888888888902 0.04881944444444445 0.1458333333333334 53.500000000000007 0.079500000000000015 86.816666666666677 2.5000000000000004 1.1666666666666667 6.5500000000000007 85.833333333333357 5.8333333333333348 85.708333333333357 65.500000000000014 0.067083333333333342 5.5833333333333348 0.55500000000000016 62.500000000000007
decision_type=2 2 2 2 2 2 2 2 2 2 2 2 2 2 2 2 2 2 2 2 2 2 2 2 2 2 2 2 2 2
left_child=1 -1 3 -3 6 -6 -4 8 -8 -10 11 -2 -13 20 16 17 19 -16 -19 -15 21 23 -23 24 -12 28 -27 -28 29 -22
right_child=10 2 4 -5 5 -7 7 -9 9 -11 13 12 -14 14 15 -17 -18 18 -20 -21 25 22 -24 -25 -26 26 27 -29 -30 -31
leaf_value=-0.00013028914012005248 -0.017759138083751649 -0.00013028914012005248 0.045757819517227544 -0.00013028914012005248 0.00023544114333634569 -0.00013028914012005248 -0.00013028914012005248 -0.00013028914012005248 0.010065052147169479 -0.00013028914012005248 0.08847758280012448 0.075100445476988936 -0.0043952198397002821 0.10949917313713349 -0.01907592928323212 -0.01861667048117643 0.041766501631178399 -0.0013521678536476457 0.058175047627782299 -0.027362329584941364 -0.00015929201199481603 0.0074413994274509969 0.13168073009411715 -0.0068180715395794074 -0.0084669209169796322 0.02231130644313099 -0.004277927960704842 0.086063544004109635 -0.041902483494572873 -0.015870191771984725
leaf_weight=5192 97 357 55 809 58 213 312 87 87 141 35 38 1048 30 56 214 62 75 53 58 4875 40 42 61 76 46 331 96 40 238
leaf_count=5192 97 357 55 809 58 213 312 87 87 141 35 38 1048 30 56 214 62 75 53 58 4875 40 42 61 76 46 331 96 40 238
internal_value=-0.00504121 -0.00980543 -0.00617626 -0.00731132 -0.00478751 -0.00106089 -0.00626833 -0.00691786 -0.00611111 -0.00241228 -0.000464788 -0.00176458 -0.00126611 -0.000225576 -0.00228102 -0.00395729 0.00216667 -0.000543478 0.00195312 -0.00170455 -3.40136e-05 0.00285433 0.0118902 -0.00145349 0.00236486 -0.000164415 0.00198203 0.00108314 -0.00036144 -0.000295815
internal_weight=14922 7311 2119 1166 953 271 682 627 540 228 7611 1183 1086 6428 548 398 150 184 128 88 5880 254 82 172 111 5626 473 427 5153 5113
internal_count=14922 7311 2119 1166 953 271 682 627 540 228 7611 1183 1086 6428 548 398 150 184 128 88 5880 254 82 172 111 5626 473 427 5153 5113
is_linear=0
shrinkage=0.05


Tree=117
num_leaves=31
num_cat=0
split_feature=4 19 19 19 19 19 19 8 0 19 1 4 3 3 1 10 10 11 10 6 0 3 10 11 4 4 0 5 2 8
split_gain=129.772 15.7198 1.33608 2.3163 2.04835 1.97406 2.18159 0.895586 1.236 1.06791 1.74381 1.15061 1.25641 1.22767 1.81966 1.0475 0.919226 1.75462 0.885896 0.877304 0.82625 1.74696 0.787358 0.73233 1.38982 1.61635 1.44319 1.76674 1.44048 1.54286
threshold=1.0000000180025095e-35 45.500000000000007 50.500000000000007 48.500000000000007 53.500000000000007 54.500000000000007 64.500000000000014 3.9000000000000004 1.1666666666666667 101.50000000000001 0.45166666666666672 64.583333333333357 7.416666666666667 3.8333333333333335 0.16666666666666671 6.7321428571428585 6.3166666666666673 0.13050000000000003 1.8166666666666669 0.40100000000000008 0.83333333333333337 6.166666666666667 1.9500000000000002 0.012111111111111112 81.166666666666671 79.166666666666671 1.8333333333333337 3.5500000000000003 0.061666666666666696 7.1000000000000005
decision_type=2 2 2 2 2 2 2 2 2 2 2 2 2 2 2 2 2 2 2 2 2 2 2 2 2 2 2 2 2 2
left_child=1 -1 3 -3 -4 -6 -7 8 -2 10 11 12 -9 14 -13 16 19 -18 -10 20 21 -15 -20 24 25 -22 28 -28 29 -26
right_child=7 2 4 -5 5 6 -8 9 18 -11 -12 13 -14 15 -16 -17 17 -19 22 -21 23 -23 -24 -25 26 -27 27 -29 -30 -31
leaf_value=-0.00012377468311404989 -0.014055012123782793 -0.00012377468311404989 -0.000182898599584625 -0.00012377468311404989 -0.00012377468311404989 -0.00012377468311404989 -0.00012377468311404989 0.020257025198582742 0.055556781089084142 0.1062103521453111 -0.015691024170848038 0.0077254243341780332 -0.0011912605944242817 -0.0073112434534071992 0.15281876998602933 -0.0087554936447546538 0.069046818255730655 -0.013892501200112629 -0.057672360858957494 0.065014558099164704 -0.0013424219479032608 0.12366899715304812 -0.0026328734464212246 -0.0001662200621790122 0.11914823351475529 -0.024890750292167814 -0.014850845391178792 0.015428471808457146 -0.014096409603736777 0.016039394305980594
leaf_weight=5192 111 357 217 809 239 330 167 55 47 42 182 92 37 38 33 149 43 33 31 41 144 30 1329 4450 30 90 358 176 30 40
leaf_count=5192 111 357 217 809 239 330 167 55 47 42 182 92 37 38 33 149 43 33 31 41 144 30 1329 4450 30 90 358 176 30 40
internal_value=-0.00504792 -0.00980543 -0.00617626 -0.00731132 -0.00478751 -0.0060462 -0.0042505 -0.000477927 -0.00156456 -0.000207205 -0.000262353 -0.000112881 0.00543478 -0.000201229 0.0047 -0.000309625 -0.000197619 0.00526316 -0.00116382 -0.000274093 -0.000329558 0.00514706 -0.00139706 -0.000399586 -0.00172811 -0.00502137 -0.000512618 -0.00154494 0.005 0.00892857
internal_weight=14922 7311 2119 1166 953 736 497 7611 1518 6093 6051 5869 92 5777 125 5652 5503 76 1407 5427 5386 68 1360 5318 868 234 634 534 100 70
internal_count=14922 7311 2119 1166 953 736 497 7611 1518 6093 6051 5869 92 5777 125 5652 5503 76 1407 5427 5386 68 1360 5318 868 234 634 534 100 70
is_linear=0
shrinkage=0.05


Tree=118
num_leaves=31
num_cat=0
split_feature=4 19 19 19 23 19 19 19 19 19 11 14 13 17 5 1 19 7 23 13 14 8 11 9 9 10 0 10 12 13
split_gain=128.314 15.7198 1.33608 2.3163 2.10363 2.52588 1.31206 1.01317 2.15955 1.32629 0.819044 1.14186 1.79146 1.03038 1.6875 1 0.805615 0.753248 0.737382 0.72445 0.779164 0.7788 0.7138 1.18387 1.71005 1.27517 1.18651 0.93165 1.16274 1.07911
threshold=1.0000000180025095e-35 45.500000000000007 50.500000000000007 48.500000000000007 3.5000000000000004 53.500000000000007 51.500000000000007 67.500000000000014 54.500000000000007 57.500000000000007 0.40050000000000002 86.70714285714287 2.6125000000000003 9.5000000000000018 3.5500000000000003 0.51166666666666683 59.500000000000007 0.033999999999999996 3.5000000000000004 13.366666666666669 96.050000000000026 14.450000000000001 0.012111111111111112 85.77500000000002 86.90000000000002 1.4642857142857146 0.83333333333333337 2.2111111111111117 0.080500000000000016 4.7888888888888896
decision_type=2 2 2 2 2 2 2 2 2 2 2 2 2 2 2 2 2 2 2 2 2 2 2 2 2 2 2 2 2 2
left_child=1 -1 3 -3 6 -6 -4 8 -8 -10 19 12 -12 14 -14 -16 -11 -15 -5 20 22 -21 23 -2 -25 -26 -27 -28 29 -29
right_child=10 2 4 18 5 -7 7 -9 9 16 11 -13 13 17 15 -17 -18 -19 -20 21 -22 -23 -24 24 25 26 27 28 -30 -31
leaf_value=-0.00011758594895834739 -0.0039652045594461231 -0.00011758594895834739 0.0434790734713454 -0.00011758594895834739 0.00023281401614876353 -0.00011758594895834739 -0.00011758594895834739 -0.00011758594895834739 0.0095679882739667099 -0.00011758594895834739 -0.026605534321825136 -0.014906472962305635 -0.008150066408655848 0.040316380851275119 0.10436649823120769 0.038443504638668025 -0.00011758594895834739 -0.071029755614933923 -0.00011758594895834739 0.059167212979293254 0.04469345201245023 -0.014959174488901451 -0.00033031750739085655 0.096672860491271412 0.053842682252916822 -0.033568937162608663 0.0078341327532193816 -0.0022724644156492334 0.042047636669602248 -0.01425183267616598
leaf_weight=5192 507 357 55 694 58 213 312 87 87 86 36 111 32 31 32 32 55 61 115 33 33 37 5522 35 39 38 197 421 56 358
leaf_count=5192 507 357 55 694 58 213 312 87 87 86 36 111 32 31 32 32 55 61 115 33 33 37 5522 35 39 38 197 421 56 358
internal_value=-0.00507472 -0.00980543 -0.00617626 -0.00731132 -0.00478751 -0.00106089 -0.00626833 -0.00691786 -0.00611111 -0.00241228 -0.000530482 -0.00294776 -0.000892857 0.00106383 0.0046875 0.009375 -0.0054078 -0.00271739 -0.00879172 -0.000419186 -0.00046836 0.00464286 -0.000503625 -0.00141581 -0.000524476 -0.000867899 -0.00119159 -0.000872093 -0.0016018 -0.00210205
internal_weight=14922 7311 2119 1166 953 271 682 627 540 228 7611 335 224 188 96 64 141 92 809 7276 7206 70 7173 1651 1144 1109 1070 1032 835 779
internal_count=14922 7311 2119 1166 953 271 682 627 540 228 7611 335 224 188 96 64 141 92 809 7276 7206 70 7173 1651 1144 1109 1070 1032 835 779
is_linear=0
shrinkage=0.05


Tree=119
num_leaves=31
num_cat=0
split_feature=4 19 19 19 23 19 19 19 19 19 11 19 23 8 0 13 3 24 12 1 13 12 23 10 10 12 4 12 5 13
split_gain=128.496 15.7198 1.33608 2.3163 2.10363 2.52588 1.31206 1.01317 2.15955 1.32629 0.888717 0.805615 0.737382 0.724983 1.29938 1.31415 1.18156 1.80455 1.58712 1.36809 1.28587 1.0726 2.41545 0.765955 0.884855 0.765625 0.728755 0.72783 0.721709 1.09273
threshold=1.0000000180025095e-35 45.500000000000007 50.500000000000007 48.500000000000007 3.5000000000000004 53.500000000000007 51.500000000000007 67.500000000000014 54.500000000000007 57.500000000000007 0.48225000000000012 59.500000000000007 3.5000000000000004 3.9000000000000004 1.1666666666666667 3.7321428571428577 4.166666666666667 2.2500000000000004 0.19650000000000004 0.26500000000000007 4.1055555555555561 0.028660714285714293 3.5000000000000004 1.8166666666666669 1.9500000000000002 0.05050000000000001 83.833333333333357 0.015857142857142865 7.1000000000000005 5.2111111111111121
decision_type=2 2 2 2 2 2 2 2 2 2 2 2 2 2 2 2 2 2 2 2 2 2 2 2 2 2 2 2 2 2
left_child=1 -1 3 -3 6 -6 -4 8 -8 -10 13 -11 -5 14 27 23 17 25 19 21 -18 22 -19 -16 -25 -15 -17 -2 29 -22
right_child=10 2 4 12 5 -7 7 -9 9 11 -12 -13 -14 16 15 26 20 18 -20 -21 28 -23 -24 24 -26 -27 -28 -29 -30 -31
leaf_value=-0.00011170665151043001 -0.023271021275495872 -0.00011170665151043001 0.04130511979777813 -0.00011170665151043001 0.00022117331534132756 -0.00011170665151043001 -0.00011170665151043001 -0.00011170665151043001 0.0090895888602683713 -0.00011170665151043001 -0.0089345911659095643 -0.00011170665151043001 -0.00011170665151043001 0.02954912338864716 0.062465855119909743 -0.0081721480155099498 -0.022555962155548809 0.038661200942607547 0.0017858783704598619 0.006202156098556161 0.0054942539112527618 -0.010860352010786901 -0.0048082626067146974 -0.055180449453670594 -0.00062575897642949132 0.074081142849210815 -0.050732695752117009 -0.0074002386212954629 -0.020032790782918621 -0.0008127284552769177
leaf_weight=5192 71 357 55 694 58 213 312 87 87 86 177 55 115 32 43 82 100 42 31 41 672 168 34 30 1105 32 72 40 181 4658
leaf_count=5192 71 357 55 694 58 213 312 87 87 86 177 55 115 32 43 82 100 42 31 41 672 168 34 30 1105 32 72 40 181 4658
internal_value=-0.00507137 -0.00980543 -0.00617626 -0.00731132 -0.00478751 -0.00106089 -0.00626833 -0.00691786 -0.00611111 -0.00241228 -0.000523913 -0.0054078 -0.00879172 -0.000440543 -0.00144664 -0.00101351 -0.000198214 0.0025 0.000949367 -0.000219298 -0.000380948 -0.00163934 0.00328947 -0.000445671 -0.000693833 0.0101563 -0.00535714 -0.00664414 -0.000278987 -0.000173546
internal_weight=14922 7311 2119 1166 953 271 682 627 540 228 7611 141 809 7434 1443 1332 5991 380 316 285 5611 244 76 1178 1135 64 154 111 5511 5330
internal_count=14922 7311 2119 1166 953 271 682 627 540 228 7611 141 809 7434 1443 1332 5991 380 316 285 5611 244 76 1178 1135 64 154 111 5511 5330
is_linear=0
shrinkage=0.05


Tree=120
num_leaves=31
num_cat=0
split_feature=4 19 19 23 19 19 19 19 19 19 1 7 12 14 2 19 19 1 6 5 12 1 10 10 2 19 10 19 5 1
split_gain=128.835 14.7928 1.70252 3.19057 4.4427 1.56543 1.17401 1.24119 1.87243 1.13971 1.06801 1.40754 1.18229 2.29673 1.21201 1.01853 0.988891 0.895994 1.4636 2.04248 1.26394 1.14584 0.980615 0.938893 1.45556 0.849123 0.809052 2.04928 0.794719 0.976848
threshold=1.0000000180025095e-35 46.500000000000007 50.500000000000007 3.5000000000000004 53.500000000000007 48.500000000000007 67.500000000000014 55.500000000000007 58.500000000000007 64.500000000000014 0.38500000000000012 0.0080000000000000088 0.022111111111111116 80.527777777777786 0.091666666666666688 47.500000000000007 53.500000000000007 0.32833333333333342 0.33900000000000008 5.4500000000000011 0.047638888888888897 0.2950000000000001 8.2250000000000014 6.7321428571428585 0.20500000000000004 59.500000000000007 6.3166666666666673 58.500000000000007 5.1000000000000005 0.65000000000000024
decision_type=2 2 2 2 2 2 2 2 2 2 2 2 2 2 2 2 2 2 2 2 2 2 2 2 2 2 2 2 2 2
left_child=1 -1 5 6 -5 15 7 16 -9 -6 17 -12 -13 14 -14 -3 -4 21 19 20 -19 22 23 26 -25 -10 -2 -28 -15 -30
right_child=10 2 3 4 9 -7 -8 8 25 -11 11 12 13 28 -16 -17 -18 18 -20 -21 -22 -23 -24 24 -26 -27 27 -29 29 -31
leaf_value=-0.00010612131893490852 -0.0006564665515736229 -0.00010612131893490852 -0.00016228903958195488 0.0002101146495742612 -0.0013785216102113074 -0.00010612131893490852 -0.00010612131893490852 0.0086351094172549547 -0.00010612131893490852 -0.00010612131893490852 0.046588094065507457 -0.023501555693767835 0.093960760284952025 -0.017549754962157334 -0.017712964335043564 -0.00010612131893490852 -0.00010612131893490852 -0.0013788547858318845 0.098427054136034225 -0.0046854984569154939 0.10861046693921823 -0.031220571291590705 0.044122829210416194 -0.0251444185201148 0.0071880874904972497 -0.00010612131893490852 0.093788444782733474 -0.016650339340498949 -0.013714419755894875 -0.02730673241253917
leaf_weight=5276 6666 132 146 59 136 804 87 73 38 74 30 62 53 130 32 190 251 43 59 37 30 165 31 101 32 57 52 30 101 32
leaf_count=5276 6666 132 146 59 136 804 87 73 38 74 30 62 53 130 32 190 251 43 59 37 30 165 31 101 32 57 52 30 101 32
internal_value=-0.00508445 -0.00983033 -0.00622252 -0.00462812 -4.64684e-05 -0.00752664 -0.0065184 -0.00568584 -0.00208333 -0.00345238 -0.000562711 -0.00295455 -0.00371951 -0.00258621 0.00455882 -0.00458075 -0.00721033 -0.000417472 0.00318047 -0.000227273 0.00462329 -0.000503391 -0.000405093 -0.000445066 -0.00460526 -0.00671053 -0.000363071 0.00457317 -0.00489544 -0.00761278
internal_weight=15009 7323 2047 921 269 1126 652 565 168 210 7686 440 410 348 85 322 397 7246 169 110 73 7077 6912 6881 133 95 6748 82 263 133
internal_count=15009 7323 2047 921 269 1126 652 565 168 210 7686 440 410 348 85 322 397 7246 169 110 73 7077 6912 6881 133 95 6748 82 263 133
is_linear=0
shrinkage=0.05


Tree=121
num_leaves=31
num_cat=0
split_feature=4 19 19 23 19 19 1 10 1 19 19 19 19 11 10 23 14 19 11 19 24 0 2 11 26 19 19 0 26 19
split_gain=127.932 14.7928 1.70252 3.19057 4.4427 1.56543 1.37808 1.30555 1.73563 1.17401 1.24119 1.87243 1.13971 1.05095 2.15797 1.18361 1.30052 1.27324 3.41716 1.36921 1.15576 1.36028 1.42452 1.14605 1.06994 1.01853 0.988891 0.860908 1.67347 0.849123
threshold=1.0000000180025095e-35 46.500000000000007 50.500000000000007 3.5000000000000004 53.500000000000007 48.500000000000007 0.19500000000000003 5.7638888888888902 0.25833333333333341 67.500000000000014 55.500000000000007 58.500000000000007 64.500000000000014 0.17050000000000001 4.6458333333333348 3.5000000000000004 73.050000000000011 64.500000000000014 0.34316666666666673 79.000000000000014 3.2500000000000004 2.1666666666666674 0.015833333333333328 0.18354166666666669 1.0000000180025095e-35 47.500000000000007 53.500000000000007 3.5833333333333335 1.0000000180025095e-35 59.500000000000007
decision_type=2 2 2 2 2 2 2 2 2 2 2 2 2 2 2 2 2 2 2 2 2 2 2 2 2 2 2 2 2 2
left_child=1 -1 5 9 -5 25 -2 13 -9 10 26 -12 -6 14 27 17 24 23 19 -19 21 -18 -23 -15 -17 -3 -4 28 -8 -13
right_child=6 2 3 4 12 -7 7 8 -10 -11 11 29 -14 15 -16 16 20 18 -20 -21 -22 22 -24 -25 -26 -27 -28 -29 -30 -31
leaf_value=-0.00010081525298816308 -0.00033543523233030563 -0.00010081525298816308 -0.00015417458760285714 0.00019960891709555064 -0.0013095955297007418 -0.00010081525298816308 0.0042996203663853583 0.055864461333782117 -0.01302869876810013 -0.00010081525298816308 0.008203353946392206 -0.00010081525298816308 -0.00010081525298816308 0.03186251850790385 0.13342427126948181 -0.002931041119203082 -0.0084499488625102703 0.14101082793384864 -0.025197979419603923 0.07609738761154905 -0.023755469214276948 0.010539391819739841 -0.011100816224960586 -0.0057805251372849758 0.021403829953493936 -0.00010081525298816308 -0.00010081525298816308 -0.032433481027165714 -0.028964702467823678 -0.00010081525298816308
leaf_weight=5276 6170 132 146 59 136 804 38 47 207 87 73 38 74 31 35 33 133 54 72 42 105 85 131 277 32 190 251 161 33 57
leaf_count=5276 6170 132 146 59 136 804 38 47 207 87 73 38 74 31 35 33 133 54 72 42 105 85 131 277 32 190 251 161 33 57
internal_value=-0.00510111 -0.00983033 -0.00622252 -0.00462812 -4.64684e-05 -0.00752664 -0.000595238 -0.00194591 -0.00521654 -0.0065184 -0.00568584 -0.00208333 -0.00345238 -0.00128764 -0.00407303 -0.000540201 -0.00219171 0.0012605 0.0047619 0.0109375 -0.00313877 -0.00175501 0.000694444 -0.000649351 0.00442308 -0.00458075 -0.00721033 -0.00581897 -0.00123239 -0.00671053
internal_weight=15009 7323 2047 921 269 1126 7686 1516 254 652 565 168 210 1262 267 995 519 476 168 96 454 349 216 308 65 322 397 232 71 95
internal_count=15009 7323 2047 921 269 1126 7686 1516 254 652 565 168 210 1262 267 995 519 476 168 96 454 349 216 308 65 322 397 232 71 95
is_linear=0
shrinkage=0.05


Tree=122
num_leaves=31
num_cat=0
split_feature=4 19 19 23 19 19 19 19 19 19 5 12 10 19 19 19 10 13 3 19 6 14 9 1 10 19 15 1 6 14
split_gain=131.38 14.7928 1.70252 3.19057 4.4427 1.56543 1.17401 1.24119 1.87243 1.13971 1.04953 1.15579 1.08376 1.65181 1.01853 0.988891 0.930462 1.55955 0.882272 0.849123 0.760498 1.30176 2.64067 1.73629 1.73443 1.76023 2.89819 1.57298 2.31784 1.55067
threshold=1.0000000180025095e-35 46.500000000000007 50.500000000000007 3.5000000000000004 53.500000000000007 48.500000000000007 67.500000000000014 55.500000000000007 58.500000000000007 64.500000000000014 6.6333333333333337 0.22387500000000002 6.3166666666666673 59.500000000000007 47.500000000000007 53.500000000000007 6.2750000000000012 9.3166666666666682 7.5833333333333348 59.500000000000007 0.12366666666666666 77.535714285714292 77.100000000000009 0.02583333333333333 3.8660714285714293 48.500000000000007 2.5000000000000004 0.073333333333333375 0.033666666666666678 81.154761904761912
decision_type=2 2 2 2 2 2 2 2 2 2 2 2 2 2 2 2 2 2 2 2 2 2 2 2 2 2 2 2 2 2
left_child=1 -1 5 6 -5 14 7 15 -9 -6 12 16 20 -14 -3 -4 18 -18 -12 -10 21 22 -2 -24 29 26 -26 28 -28 -23
right_child=10 2 3 4 9 -7 -8 8 19 -11 11 -13 13 -15 -16 -17 17 -19 -20 -21 -22 24 23 -25 25 -27 27 -29 -30 -31
leaf_value=-9.5774490338754919e-05 0.00034849414319865077 -9.5774490338754919e-05 -0.00014646585822271428 0.00018962847124077143 -0.0012441157532157047 -9.5774490338754919e-05 -9.5774490338754919e-05 0.0077931862490725982 -9.5774490338754919e-05 -9.5774490338754919e-05 0.0052573916137592328 0.0092170743981776215 0.099301248662704816 -0.0074277481374426472 -9.5774490338754919e-05 -9.5774490338754919e-05 -0.026411664999607277 0.031903832348948516 -0.052872045165913699 -9.5774490338754919e-05 -0.0041621972772054707 -0.0094366050028353091 0.0026731901897967371 0.091507310671358547 0.078091477515678978 -0.0010786170131119766 0.042499136886077482 0.048143119290675718 -0.013943663973709542 -0.0024103183868770667
leaf_weight=5276 960 132 146 59 136 804 87 73 38 74 72 52 48 43 190 251 160 35 52 57 2057 398 37 31 31 851 214 80 177 2388
leaf_count=5276 960 132 146 59 136 804 87 73 38 74 72 52 48 43 190 251 160 35 52 57 2057 398 37 31 31 851 214 80 177 2388
internal_value=-0.00503781 -0.00983033 -0.00622252 -0.00462812 -4.64684e-05 -0.00752664 -0.0065184 -0.00568584 -0.00208333 -0.00345238 -0.000471637 -0.00306604 -0.000340055 0.00508242 -0.00458075 -0.00721033 -0.00419279 -0.00634615 -0.000806452 -0.00671053 -0.000408361 -8.4672e-05 0.00150778 0.0110294 -0.000480188 0.000988544 0.00333665 0.002362 0.00105499 -0.00119347
internal_weight=15009 7323 2047 921 269 1126 652 565 168 210 7686 371 7315 91 322 397 319 195 124 95 7224 5167 1028 68 4139 1353 502 471 391 2786
internal_count=15009 7323 2047 921 269 1126 652 565 168 210 7686 371 7315 91 322 397 319 195 124 95 7224 5167 1028 68 4139 1353 502 471 391 2786
is_linear=0
shrinkage=0.05


Tree=123
num_leaves=31
num_cat=0
split_feature=4 19 19 23 19 19 19 19 19 19 1 19 4 19 14 19 19 19 3 12 14 13 10 14 12 8 12 13 5 5
split_gain=129.559 14.7928 1.70252 3.19057 4.4427 1.56543 1.17401 1.24119 1.87243 1.13971 1.09138 1.21021 1.03346 1.01853 1.01777 0.988891 0.849123 0.836176 1.30414 1.08991 1.23055 2.43161 1.15843 1.69546 1.05789 1.65865 1.07566 1.13246 1.69589 1.43183
threshold=1.0000000180025095e-35 46.500000000000007 50.500000000000007 3.5000000000000004 53.500000000000007 48.500000000000007 67.500000000000014 55.500000000000007 58.500000000000007 64.500000000000014 0.38500000000000012 43.500000000000007 90.333333333333357 47.500000000000007 87.585714285714303 53.500000000000007 59.500000000000007 58.500000000000007 6.166666666666667 0.2960000000000001 89.414285714285725 7.4722222222222232 3.3166666666666669 85.472222222222243 0.13828571428571432 8.2916666666666696 0.12725000000000003 4.1055555555555561 6.5500000000000007 6.1000000000000005
decision_type=2 2 2 2 2 2 2 2 2 2 2 2 2 2 2 2 2 2 2 2 2 2 2 2 2 2 2 2 2 2
left_child=1 -1 5 6 -5 13 7 15 -9 -6 11 -2 17 -3 -12 -4 -10 24 -19 20 22 -22 23 -20 26 -26 27 -13 29 -29
right_child=10 2 3 4 9 -7 -8 8 16 -11 14 12 -14 -15 -16 -17 -18 18 19 -21 21 -23 -24 -25 25 -27 -28 28 -30 -31
leaf_value=-9.0985765821817173e-05 -0.0038545578469947883 -9.0985765821817173e-05 -0.00013914256531157856 0.00018014704767873037 -0.0011819099655549195 -9.0985765821817173e-05 -9.0985765821817173e-05 0.0074035269366189704 -9.0985765821817173e-05 -9.0985765821817173e-05 -0.0058952349039110181 -0.0038105578587990688 0.053540978299603019 -9.0985765821817173e-05 -0.011862206161034989 -9.0985765821817173e-05 -9.0985765821817173e-05 0.00026364393142302436 -0.016306004126971221 0.0019909069338661825 0.18887402565377021 -0.048762121129764177 -0.035199905455286389 0.161777442558385 0.020426959768852962 -0.0057068777405658638 -0.024165558028259329 0.00095782030648662315 -0.010434470026642379 0.12574376071176743
leaf_weight=5276 1283 132 146 59 136 804 87 73 38 74 329 905 30 190 111 251 57 738 78 33 32 94 274 33 297 161 107 3008 119 54
leaf_count=5276 1283 132 146 59 136 804 87 73 38 74 329 905 30 190 111 251 57 738 78 33 32 94 274 33 297 161 107 3008 119 54
internal_value=-0.00507112 -0.00983033 -0.00622252 -0.00462812 -4.64684e-05 -0.00752664 -0.0065184 -0.00568584 -0.00208333 -0.00345238 -0.00053669 -0.00038987 -9.01392e-05 -0.00458075 -0.00295455 -0.00721033 -0.00671053 -0.000136946 -0.00126755 -0.003125 -0.00369374 0.000595238 -0.0050974 -0.000788288 0.000174694 0.00245633 -7.4529e-05 5.50661e-05 0.000499057 0.000726649
internal_weight=15009 7323 2047 921 269 1126 652 565 168 210 7686 7246 5963 322 440 397 95 5933 1282 544 511 126 385 111 4651 458 4193 4086 3181 3062
internal_count=15009 7323 2047 921 269 1126 652 565 168 210 7686 7246 5963 322 440 397 95 5933 1282 544 511 126 385 111 4651 458 4193 4086 3181 3062
is_linear=0
shrinkage=0.05


Tree=124
num_leaves=31
num_cat=0
split_feature=4 19 19 23 19 19 19 19 19 19 19 11 19 19 5 7 19 23 23 1 1 10 5 6 11 14 7 14 0 6
split_gain=130.104 14.7928 1.70252 3.19057 4.4427 1.56543 1.17401 1.24119 1.87243 1.13971 1.01853 1.01006 0.988891 0.887738 1.03291 0.935346 0.849123 0.75684 0.754867 0.730168 1.12786 1.00932 1.6763 0.984281 1.48467 1.59202 1.38958 0.786012 1.40078 1.16211
threshold=1.0000000180025095e-35 46.500000000000007 50.500000000000007 3.5000000000000004 53.500000000000007 48.500000000000007 67.500000000000014 55.500000000000007 58.500000000000007 64.500000000000014 47.500000000000007 0.48225000000000012 53.500000000000007 43.500000000000007 5.2250000000000005 0.4290000000000001 59.500000000000007 3.5000000000000004 1.5000000000000002 0.24833333333333341 0.52500000000000013 5.1055555555555561 5.5500000000000007 0.12366666666666666 0.18878571428571431 85.354166666666671 0.10100000000000002 89.267857142857153 6.166666666666667 0.077750000000000027
decision_type=2 2 2 2 2 2 2 2 2 2 2 2 2 2 2 2 2 2 2 2 2 2 2 2 2 2 2 2 2 2
left_child=1 18 5 6 -5 10 7 12 -9 -6 -3 13 -4 -2 -15 19 -10 -7 -1 23 21 22 -21 27 26 -26 -25 29 -29 -16
right_child=11 2 3 4 9 17 -8 8 16 -11 -12 -13 -14 14 15 -17 -18 -19 -20 20 -22 -23 -24 24 25 -27 -28 28 -30 -31
leaf_value=-8.6436477530726317e-05 -0.0036618299546450463 -8.6436477530726317e-05 -0.00013218543704599965 0.0001711396952947919 -0.0011228144672771735 -8.6436477530726317e-05 -8.6436477530726317e-05 0.0070333505897880238 -8.6436477530726317e-05 -8.6436477530726317e-05 -8.6436477530726317e-05 -0.0066241085247790979 -8.6436477530726317e-05 0.0001798237895751176 -0.0029171380623383677 0.026462913902302689 -8.6436477530726317e-05 -8.6436477530726317e-05 -8.6436477530726317e-05 -0.055321603699806571 0.010145845876042753 -0.029761047182881129 0.13047743952989754 0.1356605377805824 0.027385157010794792 -0.036334458589104474 0.0011496033517494953 0.02441536314659052 -0.036534866693317791 -0.049912060912359148
leaf_weight=1082 1283 132 146 59 136 691 87 73 38 74 190 176 251 5265 208 31 57 113 4194 34 32 174 35 43 52 34 49 82 92 96
leaf_count=1082 1283 132 146 59 136 691 87 73 38 74 190 176 251 5265 208 31 57 113 4194 34 32 174 35 43 52 34 49 82 92 96
internal_value=-0.00506113 -0.00983033 -0.00622252 -0.00462812 -4.64684e-05 -0.00752664 -0.0065184 -0.00568584 -0.00208333 -0.00345238 -0.00458075 -0.000517174 -0.00721033 -0.000429427 -0.000182672 -0.00168919 -0.00671053 -0.00870647 -0.0112301 -0.00197368 -0.00413636 -0.00529835 -0.000181159 -0.00106707 0.00210674 -0.00261628 0.00652174 -0.00224895 0.000431034 -0.00378289
internal_weight=15009 7323 2047 921 269 1126 652 565 168 210 322 7686 397 7510 6227 962 95 804 5276 931 275 243 69 656 178 86 92 478 174 304
internal_count=15009 7323 2047 921 269 1126 652 565 168 210 322 7686 397 7510 6227 962 95 804 5276 931 275 243 69 656 178 86 92 478 174 304
is_linear=0
shrinkage=0.05


Tree=125
num_leaves=31
num_cat=0
split_feature=5 19 19 19 19 19 19 19 19 2 12 1 10 7 7 12 2 8 8 8 19 3 2 19 13 11 10 10 9 6
split_gain=129.237 13.6842 1.57042 2.11017 1.42081 1.48878 3.03722 2.15405 1.01877 0.875311 1.7094 3.60821 1.85138 1.4128 1.98724 1.18739 1.05051 0.977029 0.970068 1.81197 1.11003 1.04828 1.021 1.31821 1.22704 2.04195 1.15755 1.01693 0.956143 0.906531
threshold=1.0000000180025095e-35 45.500000000000007 50.500000000000007 48.500000000000007 64.500000000000014 54.500000000000007 53.500000000000007 57.500000000000007 47.500000000000007 0.09666666666666672 0.06950000000000002 0.056666666666666692 4.0500000000000007 0.079000000000000042 0.089000000000000037 0.086125000000000021 0.11500000000000003 8.9000000000000021 11.900000000000002 11.300000000000002 43.500000000000007 13.833333333333334 0.081666666666666679 48.500000000000007 10.52777777777778 0.0852777777777778 6.7321428571428585 3.1055555555555561 89.100000000000009 0.40500000000000008
decision_type=2 2 2 2 2 2 2 2 2 2 2 2 2 2 2 2 2 2 2 2 2 2 2 2 2 2 2 2 2 2
left_child=1 -1 3 8 5 6 -4 -7 -3 18 11 17 -13 16 15 -15 -12 -11 19 22 -20 -22 24 -24 26 -26 29 -21 -25 -2
right_child=9 2 4 -5 -6 7 -8 -9 -10 10 13 12 -14 14 -16 -17 -18 -19 20 27 21 -23 23 28 25 -27 -28 -29 -30 -31
leaf_value=-8.2114653654189999e-05 -0.0010589572625994248 -8.2114653654189999e-05 -0.00012557616519369967 -8.2114653654189999e-05 -8.2114653654189999e-05 0.0034187460706301132 -8.2114653654189999e-05 -8.2114653654189999e-05 -8.2114653654189999e-05 0.0077588939302094652 -0.015668109074167002 0.13596841619289923 0.07984758572900362 0.0036801511385460145 -0.00057764502807116096 0.097621525846670554 -0.019273450301719182 -0.029080860519096387 0.016025694897666792 -0.0075902017145470964 -0.015483507991088467 -0.0039705172951680634 0.0058467621577855677 -0.013652864022736039 -0.02058408896011904 0.078935323632023185 -0.0073989096136639178 0.088206516337477475 0.017086137956652571 0.015950776548771962
leaf_weight=5273 4581 151 204 813 163 131 228 194 202 40 33 31 37 34 1622 32 39 39 35 30 174 81 52 242 144 31 93 54 50 169
leaf_count=5273 4581 151 204 813 163 131 228 194 202 40 33 31 37 34 1622 32 39 39 35 30 174 81 52 242 144 31 93 54 50 169
internal_value=-0.00513432 -0.00986377 -0.00643576 -0.00765437 -0.0048913 -0.00397952 -0.00590278 -0.00142308 -0.00442635 -0.000580597 0.000347404 0.00552721 0.0139706 -8.52273e-05 0.000207346 0.00871212 -0.00694444 -0.00174051 -0.000889121 -0.000739075 -0.0037069 -0.00485294 -0.000853226 -0.00348837 -0.000672579 -0.00478571 -0.000523952 0.00654762 -0.00479452 -0.000415789
internal_weight=15002 7359 2086 1166 920 757 432 325 353 7643 1907 147 68 1760 1688 66 72 79 5736 5446 290 255 5362 344 5018 175 4843 84 292 4750
internal_count=15002 7359 2086 1166 920 757 432 325 353 7643 1907 147 68 1760 1688 66 72 79 5736 5446 290 255 5362 344 5018 175 4843 84 292 4750
is_linear=0
shrinkage=0.05


Tree=126
num_leaves=31
num_cat=0
split_feature=5 19 19 19 23 19 19 19 19 19 19 19 24 24 4 9 19 19 3 2 8 8 19 3 1 12 3 7 7 12
split_gain=127.965 13.6842 1.57042 2.11017 2.07867 3.16173 1.06611 2.32761 1.79643 1.32424 1.01877 0.932816 0.833993 0.787235 1.1231 1.60018 1.71144 2.37037 1.57846 0.957347 0.854627 1.81708 0.857017 1.11317 1.02941 0.966899 0.719651 0.687367 1.88043 2.04298
threshold=1.0000000180025095e-35 45.500000000000007 50.500000000000007 48.500000000000007 3.5000000000000004 53.500000000000007 67.500000000000014 54.500000000000007 57.500000000000007 51.500000000000007 47.500000000000007 59.500000000000007 2.7500000000000004 4.5000000000000009 87.166666666666671 85.77500000000002 54.500000000000007 47.500000000000007 5.8333333333333348 0.0066666666666666645 11.900000000000002 11.733333333333336 43.500000000000007 13.833333333333334 0.056666666666666692 0.019500000000000007 12.16666666666667 0.13900000000000004 0.17450000000000002 0.13450000000000004
decision_type=2 2 2 2 2 2 2 2 2 2 2 2 2 2 2 2 2 2 2 2 2 2 2 2 2 2 2 2 2 2
left_child=1 -1 3 10 6 -6 7 9 -9 -4 -3 -7 -12 20 15 16 17 -15 -19 -16 21 27 -22 25 -25 -24 -27 -2 -29 -30
right_child=13 2 4 -5 5 11 -8 8 -10 -11 12 -13 -14 14 19 -17 -18 18 -20 -21 22 -23 23 24 -26 26 -28 28 29 -31
leaf_value=-7.8008920971480504e-05 -0.0013975441850476501 -7.8008920971480504e-05 -0.010717144509462838 -7.8008920971480504e-05 0.00016886151878973689 -0.00052773173865371949 -7.8008920971480504e-05 0.0065107457567671169 -7.8008920971480504e-05 -7.8008920971480504e-05 0.038133286464568018 -7.8008920971480504e-05 -7.8008920971480504e-05 -0.016150574336561842 0.0042384504470941746 0.035118795122604352 -0.028454450816394885 0.0081382849872968181 -0.0039513263295411381 -0.022031479291644684 0.015224410152783453 0.12102431380400894 -0.013970512785513201 -0.011724947406353971 0.037637368408932378 -0.0032449838605738803 -0.02962017422061183 0.035608695286985223 -0.029379140887467917 0.00039683682920582664
leaf_weight=5273 5815 151 45 813 61 79 79 89 139 298 42 130 160 33 31 31 65 33 40 136 35 31 71 73 38 97 68 330 69 647
leaf_count=5273 5815 151 45 813 61 79 79 89 139 298 42 130 160 33 31 31 65 33 40 136 35 31 71 73 38 97 68 330 69 647
internal_value=-0.00515765 -0.00986377 -0.00643576 -0.00765437 -0.0048913 -0.0012037 -0.00642308 -0.00566988 -0.00175439 -0.00827259 -0.00442635 -0.00412679 -0.00210396 -0.00062639 -0.0028794 -0.000371287 -0.00226608 0.00165094 0.00667808 -0.00591317 -0.000512098 -0.000384504 -0.00281414 -0.00356628 0.000563063 -0.00550847 -0.00340909 -0.000439076 0.000740918 -0.000698324
internal_weight=15002 7359 2086 1166 920 270 650 571 228 343 353 209 202 7643 369 202 171 106 73 167 7274 6892 382 347 111 236 165 6861 1046 716
internal_count=15002 7359 2086 1166 920 270 650 571 228 343 353 209 202 7643 369 202 171 106 73 167 7274 6892 382 347 111 236 165 6861 1046 716
is_linear=0
shrinkage=0.05


Tree=127
num_leaves=31
num_cat=0
split_feature=5 19 19 19 23 19 19 19 19 19 19 19 24 8 1 7 1 11 1 7 13 7 14 6 7 5 3 1 19 3
split_gain=129.784 13.6842 1.57042 2.11017 2.07867 3.16173 1.06611 2.32761 1.79643 1.32424 1.01877 0.932816 0.833993 0.822718 2.28211 1.29162 1.04468 1.3534 1.20694 1.01917 1.84282 1.73448 1.50924 1.43963 1.0737 0.878334 1.75644 0.855788 0.843496 1.02281
threshold=1.0000000180025095e-35 45.500000000000007 50.500000000000007 48.500000000000007 3.5000000000000004 53.500000000000007 67.500000000000014 54.500000000000007 57.500000000000007 51.500000000000007 47.500000000000007 59.500000000000007 2.7500000000000004 9.5500000000000025 0.036666666666666688 0.0029166666666666672 0.19666666666666674 0.18050000000000002 0.16166666666666665 0.028000000000000014 10.816666666666668 0.10450000000000002 86.527777777777786 0.074500000000000025 0.017750000000000005 4.1000000000000005 11.583333333333334 0.026666666666666682 38.500000000000007 9.8333333333333339
decision_type=2 2 2 2 2 2 2 2 2 2 2 2 2 2 2 2 2 2 2 2 2 2 2 2 2 2 2 2 2 2
left_child=1 -1 3 10 6 -6 7 9 -9 -4 -3 -7 -12 28 15 -15 18 -18 19 20 24 25 -22 -23 -16 -21 -27 -17 -2 -30
right_child=13 2 4 -5 5 11 -8 8 -10 -11 12 -13 -14 14 16 27 17 -19 -20 21 22 23 -24 -25 -26 26 -28 -29 29 -31
leaf_value=-7.4108474922906478e-05 -0.017605947177559214 -7.4108474922906478e-05 -0.010181287283989695 -7.4108474922906478e-05 0.00016041844285025197 -0.00050134515172103606 -7.4108474922906478e-05 0.0061852084689287606 -7.4108474922906478e-05 -7.4108474922906478e-05 0.036226622141339614 -7.4108474922906478e-05 -7.4108474922906478e-05 -0.012931594653863157 0.045847191233552548 -0.0092375727776022321 -0.024479967385035779 0.03662235551126021 0.16002769300985956 -0.028239797264826939 -0.032423227875585478 0.091489151738914865 0.019329291046911612 -0.00095427346789147551 0.10467327944130983 0.094929034281491784 -0.035606879750794553 -0.030231264253454418 -0.00084918959519413592 0.018292522352209597
leaf_weight=5273 172 151 45 813 61 79 79 89 139 298 42 130 160 50 47 524 90 35 35 116 38 53 39 65 33 35 61 85 5944 221
leaf_count=5273 172 151 45 813 61 79 79 89 139 298 42 130 160 50 47 524 90 35 35 116 38 53 39 65 33 35 61 85 5944 221
internal_value=-0.00512432 -0.00986377 -0.00643576 -0.00765437 -0.0048913 -0.0012037 -0.00642308 -0.00566988 -0.00175439 -0.00827259 -0.00442635 -0.00412679 -0.00210396 -0.000560971 -0.00170368 -0.00377466 0.000405719 -0.0037 0.00138889 0.000744353 0.00406051 -0.000833333 -0.00146104 0.00402542 0.009375 -0.00353774 0 -0.00314039 -0.000325469 -0.000229116
internal_weight=15002 7359 2086 1166 920 270 650 571 228 343 353 209 202 7643 1306 659 647 125 522 487 157 330 77 118 80 212 96 609 6337 6165
internal_count=15002 7359 2086 1166 920 270 650 571 228 343 353 209 202 7643 1306 659 647 125 522 487 157 330 77 118 80 212 96 609 6337 6165
is_linear=0
shrinkage=0.05


Tree=128
num_leaves=31
num_cat=0
split_feature=5 19 19 19 23 19 19 19 19 19 19 19 13 12 3 11 9 24 23 5 6 0 6 6 12 3 10 10 7 5
split_gain=129.055 13.6842 1.57042 2.11017 2.07867 3.16173 1.06611 2.32761 1.79643 1.32424 1.01877 0.932816 0.898738 1.59602 1.38689 0.932396 0.94359 0.833993 0.783219 1.41805 1.04422 1.19192 1.38439 0.9956 0.795483 1.02313 0.927144 1.02717 0.896719 0.78133
threshold=1.0000000180025095e-35 45.500000000000007 50.500000000000007 48.500000000000007 3.5000000000000004 53.500000000000007 67.500000000000014 54.500000000000007 57.500000000000007 51.500000000000007 47.500000000000007 59.500000000000007 9.7888888888888914 0.0035416666666666674 11.833333333333334 0.14950000000000005 89.77500000000002 2.7500000000000004 2.5000000000000004 2.4500000000000006 0.07633333333333335 3.5833333333333335 0.029000000000000001 0.048999999999999995 0.03683333333333335 9.8333333333333339 3.7638888888888893 4.9500000000000011 0.0077500000000000025 4.366666666666668
decision_type=2 2 2 2 2 2 2 2 2 2 2 2 2 2 2 2 2 2 2 2 2 2 2 2 2 2 2 2 2 2
left_child=1 -1 3 10 6 -6 7 9 -9 -4 -3 -7 14 -14 -2 18 -17 -12 24 -20 21 -21 -23 -24 28 -26 -27 -28 -15 -30
right_child=12 2 4 -5 5 11 -8 8 -10 -11 17 -13 13 15 -16 16 -18 -19 19 20 -22 22 23 -25 25 26 27 -29 29 -31
leaf_value=-7.0403051176761135e-05 -0.00090655979449691957 -7.0403051176761135e-05 -0.0096722229197902104 -7.0403051176761135e-05 0.00015239752070773661 -0.00047627789413498268 -7.0403051176761135e-05 0.0058759480454823217 -7.0403051176761135e-05 -7.0403051176761135e-05 0.034415291034272634 -7.0403051176761135e-05 -0.01126609504433463 0.058307132933078112 0.067869296565868598 0.11141748547811031 -0.0096402988369198479 -7.0403051176761135e-05 0.0099697505539764978 -0.021882698236696373 -0.020148032231309166 -0.011228452741504481 0.047823882484895643 -0.0072389560537257543 0.12079459106017509 -0.040867800101796879 0.074484103392450374 -0.04577479037811958 -0.00153469021220487 -0.046462063016949086
leaf_weight=5273 6529 151 45 813 61 79 79 89 139 298 42 130 66 30 58 30 39 160 30 196 131 89 53 47 30 47 57 33 101 77
leaf_count=5273 6529 151 45 813 61 79 79 89 139 298 42 130 66 30 58 30 39 160 30 196 131 89 53 47 30 47 57 33 101 77
internal_value=-0.00513765 -0.00986377 -0.00643576 -0.00765437 -0.0048913 -0.0012037 -0.00642308 -0.00566988 -0.00175439 -0.00827259 -0.00442635 -0.00412679 -0.000587139 -0.00194129 -0.000370047 -0.00143939 0.00416667 -0.00210396 -0.00185939 -0.00306777 -0.00368217 -0.00237013 0.000462963 0.0045 -0.0001 0.00247006 0.000638686 0.00361111 -0.00216346 -0.00351124
internal_weight=15002 7359 2086 1166 920 270 650 571 228 343 353 209 7643 1056 6587 990 69 202 921 546 516 385 189 100 375 167 137 90 208 178
internal_count=15002 7359 2086 1166 920 270 650 571 228 343 353 209 7643 1056 6587 990 69 202 921 546 516 385 189 100 375 167 137 90 208 178
is_linear=0
shrinkage=0.05


Tree=129
num_leaves=31
num_cat=0
split_feature=5 19 19 19 23 19 19 19 19 19 19 19 24 8 8 12 6 13 24 7 19 6 10 14 8 6 7 14 4 5
split_gain=131.432 13.6842 1.57042 2.11017 2.07867 3.16173 1.06611 2.32761 1.79643 1.32424 1.01877 0.932816 0.833993 0.832494 1.62173 0.902597 1.30695 0.964934 0.872069 1.29432 1.1235 0.90345 0.823586 0.947368 0.967407 0.74152 0.945388 0.975854 0.996097 0.641756
threshold=1.0000000180025095e-35 45.500000000000007 50.500000000000007 48.500000000000007 3.5000000000000004 53.500000000000007 67.500000000000014 54.500000000000007 57.500000000000007 51.500000000000007 47.500000000000007 59.500000000000007 2.7500000000000004 11.900000000000002 11.733333333333336 0.019500000000000007 0.13200000000000006 12.422222222222224 4.5000000000000009 0.0054999999999999979 46.500000000000007 0.30550000000000005 1.1000000000000003 78.887500000000017 3.2916666666666674 0.023666666666666666 0.028000000000000014 77.354166666666671 88.166666666666671 5.2250000000000005
decision_type=2 2 2 2 2 2 2 2 2 2 2 2 2 2 2 2 2 2 2 2 2 2 2 2 2 2 2 2 2 2
left_child=1 -1 3 10 6 -6 7 9 -9 -4 -3 -7 -12 14 18 17 -17 -15 22 -20 -21 25 23 24 -2 -22 -27 -28 -29 -24
right_child=13 2 4 -5 5 11 -8 8 -10 -11 12 -13 -14 15 -16 16 -18 -19 19 20 21 -23 29 -25 -26 26 27 28 -30 -31
leaf_value=-6.6882898617923089e-05 -0.017435636770868349 -6.6882898617923089e-05 -0.0091886117738006982 -6.6882898617923089e-05 0.00014477764467235032 -0.00045246399942823479 -6.6882898617923089e-05 0.0055821506432082064 -6.6882898617923089e-05 -6.6882898617923089e-05 0.032694526482559008 -6.6882898617923089e-05 -6.6882898617923089e-05 -0.011224583886250633 0.10126464278391574 0.0004968686802970274 -0.042263821020037742 -0.0026630846620236712 0.0078709846416645177 -0.02308042716686096 -0.016605277309319162 -0.016763179286528641 -1.7521431160844038e-05 -0.011033543380123049 0.0015013964001753533 0.016385491517846885 -0.03026370288235708 0.0024724282573702298 -0.0096068821110219249 -0.0033187746020123588
leaf_weight=5273 33 151 45 813 61 79 79 89 139 298 42 130 160 74 35 238 57 30 42 84 31 41 5718 76 43 37 30 45 38 991
leaf_count=5273 33 151 45 813 61 79 79 89 139 298 42 130 160 74 35 238 57 30 42 84 31 41 5718 76 43 37 30 45 38 991
internal_value=-0.00509432 -0.00986377 -0.00643576 -0.00765437 -0.0048913 -0.0012037 -0.00642308 -0.00566988 -0.00175439 -0.00827259 -0.00442635 -0.00412679 -0.00210396 -0.000502093 -0.000379625 -0.00272556 -0.00131356 -0.00673077 -0.000431752 -0.00287356 -0.00400327 -0.00213964 -0.0003079 -0.00394737 0 -0.000621547 0.000833333 -0.00143805 0.00135542 -0.000225443
internal_weight=15002 7359 2086 1166 920 270 650 571 228 343 353 209 202 7643 7244 399 295 104 7209 348 306 222 6861 152 76 181 150 113 83 6709
internal_count=15002 7359 2086 1166 920 270 650 571 228 343 353 209 202 7643 7244 399 295 104 7209 348 306 222 6861 152 76 181 150 113 83 6709
is_linear=0
shrinkage=0.05


Tree=130
num_leaves=31
num_cat=0
split_feature=4 19 19 19 23 19 5 2 12 19 19 19 19 19 6 1 0 5 13 13 12 12 9 4 7 7 6 1 14 7
split_gain=136.135 14.9374 1.9579 2.1615 1.90627 2.95323 1.79287 2.74187 1.41807 0.953576 1.15855 1.17606 1.03248 0.942777 0.915659 1.43649 2.05037 1.82867 2.09706 2.00287 1.78243 1.92607 1.66496 2.06652 1.53865 1.60227 1.69214 1.84139 1.3157 1.28651
threshold=1.0000000180025095e-35 46.500000000000007 48.500000000000007 50.500000000000007 3.5000000000000004 53.500000000000007 5.2250000000000005 0.023333333333333327 0.038166666666666675 67.500000000000014 54.500000000000007 57.500000000000007 53.500000000000007 59.500000000000007 0.006333333333333334 0.080000000000000029 4.416666666666667 4.5500000000000007 4.8660714285714297 4.6458333333333348 0.041547619047619055 0.033166666666666671 75.550000000000011 79.833333333333357 0.065500000000000017 0.041000000000000016 0.24400000000000005 0.3083333333333334 70.708333333333357 0.010000000000000005
decision_type=2 2 2 2 2 2 2 2 2 2 2 2 2 2 2 2 2 2 2 2 2 2 2 2 2 2 2 2 2 2
left_child=1 -1 -3 -4 9 -6 14 8 -8 10 12 -12 -5 -13 -2 16 28 18 19 24 21 -20 -19 -24 25 26 -17 -28 -16 -30
right_child=6 2 3 4 5 -7 7 -9 -10 -11 11 13 -14 -15 15 17 -18 22 20 -21 -22 -23 23 -25 -26 -27 27 -29 29 -31
leaf_value=-6.3538753687026933e-05 -0.0017069152640551005 -6.3538753687026933e-05 -6.3538753687026933e-05 -0.00010482718964956113 0.00013753876243873255 -6.3538753687026933e-05 3.6312514752734341e-05 -0.010238591621569792 0.09976496652291264 -6.3538753687026933e-05 0.0053030431110477954 -6.3538753687026933e-05 -6.3538753687026933e-05 -6.3538753687026933e-05 0.0039710222722088451 -0.0041942591797937299 -0.0074162594453235364 0.077566787096154013 -0.0036833718371224763 0.064615864318630908 -0.013637391006243128 0.092811935863481798 -0.020652726842437897 0.027251189054572224 0.084954329243773719 -0.039816198333996612 0.011587154889396057 -0.00042200848133473469 0.055177969839985533 0.002742064114652143
leaf_weight=5275 1580 331 795 152 54 208 213 851 46 78 86 81 204 51 230 271 363 43 354 47 767 69 52 281 144 91 79 125 195 1811
leaf_count=5275 1580 331 795 152 54 208 213 851 46 78 86 81 204 51 230 271 363 43 354 47 767 69 52 281 144 91 79 125 195 1811
internal_value=-0.00496332 -0.00983424 -0.00620098 -0.00688268 -0.00522429 -0.00162214 -0.000282449 -0.00213964 0.00236486 -0.00667178 -0.0059669 -0.00309633 -0.00772472 -0.00606061 3.46047e-05 0.000370784 0.00117834 -0.000532716 -0.0011492 0.00090819 -0.00245798 0.000147754 0.00265957 0.00146396 0.000246479 -0.000927562 0.000236842 0.00367647 0.00174419 0.0013335
internal_weight=14927 7315 2040 1709 914 262 7612 1110 259 652 574 218 356 132 6502 4922 2599 2323 1947 757 1190 423 376 333 710 566 475 204 2236 2006
internal_count=14927 7315 2040 1709 914 262 7612 1110 259 652 574 218 356 132 6502 4922 2599 2323 1947 757 1190 423 376 333 710 566 475 204 2236 2006
is_linear=0
shrinkage=0.05


Tree=131
num_leaves=31
num_cat=0
split_feature=4 19 19 19 23 19 5 2 1 7 12 7 12 26 12 19 19 19 19 10 7 1 19 1 1 10 23 13 19 24
split_gain=133.712 14.9374 1.9579 2.1615 1.90627 2.95323 1.63179 2.32069 1.59857 1.50161 1.18246 1 0.974358 1.14197 0.968346 0.953576 1.15855 1.17606 1.03248 0.946837 1.11858 1.01693 0.942777 0.854691 1.17179 0.713793 0.688341 0.675986 0.670796 1.34621
threshold=1.0000000180025095e-35 46.500000000000007 48.500000000000007 50.500000000000007 3.5000000000000004 53.500000000000007 5.2250000000000005 0.013333333333333341 0.041666666666666678 0.012000000000000005 0.0035416666666666674 0.0080000000000000088 0.16050000000000003 1.0000000180025095e-35 0.060500000000000012 67.500000000000014 54.500000000000007 57.500000000000007 53.500000000000007 5.6833333333333345 0.03291666666666667 0.12833333333333338 59.500000000000007 0.11583333333333334 0.27500000000000008 5.9500000000000011 3.5000000000000004 13.292857142857146 47.500000000000007 2.7500000000000004
decision_type=2 2 2 2 2 2 2 2 2 2 2 2 2 2 2 2 2 2 2 2 2 2 2 2 2 2 2 2 2 2
left_child=1 -1 28 26 15 -6 25 8 10 11 -8 -10 14 -14 19 16 18 -18 -5 -9 -21 -22 -19 -15 -25 27 -4 -2 -3 -30
right_child=6 2 3 4 5 -7 7 12 9 -11 -12 -13 13 23 -16 -17 17 22 -20 20 21 -23 -24 24 -26 -27 -28 -29 29 -31
leaf_value=-6.0361816002675586e-05 -0.00036628248323822 -6.0361816002675586e-05 -6.0361816002675586e-05 -9.9585830167083056e-05 0.00013066182431679675 -6.0361816002675586e-05 0.009272194800544576 -0.018729139640901678 0.056983359092952539 0.16056922446490107 -0.034418623299831939 -0.0055120335247160982 -0.017947394528284224 -0.0019869976560978387 -0.015980746618564825 -6.0361816002675586e-05 0.0050378909554954056 -6.0361816002675586e-05 -6.0361816002675586e-05 0.15590272535454638 -0.018490238275943437 0.017609243265003051 -6.0361816002675586e-05 0.11831285530671282 -0.030872670815346528 0.045136464322330316 -6.0361816002675586e-05 0.023548480076607314 0.035720431710575908 -6.0361816002675586e-05
leaf_weight=5275 6394 134 687 152 54 208 33 166 32 31 56 32 117 52 398 78 86 81 204 38 30 54 51 38 33 52 108 56 37 160
leaf_count=5275 6394 134 687 152 54 208 33 166 32 31 56 32 117 52 398 78 86 81 204 38 30 54 51 38 33 52 108 56 37 160
internal_value=-0.00500687 -0.00983424 -0.00620098 -0.00688268 -0.00522429 -0.00162214 -0.00036784 -0.00213964 0.00298913 0.0075 -0.00182584 0.003125 -0.00315875 -0.000416667 -0.00411808 -0.00667178 -0.0059669 -0.00309633 -0.00772472 -0.00190972 0.00143443 -0.00178571 -0.00606061 0.00294715 0.00651408 -6.53645e-05 -0.00878931 -0.000112403 -0.00268127 -0.000824873
internal_weight=14927 7315 2040 1709 914 262 7612 1110 184 95 89 64 926 240 686 652 574 218 356 288 122 84 132 123 71 6502 795 6450 331 197
internal_count=14927 7315 2040 1709 914 262 7612 1110 184 95 89 64 926 240 686 652 574 218 356 288 122 84 132 123 71 6502 795 6450 331 197
is_linear=0
shrinkage=0.05


Tree=132
num_leaves=31
num_cat=0
split_feature=4 19 19 19 23 19 5 12 19 19 19 19 19 10 19 11 11 3 8 13 14 14 3 3 14 5 8 23 13 19
split_gain=133.898 14.9374 1.9579 2.1615 1.90627 2.95323 1.56169 1.0649 0.953576 1.15855 1.17606 1.03248 0.942777 0.713793 0.691602 0.710738 1.33619 1.56222 2.76974 1.20196 1.03251 0.947228 0.898213 1.72321 0.782171 2.12345 0.775092 0.688341 0.675986 0.670796
threshold=1.0000000180025095e-35 46.500000000000007 48.500000000000007 50.500000000000007 3.5000000000000004 53.500000000000007 5.2250000000000005 0.0031666666666666675 67.500000000000014 54.500000000000007 57.500000000000007 53.500000000000007 59.500000000000007 5.9500000000000011 101.50000000000001 0.19050000000000003 0.15527777777777782 7.166666666666667 5.9000000000000012 6.2928571428571436 84.211111111111123 89.950000000000017 10.833333333333334 8.5833333333333339 74.845238095238116 6.366666666666668 3.7750000000000004 3.5000000000000004 13.292857142857146 47.500000000000007
decision_type=2 2 2 2 2 2 2 2 2 2 2 2 2 2 2 2 2 2 2 2 2 2 2 2 2 2 2 2 2 2
left_child=1 -1 29 27 8 -6 13 -8 9 11 -11 -5 -12 28 15 16 17 18 -9 -20 24 -19 23 -23 -17 26 -26 -4 -2 -3
right_child=6 2 3 4 5 -7 7 14 -10 10 12 -13 -14 -15 -16 20 -18 21 19 -21 -22 22 -24 -25 25 -27 -28 -29 -30 -31
leaf_value=-5.73437252025418e-05 -0.00034796835907630887 -5.73437252025418e-05 -5.73437252025418e-05 -9.4606538658728904e-05 0.00012412873310095886 -5.73437252025418e-05 0.012542363284363737 -0.014402092205940832 -5.73437252025418e-05 0.0047859964077206331 -5.73437252025418e-05 -5.73437252025418e-05 -5.73437252025418e-05 0.042879641106213777 0.025437661421544935 -0.0025573504728039821 0.099306425802175247 -0.017982300534466478 5.4903505879916326e-05 0.20693426703029211 -0.015106540446906114 -0.046790888171052571 -0.047103996476648119 0.12318221475034695 0.0040702993173217907 -0.030533944275905618 0.21572453629945587 -5.73437252025418e-05 0.022371056072776951 -5.73437252025418e-05
leaf_weight=5275 6394 134 687 152 54 208 34 190 78 86 81 204 51 52 39 59 51 206 36 46 177 40 66 38 30 63 35 108 56 197
leaf_count=5275 6394 134 687 152 54 208 34 190 78 86 81 204 51 52 39 59 51 206 36 46 177 40 66 38 30 63 35 108 56 197
internal_value=-0.00500352 -0.00983424 -0.00620098 -0.00688268 -0.00522429 -0.00162214 -0.000361272 -0.00209459 -0.00667178 -0.0059669 -0.00309633 -0.00772472 -0.00606061 -6.53645e-05 -0.00236989 -0.00261572 -0.00165305 -0.002291 0.000551471 0.00823171 -0.0043956 -0.0045 -0.00138889 0.00224359 -0.00180481 0.000390625 0.00673077 -0.00878931 -0.000112403 -0.00268127
internal_weight=14927 7315 2040 1709 914 262 7612 1110 652 574 218 356 132 6502 1076 1037 673 622 272 82 364 350 144 78 187 128 65 795 6450 331
internal_count=14927 7315 2040 1709 914 262 7612 1110 652 574 218 356 132 6502 1076 1037 673 622 272 82 364 350 144 78 187 128 65 795 6450 331
is_linear=0
shrinkage=0.05


Tree=133
num_leaves=31
num_cat=0
split_feature=4 19 19 19 23 19 5 2 7 16 12 26 3 8 19 19 19 19 19 6 12 0 10 10 0 23 13 19 24 23
split_gain=133.712 14.9374 1.9579 2.1615 1.90627 2.95323 1.63179 1.64157 1.65308 1.47133 1.00757 1.28049 1.02215 1.46437 0.953576 1.15855 1.17606 1.03248 0.942777 0.754224 0.83053 0.901688 0.786709 0.713793 0.692197 0.688341 0.675986 0.670796 1.34621 0.91597
threshold=1.0000000180025095e-35 46.500000000000007 48.500000000000007 50.500000000000007 3.5000000000000004 53.500000000000007 5.2250000000000005 0.013333333333333341 0.013666666666666666 2.5000000000000004 0.16050000000000003 1.0000000180025095e-35 7.8333333333333348 4.5500000000000007 67.500000000000014 54.500000000000007 57.500000000000007 53.500000000000007 59.500000000000007 0.020999999999999994 0.060500000000000012 7.416666666666667 5.7888888888888896 5.9500000000000011 5.5833333333333348 3.5000000000000004 13.292857142857146 47.500000000000007 2.7500000000000004 2.5000000000000004
decision_type=2 2 2 2 2 2 2 2 2 2 2 2 2 2 2 2 2 2 2 2 2 2 2 2 2 2 2 2 2 2
left_child=1 -1 27 25 14 -6 23 8 9 -8 19 -12 13 -13 15 17 -17 -5 -18 -9 21 22 -21 26 -11 -4 -2 29 -29 -3
right_child=6 2 3 4 5 -7 7 10 -10 24 11 12 -14 -15 -16 16 18 -19 -20 20 -22 -23 -24 -25 -26 -27 -28 28 -30 -31
leaf_value=-5.4476538942414715e-05 -0.00033056994112249939 -5.4476538942414715e-05 -5.4476538942414715e-05 -8.9876211725792461e-05 0.00011792229644591035 -5.4476538942414715e-05 0.013777247603792881 0.0010466406829830134 0.08210130412851506 0.054696985989333972 -0.016467314138356982 -0.0019085575500562557 -0.0049970423080551831 0.089786127076462691 -5.4476538942414715e-05 0.0045466965873346031 -5.4476538942414715e-05 -5.4476538942414715e-05 -5.4476538942414715e-05 -0.027556733011522245 -0.015593889565838161 0.01868447978401928 0.0073978590624946272 0.040735659050903067 -0.022734786944360971 -5.4476538942414715e-05 0.021252503269138114 0.033937277311307239 -5.4476538942414715e-05 -5.4476538942414715e-05
leaf_weight=5275 6394 34 687 152 54 208 43 57 43 30 117 35 42 46 78 86 81 204 51 142 375 53 59 52 68 108 56 37 160 100
leaf_count=5275 6394 34 687 152 54 208 43 57 43 30 117 35 42 46 78 86 81 204 51 142 375 53 59 52 68 108 56 37 160 100
internal_value=-0.00500687 -0.00983424 -0.00620098 -0.00688268 -0.00522429 -0.00162214 -0.00036784 -0.00213964 0.00217391 -0.000443262 -0.00299676 -0.000208333 0.00335366 0.0066358 -0.00667178 -0.0059669 -0.00309633 -0.00772472 -0.00606061 -0.0039723 -0.00447138 -0.00226378 -0.00379353 -6.53645e-05 -0.00382653 -0.00878931 -0.000112403 -0.00268127 -0.000824873 -0.00541045
internal_weight=14927 7315 2040 1709 914 262 7612 1110 184 141 926 240 123 81 652 574 218 356 132 686 629 254 201 6502 98 795 6450 331 197 134
internal_count=14927 7315 2040 1709 914 262 7612 1110 184 141 926 240 123 81 652 574 218 356 132 686 629 254 201 6502 98 795 6450 331 197 134
is_linear=0
shrinkage=0.05


Tree=134
num_leaves=31
num_cat=0
split_feature=4 19 19 19 23 19 0 5 5 3 2 19 13 6 2 2 11 2 6 11 6 3 10 2 0 12 23 0 13 5
split_gain=134.269 14.9374 1.9579 2.1615 1.90627 2.95323 1.59852 1.37092 1.76155 1.77607 1.56144 1.5527 1.42547 1.39049 1.29024 1.57914 1.13213 1.30231 1.05202 2.0367 1.80208 1.69153 1.71364 1.70208 1.53645 1.45567 1.36813 1.26055 2.34541 2.13074
threshold=1.0000000180025095e-35 46.500000000000007 48.500000000000007 50.500000000000007 3.5000000000000004 53.500000000000007 4.416666666666667 4.1000000000000005 5.366666666666668 6.8333333333333348 0.023333333333333327 56.500000000000007 6.7888888888888896 0.18900000000000003 0.22833333333333336 0.061666666666666696 0.31550000000000006 0.045833333333333344 0.006333333333333334 0.082111111111111121 0.22100000000000003 8.5833333333333339 2.3166666666666669 0.010000000000000007 4.166666666666667 0.20050000000000004 2.5000000000000004 3.5833333333333335 9.4142857142857164 2.4500000000000006
decision_type=2 2 2 2 2 2 2 2 2 2 2 2 2 2 2 2 2 2 2 2 2 2 2 2 2 2 2 2 2 2
left_child=1 -1 -3 -4 -5 -6 18 11 9 16 -10 -8 -11 14 15 -14 -9 -18 -2 27 24 22 23 -22 25 26 -21 28 -20 -30
right_child=6 2 3 4 5 -7 7 8 10 12 -12 -13 13 -15 -16 -17 17 -19 19 20 21 -23 -24 -25 -26 -27 -28 -29 29 -31
leaf_value=-5.1752711995293983e-05 -0.0022489133948384757 -5.1752711995293983e-05 -5.1752711995293983e-05 -5.1752711995293983e-05 0.00011202618162361456 -5.1752711995293983e-05 -0.031162778342932185 0.062350526951084055 0.00068491919577622355 -0.053283395700016459 -0.009144391757331961 0.06489133478231239 -0.00034098203110595753 -0.037539354481965992 -0.045097241109207001 0.026953833966211517 0.025258332836227984 -0.07575620292828214 0.0058843180727317264 0.0035396260105986844 -0.0012323089930495385 0.16143359052248318 -0.00035211379672165922 0.03416886028514024 -0.029369762307115573 0.099740596206720225 -0.0057929847493214896 0.040970198637586712 0.035370358400290902 -0.014394042570763672
leaf_weight=5275 1423 331 795 652 54 208 283 230 229 41 747 58 207 53 45 83 32 45 1276 259 39 42 495 40 131 54 971 437 77 315
leaf_count=5275 1423 331 795 652 54 208 283 230 229 41 747 58 207 53 45 83 32 45 1276 259 39 42 495 40 131 54 971 437 77 315
internal_value=-0.00499682 -0.00983424 -0.00620098 -0.00688268 -0.00522429 -0.00162214 -0.000348135 -0.00154043 -0.000963785 0.000883152 -0.00235656 -0.00443548 -0.00119464 -0.000257732 0.000932836 0.00215517 0.00378664 -0.00146104 9.21928e-05 0.000495648 -0.000633924 0.00162338 0.000914634 0.00775316 -0.00161661 -0.00109034 -0.00144309 0.00158551 0.000959233 -0.00242347
internal_weight=14927 7315 2040 1709 914 262 7612 2053 1712 736 976 341 429 388 335 290 307 77 5559 4136 2031 616 574 79 1415 1284 1230 2105 1668 392
internal_count=14927 7315 2040 1709 914 262 7612 2053 1712 736 976 341 429 388 335 290 307 77 5559 4136 2031 616 574 79 1415 1284 1230 2105 1668 392
is_linear=0
shrinkage=0.05


Tree=135
num_leaves=31
num_cat=0
split_feature=4 19 11 11 1 11 3 11 6 11 1 6 19 7 8 8 19 12 14 11 19 2 3 6 11 5 2 11 8 8
split_gain=126.206 15.5516 1.40117 1.39021 1.31411 1.21862 1.33854 0.984949 1.69079 1.6681 2.26211 1.97762 1.63532 1.29845 1.14543 1.79865 1.5285 1.21469 1.25062 1.19989 1.1599 1.12929 1.12741 1.41997 1.28546 1.25309 2.24955 1.18421 1.46722 0.975708
threshold=1.0000000180025095e-35 45.500000000000007 0.10683333333333335 0.10775000000000001 0.036666666666666688 0.11316666666666669 11.833333333333334 0.054722222222222235 0.055500000000000008 0.057638888888888899 0.054166666666666696 0.035499999999999997 50.500000000000007 0.11450000000000003 9.5500000000000025 9.1000000000000014 45.500000000000007 0.058819444444444459 84.211111111111123 0.042678571428571441 41.500000000000007 0.015833333333333328 6.166666666666667 0.07633333333333335 0.06316666666666669 2.5500000000000003 0.065833333333333369 0.09105555555555557 5.2250000000000005 6.5500000000000007
decision_type=2 2 2 2 2 2 2 2 2 2 2 2 2 2 2 2 2 2 2 2 2 2 2 2 2 2 2 2 2 2
left_child=1 -1 7 -4 -5 -6 -7 8 14 10 -9 -11 29 -12 15 -2 -17 19 -19 20 -16 -13 23 24 -23 26 -24 28 -25 -10
right_child=2 -3 3 4 5 6 -8 9 12 11 13 21 -14 -15 17 16 -18 18 -20 -21 -22 22 25 27 -26 -27 -28 -29 -30 -31
leaf_value=-4.9165076395529274e-05 -0.00022221949152529397 -4.9165076395529274e-05 -0.046687935754213428 -0.026525275861123535 0.045092467624896306 -0.0034664192364566196 0.074603240689657166 -0.011229578087348941 -0.0023744478517995051 0.092241547332636009 0.096815291759195551 0.013671549006179617 0.015600054172079995 0.00051912974558414044 0.00040192351391901693 -0.0118127985297531 0.057347496214220417 0.11698205979372617 -0.0093841482626548928 0.0043704250915425459 -0.013459431803065594 0.082452245173047667 -0.0051155672609060066 -0.0030876594009085381 -0.017185862342402474 -0.0098528102842881833 0.064692291670001054 0.034085484356249772 0.093944002975677787 -0.041915427727265891
leaf_weight=5213 2654 2056 52 151 87 2211 59 58 44 74 32 233 66 30 75 41 54 33 158 64 382 33 67 64 148 525 32 87 44 115
leaf_count=5213 2654 2056 52 151 87 2211 59 58 44 74 32 233 66 30 75 41 54 33 158 64 382 33 67 64 148 525 32 87 44 115
internal_value=-0.00504116 -0.00976235 -0.000568552 -0.00152344 -0.00135566 -0.00106597 -0.00128855 -9.04557e-05 -0.000522246 0.00102488 0.00666667 0.000506886 -0.00472222 0.0133065 -0.000249205 0.000213714 0.00697368 -0.00203652 0.00137435 -0.00328695 -0.0041849 3.04136e-05 -0.0007 0.00146277 -0.00172652 -0.00200321 0.00315657 0.00442308 0.000925926 -0.00746855
internal_weight=14942 7269 7673 2560 2508 2357 2270 5113 3686 1427 120 1307 225 62 3461 2749 95 712 191 521 457 1233 1000 376 181 624 99 195 108 159
internal_count=14942 7269 7673 2560 2508 2357 2270 5113 3686 1427 120 1307 225 62 3461 2749 95 712 191 521 457 1233 1000 376 181 624 99 195 108 159
is_linear=0
shrinkage=0.05


Tree=136
num_leaves=31
num_cat=0
split_feature=9 19 11 19 10 13 0 8 23 19 19 19 19 19 19 19 3 6 8 13 19 11 12 8 7 19 6 10 19 11
split_gain=124.957 15.5516 1.29962 1.07933 1.21886 2.17728 1.22724 1.00812 0.964009 2.96885 4.12934 1.61696 1.10273 0.979522 1.37934 1.0658 0.926288 1.65629 1.38737 1.5236 0.913009 1.58086 0.892069 1.70318 3.21111 1.18618 1.07619 0.978461 0.966385 2.03954
threshold=1.0000000180025095e-35 45.500000000000007 0.1031666666666667 103.50000000000001 6.1339285714285721 9.2678571428571441 5.5833333333333348 4.5500000000000007 3.5000000000000004 51.500000000000007 53.500000000000007 48.500000000000007 67.500000000000014 54.500000000000007 57.500000000000007 48.500000000000007 9.1666666666666696 0.18900000000000003 8.5500000000000025 9.4722222222222232 68.500000000000014 0.079500000000000029 0.028660714285714293 4.366666666666668 0.017750000000000005 52.500000000000007 0.12900000000000003 3.8166666666666669 48.500000000000007 0.17050000000000001
decision_type=2 2 2 2 2 2 2 2 2 2 2 2 2 2 2 2 2 2 2 2 2 2 2 2 2 2 2 2 2 2
left_child=1 -1 20 4 6 7 22 -6 12 11 -11 -10 13 15 -15 -3 17 -8 -18 -20 -2 -22 23 26 -25 28 -4 -28 29 -24
right_child=2 8 3 -5 5 -7 16 -9 9 10 -12 -13 -14 14 -16 -17 18 -19 19 -21 21 -23 25 24 -26 -27 27 -29 -30 -31
leaf_value=-4.6706822575752809e-05 -0.00065558822992204399 -4.6706822575752809e-05 -0.0057456741701215844 0.02522690584645897 0.00070899920011392454 0.030780992931545494 0.15438120231779087 -0.023506483529400268 -0.0060960672015491768 0.0001088831263622081 -4.6706822575752809e-05 -4.6706822575752809e-05 -4.6706822575752809e-05 0.0043244076473874125 -4.6706822575752809e-05 -4.6706822575752809e-05 -0.084632499518069643 0.00068437862335035823 0.063779696263666141 -0.013220394303741202 0.0070584219441514971 -0.014694088329358125 -0.010580430904867344 -0.0027486257375311687 0.13908168543171359 -0.0068016588165646548 0.0010197579521430578 -0.02267675728119898 -0.020028313335140747 0.063088682790694545
leaf_weight=5213 4929 332 59 56 39 30 54 167 31 54 210 112 76 79 136 1026 34 224 32 41 55 41 138 120 60 1000 224 59 273 38
leaf_count=5213 4929 332 59 56 39 30 54 167 31 54 210 112 76 79 136 1026 34 224 32 41 55 41 138 120 60 1000 224 59 273 38
internal_value=-0.00506458 -0.00976235 -0.000614167 -0.00151057 -0.00165895 -0.00508475 -0.00131579 -0.00691748 -0.00607977 -0.00390049 -0.000757576 -0.0097028 -0.00661765 -0.00633344 -0.00319767 -0.0068299 0.00126623 0.00278777 -0.00268692 0.00119863 -0.000141791 0.0046875 -0.00182014 -4.78927e-05 0.00388889 -0.00245859 -0.00211988 -0.000839223 -0.00459354 -0.00170455
internal_weight=14942 7269 7673 2648 2592 236 2356 206 2056 407 264 143 1649 1573 215 1358 385 278 107 73 5025 96 1971 522 180 1449 342 283 449 176
internal_count=14942 7269 7673 2648 2592 236 2356 206 2056 407 264 143 1649 1573 215 1358 385 278 107 73 5025 96 1971 522 180 1449 342 283 449 176
is_linear=0
shrinkage=0.05


Tree=137
num_leaves=31
num_cat=0
split_feature=4 19 11 19 1 13 0 10 3 19 8 3 11 6 23 19 19 19 19 19 19 19 19 11 5 8 1 1 12 2
split_gain=124.957 15.5516 1.29962 1.19932 1.09782 1.42931 2.37087 1.33202 1.29779 1.32158 1.00736 1.71011 1.17338 0.981118 0.964009 2.96885 4.12934 1.61696 1.10273 0.979522 1.37934 1.0658 0.913009 1.58086 0.825913 0.76233 0.690983 1.90823 1.80442 0.932994
threshold=1.0000000180025095e-35 45.500000000000007 0.1031666666666667 43.500000000000007 0.026666666666666682 9.2678571428571441 4.166666666666667 4.7638888888888902 6.8333333333333348 45.500000000000007 6.5500000000000007 5.8333333333333348 0.2623611111111111 0.10775 3.5000000000000004 51.500000000000007 53.500000000000007 48.500000000000007 67.500000000000014 54.500000000000007 57.500000000000007 48.500000000000007 68.500000000000014 0.079500000000000029 4.366666666666668 10.708333333333334 0.32833333333333342 0.37500000000000006 0.016125000000000004 0.10833333333333334
decision_type=2 2 2 2 2 2 2 2 2 2 2 2 2 2 2 2 2 2 2 2 2 2 2 2 2 2 2 2 2 2
left_child=1 -1 22 24 -5 8 -7 -8 9 -6 26 -12 -13 -10 18 17 -17 -16 19 21 -21 -3 -2 -24 -4 -9 -11 28 -28 -29
right_child=2 14 3 4 5 6 7 25 13 10 11 12 -14 -15 15 16 -18 -19 -20 20 -22 -23 23 -25 -26 -27 27 29 -30 -31
leaf_value=-4.4371481446965166e-05 -0.00062280881842593507 -4.4371481446965166e-05 -0.012558914348883253 -0.033292773861482619 0.06147796549719467 0.15375854400057662 -0.024893789363767283 0.036004988245793457 -0.041032372270892938 -0.0034480109294485698 0.15363244832481326 0.027530995891622462 -0.029316600520823556 -0.013297725137619199 -0.0057912638414717166 0.0001034389700440952 -4.4371481446965166e-05 -4.4371481446965166e-05 -4.4371481446965166e-05 0.0041081872650180432 -4.4371481446965166e-05 -4.4371481446965166e-05 0.0067055008469439244 -0.0139593839128902 -0.017552474842482266 -0.0025751615546584007 -0.020882485003637666 0.00085835299541647814 0.096350642246515683 -0.03510175123379513
leaf_weight=5213 4929 332 65 127 38 42 58 39 85 1071 33 42 36 488 31 54 210 112 76 79 136 1026 55 41 57 31 31 253 59 93
leaf_count=5213 4929 332 65 127 38 42 58 39 85 1071 33 42 36 488 31 54 210 112 76 79 136 1026 55 41 57 31 31 253 59 93
internal_value=-0.00506458 -0.00976235 -0.000614167 -0.00151057 -0.00127672 -0.00103689 0.00338235 0 -0.00137393 -0.000664251 -0.000880717 0.00371622 -0.000320513 -0.00342496 -0.00607977 -0.00390049 -0.000757576 -0.0097028 -0.00661765 -0.00633344 -0.00319767 -0.0068299 -0.000141791 0.0046875 -0.00635246 0.00464286 -0.00121931 0.000458716 0.00694444 -0.00122832
internal_weight=14942 7269 7673 2648 2526 2399 170 128 2229 1656 1618 111 78 573 2056 407 264 143 1649 1573 215 1358 5025 96 122 70 1507 436 90 346
internal_count=14942 7269 7673 2648 2526 2399 170 128 2229 1656 1618 111 78 573 2056 407 264 143 1649 1573 215 1358 5025 96 122 70 1507 436 90 346
is_linear=0
shrinkage=0.05


Tree=138
num_leaves=31
num_cat=0
split_feature=4 19 11 19 13 1 9 4 23 19 19 19 19 19 19 19 11 11 4 2 7 9 7 13 8 15 10 0 19 10
split_gain=124.246 15.5516 1.31191 1.02343 1.26757 1.89351 1.70639 1.00562 0.964009 2.96885 4.12934 1.61696 1.10273 0.979522 1.37934 1.0658 0.861295 1.96763 1.15823 1.0335 1.77963 0.955682 1.07136 0.909443 1.19415 1.10544 1.42783 1.01376 1.2344 1.10136
threshold=1.0000000180025095e-35 45.500000000000007 0.11316666666666669 45.500000000000007 9.2678571428571441 0.10583333333333332 87.550000000000011 89.833333333333357 3.5000000000000004 51.500000000000007 53.500000000000007 48.500000000000007 67.500000000000014 54.500000000000007 57.500000000000007 48.500000000000007 0.13267857142857145 0.14050000000000004 88.833333333333357 0.24833333333333338 0.25100000000000006 81.708333333333357 0.060000000000000032 3.7321428571428577 4.1000000000000005 1.5000000000000002 6.154761904761906 5.5833333333333348 62.500000000000007 5.0500000000000007
decision_type=2 2 2 2 2 2 2 2 2 2 2 2 2 2 2 2 2 2 2 2 2 2 2 2 2 2 2 2 2 2
left_child=1 -1 -2 7 16 -6 -7 -4 12 11 -11 -10 13 15 -15 -3 18 -18 21 23 -21 22 -5 -19 -25 -26 27 -27 29 -29
right_child=2 8 3 4 5 6 -8 -9 9 10 -12 -13 -14 14 -16 -17 17 19 -20 20 -22 -23 -24 24 25 26 -28 28 -30 -31
leaf_value=-4.2152907374616909e-05 -0.00053479011500935929 -4.2152907374616909e-05 -0.012571058282923315 0.0054342459333712985 -0.031456323303057046 0.047211291926651702 0.036305604099269619 -0.006079755350818678 -0.0055017006493981342 9.8267021541892374e-05 -4.2152907374616909e-05 -4.2152907374616909e-05 -4.2152907374616909e-05 0.0039027779017671406 -4.2152907374616909e-05 -4.2152907374616909e-05 0.079075742857115175 0.00104902833188808 0.025398743642898982 0.11779375972487394 -0.014409463412251272 -0.043758021885919242 -0.018128151382017885 -0.022735996032500139 0.025500900637684034 -0.010552933939370025 -0.036333215242998408 0.075622770726342964 0.058628856951055824 -0.0067812475518809791
leaf_weight=5213 5259 332 114 58 44 31 79 92 31 54 210 112 76 79 136 1026 56 409 57 48 60 80 118 201 33 656 84 32 79 83
leaf_count=5213 5259 332 114 58 44 31 79 92 31 54 210 112 76 79 136 1026 56 409 57 48 60 80 118 201 33 656 84 32 79 83
internal_value=-0.00507797 -0.00976235 -0.000640232 -0.00160522 -0.00129076 0.00308442 0.00659091 -0.00497573 -0.00607977 -0.00390049 -0.000757576 -0.0097028 -0.00661765 -0.00633344 -0.00319767 -0.0068299 -0.00161879 -0.00118466 -0.00403355 -0.0014911 0.00324074 -0.00546875 -0.00340909 -0.00181516 -0.00252568 -0.00179679 -0.00211456 -0.0015 0.00167526 -0.00163043
internal_weight=14942 7269 7673 2414 2208 154 110 206 2056 407 264 143 1649 1573 215 1358 2054 1741 313 1685 108 256 176 1577 1168 967 934 850 194 115
internal_count=14942 7269 7673 2414 2208 154 110 206 2056 407 264 143 1649 1573 215 1358 2054 1741 313 1685 108 256 176 1577 1168 967 934 850 194 115
is_linear=0
shrinkage=0.05


Tree=139
num_leaves=31
num_cat=0
split_feature=4 19 12 7 0 23 19 19 19 19 19 19 19 4 7 6 6 19 10 19 10 14 14 19 10 9 5 0 6 12
split_gain=125.492 15.5516 1.05386 0.978728 1.08692 0.964009 2.96885 4.12934 1.61696 1.10273 0.979522 1.37934 1.0658 0.889588 0.751594 0.694558 1.54966 1.21547 0.850094 0.943804 0.807377 1.30298 1.26314 1.4348 1.18079 1.04772 1.25842 0.972519 2.07262 2.00499
threshold=1.0000000180025095e-35 45.500000000000007 0.37500000000000006 0.25266666666666676 3.8333333333333335 3.5000000000000004 51.500000000000007 53.500000000000007 48.500000000000007 67.500000000000014 54.500000000000007 57.500000000000007 48.500000000000007 84.833333333333357 0.28700000000000009 0.14550000000000005 0.13900000000000004 44.500000000000007 1.6125000000000003 49.500000000000007 3.7888888888888892 75.887500000000017 79.154761904761912 56.500000000000007 3.8452380952380958 74.550000000000011 2.7083333333333335 5.5833333333333348 0.28100000000000008 0.063541666666666677
decision_type=2 2 2 2 2 2 2 2 2 2 2 2 2 2 2 2 2 2 2 2 2 2 2 2 2 2 2 2 2 2
left_child=1 -1 3 15 13 9 8 -8 -7 10 12 -12 -3 -5 -6 16 18 -17 19 -2 21 25 23 -23 -22 26 -19 -26 29 -29
right_child=2 5 -4 4 14 6 7 -9 -10 -11 11 -13 -14 -15 -16 17 -18 20 -20 -21 24 22 -24 -25 27 -27 -28 28 -30 -31
leaf_value=-4.0045262005886063e-05 -0.0056206886053036644 -4.0045262005886063e-05 0.020597422319565867 -0.0081069984361239033 -0.054596344446303305 -0.0052266156169282268 9.3353670464796379e-05 -4.0045262005886063e-05 -4.0045262005886063e-05 -4.0045262005886063e-05 0.0037076390066787812 -4.0045262005886063e-05 -4.0045262005886063e-05 0.12034612931509923 -0.0067844710145797188 -0.011942505368777149 0.065083570561835252 0.023397955701337611 -0.00049854419090094031 0.02802307383213766 -0.021758860072086952 0.0010668036616207465 0.0022555782422973322 0.16125939992927543 -0.01092610326909671 -0.029843584765727384 -0.0060067445957532831 0.073641695788347603 -0.0060489207771287296 0.013837206752212828
leaf_weight=5213 336 332 40 45 58 31 54 210 112 76 79 136 1026 33 95 153 53 64 5097 30 49 83 279 32 605 76 151 51 232 111
leaf_count=5213 336 332 40 45 58 31 54 210 112 76 79 136 1026 33 95 153 53 64 5097 30 49 83 279 32 605 76 151 51 232 111
internal_value=-0.00505454 -0.00976235 -0.000594617 -0.000637037 -0.00384199 -0.00607977 -0.00390049 -0.000757576 -0.0097028 -0.00661765 -0.00633344 -0.00319767 -0.0068299 0.000961538 -0.00629085 -0.000537017 -0.000253807 -0.00136532 -0.000336354 -0.00266393 -0.000988171 0.000346715 0.00222081 0.00663043 -0.00186069 -0.00219072 -0.000406977 -0.00148899 0.000444162 0.00478395
internal_weight=14942 7269 7673 7633 231 2056 407 264 143 1649 1573 215 1358 78 153 7402 5516 1886 5463 366 1733 685 394 115 1048 291 215 999 394 162
internal_count=14942 7269 7673 7633 231 2056 407 264 143 1649 1573 215 1358 78 153 7402 5516 1886 5463 366 1733 685 394 115 1048 291 215 999 394 162
is_linear=0
shrinkage=0.05


Tree=140
num_leaves=31
num_cat=0
split_feature=9 19 19 19 23 19 24 19 7 7 9 23 5 7 14 7 6 10 1 8 8 11 8 11 5 6 14 11 12 11
split_gain=117.27 18.7114 1.6722 2.66077 3.15347 3.07219 1.38084 1.25298 1.18512 1.23644 0.934225 0.868615 0.818826 0.826091 0.82316 0.807852 0.833185 1.49306 2.0546 1.73862 2.83468 1.52198 2.72528 2.35095 2.09877 1.71075 1.58615 1.54923 1.62227 1.48404
threshold=1.0000000180025095e-35 46.500000000000007 48.500000000000007 50.500000000000007 3.5000000000000004 53.500000000000007 2.2500000000000004 64.500000000000014 0.4290000000000001 0.25266666666666676 60.250000000000007 3.5000000000000004 2.9000000000000004 0.28700000000000009 84.7638888888889 0.24200000000000005 0.055500000000000008 2.6458333333333335 0.080000000000000029 9.7083333333333339 9.1000000000000014 0.014722222222222225 3.1000000000000005 0.017071428571428574 3.5500000000000003 0.03100000000000001 87.472222222222243 0.045857142857142867 0.020500000000000004 0.037638888888888895
decision_type=2 2 2 2 2 2 2 2 2 2 2 2 2 2 2 2 2 2 2 2 2 2 2 2 2 2 2 2 2 2
left_child=1 -1 -3 11 6 -6 -5 -7 9 10 -2 -4 -11 -14 -15 16 17 -12 19 20 21 -19 -23 -24 26 -26 27 28 -25 -27
right_child=8 2 3 4 5 7 -8 -9 -10 12 15 -13 13 14 -16 -17 -18 18 -20 -21 -22 22 23 24 25 29 -28 -29 -30 -31
leaf_value=-3.8042998905591766e-05 0.0044583281736307488 -3.8042998905591766e-05 -3.8042998905591766e-05 -3.8042998905591766e-05 8.8685986941555725e-05 0.0015937179179263503 -3.8042998905591766e-05 -3.8042998905591766e-05 0.020548031117401666 0.031625280786053547 -0.005089169345610745 -3.8042998905591766e-05 -0.044084214309300943 -0.010750158715746744 0.0096218803240173192 0.053680887954079909 -0.0032287890671082956 -0.00047931151674397991 -0.059924674974527838 -0.0089594409132765142 0.075062850218396593 -0.017121432673539251 0.14529124012119682 -0.0019253878272825432 -0.019325022221144739 0.083502437888926542 0.089926434257133314 -0.0074657910691163874 0.031425257192965794 -0.00053094512950078163
leaf_weight=5212 35 326 667 103 56 126 552 79 36 37 1277 106 75 67 44 30 3647 807 56 631 107 35 52 30 185 64 105 102 122 124
leaf_count=5212 35 326 667 103 56 126 552 79 36 37 1277 106 75 67 44 30 3647 807 56 631 107 35 52 30 185 64 105 102 122 124
internal_value=-0.00502434 -0.00959423 -0.00550248 -0.00613529 -0.00431223 0.000335249 -0.00616412 -0.0025 -0.000717267 -0.000759958 -0.000649548 -0.0082956 -0.00442825 -0.00577957 -0.00304054 -0.000688229 -0.000721678 -0.000192724 0.00053719 0.000761421 0.00157963 0.00106089 0.00257937 0.00318878 0.00245902 -0.00016756 0.00518802 0.00305118 0.00625 0.00319149
internal_weight=14895 7227 2015 1689 916 261 655 205 7668 7632 7409 773 223 186 111 7374 7344 3697 2420 2364 1733 1626 819 784 732 373 359 254 152 188
internal_count=14895 7227 2015 1689 916 261 655 205 7668 7632 7409 773 223 186 111 7374 7344 3697 2420 2364 1733 1626 819 784 732 373 359 254 152 188
is_linear=0
shrinkage=0.05


Tree=141
num_leaves=31
num_cat=0
split_feature=4 19 19 19 23 19 24 19 7 7 23 19 19 19 19 19 5 7 23 5 7 5 4 12 1 7 7 13 8 9
split_gain=117.27 18.7114 1.6722 2.66077 3.15347 3.07219 1.38084 1.25298 1.18512 0.952617 0.868615 0.77425 1.99156 1.11441 0.793374 0.750849 0.714289 0.774339 0.709651 0.684008 1.3113 1.01274 1.50352 1.37969 1.0407 1.29745 1.51375 2.01782 1.45422 1.19656
threshold=1.0000000180025095e-35 46.500000000000007 48.500000000000007 50.500000000000007 3.5000000000000004 53.500000000000007 2.2500000000000004 64.500000000000014 0.4290000000000001 0.25266666666666676 3.5000000000000004 54.500000000000007 58.500000000000007 51.500000000000007 55.500000000000007 68.500000000000014 2.9000000000000004 0.28700000000000009 1.5000000000000002 5.2250000000000005 0.22550000000000001 4.5500000000000007 71.416666666666671 0.19316666666666668 0.080000000000000029 0.028000000000000014 0.036333333333333349 6.2678571428571432 7.5500000000000007 69.550000000000011
decision_type=2 2 2 2 2 2 2 2 2 2 2 2 2 2 2 2 2 2 2 2 2 2 2 2 2 2 2 2 2 2
left_child=1 18 -3 10 6 -6 -5 -7 9 19 -4 13 14 -8 -13 -9 -11 -18 -1 21 -21 24 -23 -24 25 -2 27 -27 -29 -28
right_child=8 2 3 4 5 7 11 15 -10 16 -12 12 -14 -15 -16 -17 17 -19 -20 20 -22 22 23 -25 -26 26 29 28 -30 -31
leaf_value=-3.6140848960312175e-05 -0.0027286727819472723 -3.6140848960312175e-05 -3.6140848960312175e-05 -3.6140848960312175e-05 8.4251687594477656e-05 0.0015140320220300306 -0.008694124533565625 -3.6140848960312175e-05 0.019520629561531579 0.030044016746750869 -3.6140848960312175e-05 -0.038860867312527997 -3.6140848960312175e-05 -3.6140848960312175e-05 0.0035241592062901228 -3.6140848960312175e-05 -0.041880003593835896 -0.0032708909231447649 -3.6140848960312175e-05 -0.0057293035655689968 0.05006002090987105 0.069096264790448642 0.00092288279692928079 0.06200482693648534 -0.0048476006600959298 0.13127978450536823 0.0013971877757038454 -0.0096071765968131287 0.033292960026918089 -0.00052031735698669646
leaf_weight=1083 1884 326 667 103 56 126 47 38 36 37 106 56 145 246 58 41 75 111 4129 969 38 33 633 32 1920 60 113 57 82 1588
leaf_count=1083 1884 326 667 103 56 126 47 38 36 37 106 56 145 246 58 41 75 111 4129 969 38 33 633 32 1920 60 113 57 82 1588
internal_value=-0.00502434 -0.00959423 -0.00550248 -0.00613529 -0.00431223 0.000335249 -0.00616412 -0.0025 -0.000717267 -0.000759958 -0.0082956 -0.0071558 -0.00516409 -0.00891638 -0.000219298 -0.00743671 -0.00397982 -0.00524194 -0.0111761 -0.000663045 -0.00187438 -0.000472509 0.00132521 0.000808271 -0.000692496 -0.000211416 0.000710526 0.00483668 0.00152878 0.000227807
internal_weight=14895 7227 2015 1689 916 261 655 205 7668 7632 773 552 259 293 114 79 223 186 5212 7409 1007 6402 698 665 5704 3784 1900 199 139 1701
internal_count=14895 7227 2015 1689 916 261 655 205 7668 7632 773 552 259 293 114 79 223 186 5212 7409 1007 6402 698 665 5704 3784 1900 199 139 1701
is_linear=0
shrinkage=0.05


Tree=142
num_leaves=31
num_cat=0
split_feature=4 19 19 19 23 19 24 19 23 19 19 19 19 19 23 19 5 16 7 14 12 24 12 12 11 10 13 7 8 7
split_gain=117.615 18.7114 1.6722 2.66077 3.15347 3.07219 1.38084 1.25298 0.868615 0.77425 1.99156 1.11441 0.793374 0.750849 0.709651 0.693231 0.859318 0.874717 0.805226 0.983782 0.976297 3.36987 1.04696 1.46216 1.37105 0.849813 1.47744 0.948758 0.926209 1.13636
threshold=1.0000000180025095e-35 46.500000000000007 48.500000000000007 50.500000000000007 3.5000000000000004 53.500000000000007 2.2500000000000004 64.500000000000014 3.5000000000000004 54.500000000000007 58.500000000000007 51.500000000000007 55.500000000000007 68.500000000000014 1.5000000000000002 103.50000000000001 5.2250000000000005 3.5000000000000004 0.22733333333333336 87.77500000000002 0.19050000000000003 3.7500000000000004 0.17316666666666669 0.15612500000000004 0.13267857142857145 4.9500000000000011 3.3166666666666669 0.1826666666666667 4.5500000000000007 0.047750000000000015
decision_type=2 2 2 2 2 2 2 2 2 2 2 2 2 2 2 2 2 2 2 2 2 2 2 2 2 2 2 2 2 2
left_child=1 14 -3 8 6 -6 -5 -7 -4 11 12 -8 -11 -9 -1 16 18 -18 20 -20 22 -22 23 25 -25 27 -27 -2 -28 -30
right_child=15 2 3 4 5 7 9 13 -10 10 -12 -13 -14 -15 -16 -17 17 -19 19 -21 21 -23 -24 24 -26 26 28 -29 29 -31
leaf_value=-3.4333806512296568e-05 -0.0014638343639098495 -3.4333806512296568e-05 -3.4333806512296568e-05 -3.4333806512296568e-05 8.0039103214751833e-05 0.0014383304209285284 -0.0082594183068873447 -3.4333806512296568e-05 -3.4333806512296568e-05 -0.036917823946901594 -3.4333806512296568e-05 -3.4333806512296568e-05 0.0033479512459756167 -3.4333806512296568e-05 -3.4333806512296568e-05 0.020478443859925366 0.00056881686190172619 -0.011092665954164272 -0.018230911981976336 0.0082164028406121643 -0.00079850390232236732 0.041748707709004983 -0.029854068551238389 0.088671873692316924 -0.019662665098682554 -0.043158809174112939 0.095328714622577915 -0.040863249257412672 0.018022472735052943 -0.0074301280763855448
leaf_weight=1083 5623 326 667 103 56 126 47 38 106 56 145 246 58 41 4129 58 236 841 194 61 117 43 85 56 37 32 31 56 99 99
leaf_count=1083 5623 326 667 103 56 126 47 38 106 56 145 246 58 41 4129 58 236 841 194 61 117 43 85 56 37 32 31 56 99 99
internal_value=-0.00501762 -0.00959423 -0.00550248 -0.00613529 -0.00431223 0.000335249 -0.00616412 -0.0025 -0.0082956 -0.0071558 -0.00516409 -0.00891638 -0.000219298 -0.00743671 -0.0111761 -0.000704225 -0.000745729 -0.00205432 -0.000530002 -0.00328431 -0.000418127 0.0034375 -0.00051896 -0.000441323 0.00577957 -0.000538721 0.00225096 -0.000666931 0.00365721 0.00239899
internal_weight=14895 7227 2015 1689 916 261 655 205 773 552 259 293 114 79 5212 7668 7610 1077 6533 255 6278 160 6118 6033 93 5940 261 5679 229 198
internal_count=14895 7227 2015 1689 916 261 655 205 773 552 259 293 114 79 5212 7668 7610 1077 6533 255 6278 160 6118 6033 93 5940 261 5679 229 198
is_linear=0
shrinkage=0.05


Tree=143
num_leaves=31
num_cat=0
split_feature=4 19 19 19 23 19 24 19 23 19 19 19 19 19 23 11 11 6 13 0 9 13 3 6 13 17 10 14 12 14
split_gain=118.133 18.7114 1.6722 2.66077 3.15347 3.07219 1.38084 1.25298 0.868615 0.77425 1.99156 1.11441 0.793374 0.750849 0.709651 0.699079 1.52076 2.44864 1.5051 1.5256 1.48857 1.24057 1.97849 2.17928 1.0318 1.70526 1.45148 2.48821 1.23763 1.00988
threshold=1.0000000180025095e-35 46.500000000000007 48.500000000000007 50.500000000000007 3.5000000000000004 53.500000000000007 2.2500000000000004 64.500000000000014 3.5000000000000004 54.500000000000007 58.500000000000007 51.500000000000007 55.500000000000007 68.500000000000014 1.5000000000000002 0.08316666666666668 0.16887500000000003 0.17100000000000004 7.0500000000000007 2.1666666666666674 84.550000000000011 5.1055555555555561 4.5833333333333348 0.10775 7.6458333333333348 8.5000000000000018 3.8944444444444448 85.816666666666677 0.046833333333333345 77.683333333333351
decision_type=2 2 2 2 2 2 2 2 2 2 2 2 2 2 2 2 2 2 2 2 2 2 2 2 2 2 2 2 2 2
left_child=1 14 -3 8 6 -6 -5 -7 -4 11 12 -8 -11 -9 -1 29 17 18 21 20 -20 22 -17 -24 25 -21 -26 -28 -29 -2
right_child=15 2 3 4 5 7 9 13 -10 10 -12 -13 -14 -15 -16 16 -18 -19 19 24 -22 -23 23 -25 26 -27 27 28 -30 -31
leaf_value=-3.2617116186681739e-05 0.0010209508844915298 -3.2617116186681739e-05 -3.2617116186681739e-05 -3.2617116186681739e-05 7.6037148054014514e-05 0.0013664138998821006 -0.0078464473915429763 -3.2617116186681739e-05 -3.2617116186681739e-05 -0.035071932749556514 -3.2617116186681739e-05 -3.2617116186681739e-05 0.0031805536836768348 -3.2617116186681739e-05 -3.2617116186681739e-05 -0.0068927233175551635 -0.00068876112407560979 -0.016159783593917076 -0.0072729213539959869 -0.0070387731926392309 0.115364893066913 -0.014662205147446344 -0.00073035644701267561 0.21381550014487166 -0.022630817500202884 0.077177529302380338 0.053130453835441932 0.021688346378448877 -0.04018361495550074 -0.0026196048236983797
leaf_weight=1083 846 326 667 103 56 126 47 38 106 56 145 246 58 41 4129 238 1621 220 44 40 43 387 79 32 142 36 53 69 136 3682
leaf_count=1083 846 326 667 103 56 126 47 38 106 56 145 246 58 41 4129 238 1621 220 44 40 43 387 79 32 142 36 53 69 136 3682
internal_value=-0.00500755 -0.00959423 -0.00550248 -0.00613529 -0.00431223 0.000335249 -0.00616412 -0.0025 -0.0082956 -0.0071558 -0.00516409 -0.00891638 -0.000219298 -0.00743671 -0.0111761 -0.000684664 -0.00125796 -0.00239467 -0.00156851 0.000377442 0.00646552 -0.00305707 -0.000895415 0.00461712 -0.000735294 0.00460526 -0.00175 0.000484496 -0.0020122 -0.000287102
internal_weight=14895 7227 2015 1689 916 261 655 205 773 552 259 293 114 79 5212 7668 3140 1519 1299 563 87 736 349 111 476 76 400 258 205 4528
internal_count=14895 7227 2015 1689 916 261 655 205 773 552 259 293 114 79 5212 7668 3140 1519 1299 563 87 736 349 111 476 76 400 258 205 4528
is_linear=0
shrinkage=0.05


Tree=144
num_leaves=31
num_cat=0
split_feature=4 19 19 19 19 19 19 19 11 11 6 7 19 0 6 3 6 10 10 13 8 12 11 3 19 7 7 7 7 11
split_gain=119.521 18.7114 1.6722 2.66077 2.18522 2.8701 3.02182 1.01683 0.709837 1.38741 2.23116 1.23531 1.34594 1.16033 1.46305 2.88877 4.29543 2.88411 1.23929 1.54753 1.52457 2.50664 1.82945 1.28581 1.25149 1.16621 2.35359 1.29654 1.16202 1.33384
threshold=1.0000000180025095e-35 46.500000000000007 48.500000000000007 50.500000000000007 53.500000000000007 54.500000000000007 57.500000000000007 64.500000000000014 0.08316666666666668 0.16887500000000003 0.16266666666666671 0.17450000000000002 68.500000000000014 7.166666666666667 0.03100000000000001 5.166666666666667 0.033666666666666678 2.2928571428571431 2.5857142857142863 9.7638888888888911 7.366666666666668 0.053166666666666675 0.024142857142857143 8.8333333333333339 52.500000000000007 0.05775000000000001 0.018000000000000019 0.11399999999999999 0.0040000000000000044 1.0000000180025095e-35
decision_type=2 2 2 2 2 2 2 2 2 2 2 2 2 2 2 2 2 2 2 2 2 2 2 2 2 2 2 2 2 2
left_child=1 -1 -3 -4 -5 -6 -7 -8 11 10 -10 12 13 14 18 17 -17 -16 -2 20 -20 22 24 -23 -22 26 -19 -27 -21 -30
right_child=8 2 3 4 5 6 7 -9 9 -11 -12 -13 -14 -15 15 16 -18 25 19 28 21 23 -24 -25 -26 27 -28 -29 29 -31
leaf_value=-3.0986260377347651e-05 -0.0075727117698815771 -3.0986260377347651e-05 -3.0986260377347651e-05 7.22352906513124e-05 -3.0986260377347651e-05 0.0030215259994929911 -3.0986260377347651e-05 -3.0986260377347651e-05 -0.0040075738117092644 -0.00065432306787183148 -0.019592723646627525 -0.0038776460160591221 0.010914159744630062 -0.026049372270439044 0.10446978117127546 0.080312623852759529 -0.00046428767961104178 -0.011572989833643006 -0.00081454041231611993 -0.010412524998911639 -0.010474841783773392 0.1265219682271792 0.059950349083067844 0.011391186320838426 0.03898321130740745 -0.0095879089088395913 0.080106010845873862 0.082511696750769595 0.0057295724302262379 -0.01442150344889459
leaf_weight=5212 988 326 773 209 226 128 192 161 1225 1621 294 355 48 73 40 42 1171 40 900 52 168 58 53 56 32 50 51 36 38 277
leaf_count=5212 988 326 773 209 226 128 192 161 1225 1621 294 355 48 73 40 42 1171 40 900 52 168 58 53 56 32 50 51 36 38 277
internal_value=-0.0049807 -0.00959423 -0.00550248 -0.00613529 -0.00431223 -0.00564003 -0.00345634 -0.00584278 -0.000632499 -0.00121019 -0.00229592 -0.00023189 8.98634e-06 -8.78788e-05 2.46792e-05 0.00131119 0.000360676 0.00662442 -0.000676964 0.000168299 0.000996448 0.00371253 0.000938735 0.00986842 -0.00125 0.00388418 0.00782967 -0.000290698 -0.00269074 -0.00154762
internal_weight=14895 7227 2015 1689 916 707 481 353 7668 3140 1519 4528 4173 4125 4052 1430 1213 217 2622 1634 1267 367 253 114 200 177 91 86 367 315
internal_count=14895 7227 2015 1689 916 707 481 353 7668 3140 1519 4528 4173 4125 4052 1430 1213 217 2622 1634 1267 367 253 114 200 177 91 86 367 315
is_linear=0
shrinkage=0.05


Tree=145
num_leaves=31
num_cat=0
split_feature=4 19 19 23 19 19 19 19 19 19 14 9 19 19 14 14 9 12 11 12 3 1 4 9 14 19 14 0 7 4
split_gain=123.225 15.868 2.01975 3.16148 4.24784 2.67068 1.31524 1.52501 1.39267 1.03105 0.824026 1.13287 0.793068 0.792084 0.736668 1.51691 2.83697 1.59829 1.4653 1.27962 1.95678 1.63446 3.07286 1.98213 1.78041 1.48854 1.54419 1.76932 1.33076 1.32571
threshold=1.0000000180025095e-35 45.500000000000007 50.500000000000007 3.5000000000000004 53.500000000000007 48.500000000000007 67.500000000000014 54.500000000000007 57.500000000000007 53.500000000000007 69.535714285714292 69.100000000000009 47.500000000000007 59.500000000000007 85.414285714285725 86.225000000000009 86.100000000000009 0.12725000000000003 0.18878571428571431 0.19881944444444447 11.41666666666667 0.02416666666666669 84.166666666666671 84.77500000000002 87.133928571428584 52.500000000000007 89.267857142857153 3.1666666666666674 0.044500000000000019 88.833333333333357
decision_type=2 2 2 2 2 2 2 2 2 2 2 2 2 2 2 2 2 2 2 2 2 2 2 2 2 2 2 2 2 2
left_child=1 -1 5 6 -5 12 7 9 -9 -4 11 -2 -3 -6 18 16 -16 -18 -12 21 29 22 -17 -23 -24 -25 -27 -28 -29 -21
right_child=10 2 3 4 13 -7 -8 8 -10 -11 14 -13 -14 -15 15 19 17 -19 -20 20 -22 23 24 25 -26 26 27 28 -30 -31
leaf_value=-2.9436947358480269e-05 0.00032649631010545359 -2.9436947358480269e-05 -6.8227714054122114e-05 6.8623526118749556e-05 0.0014821356581185942 -2.9436947358480269e-05 -2.9436947358480269e-05 0.0028704496995183406 -2.9436947358480269e-05 -2.9436947358480269e-05 -0.0038721899580311803 0.0015797075991108704 -2.9436947358480269e-05 -2.9436947358480269e-05 -0.0014549534310789815 0.10818105717922769 0.067527463470412871 -0.0015347892263582741 0.0010324874622475223 0.20049943444849039 -0.04641838837216207 -0.029006800143691305 0.020975193568651157 -0.0094588537361643531 -0.001884801982022022 -0.0054041250207882618 -0.002395388560070977 0.099798094295273004 0.02140793791717668 0.027617709536801174
leaf_weight=5248 418 157 146 50 80 788 72 84 137 190 2373 62 199 134 192 32 72 34 863 46 43 43 110 983 1584 432 105 51 117 78
leaf_count=5248 418 157 146 50 80 788 72 84 137 190 2373 62 199 134 192 32 72 34 863 46 43 43 110 983 1584 432 105 51 117 78
internal_value=-0.00508862 -0.00974091 -0.00599534 -0.00421333 0.000378788 -0.00738636 -0.0061407 -0.00531867 -0.00209276 -0.00744048 -0.000651349 0.00135417 -0.00379213 -0.00268692 -0.000785834 -0.000325089 0.00310403 0.00966981 -0.00134425 -0.000607064 0.00366766 -0.000813567 0.000275203 -0.00189919 -1.4758e-05 -0.00162915 0.000124113 0.00306777 0.00625 0.00685484
internal_weight=14923 7285 2037 893 264 1144 629 557 221 336 7638 480 356 214 7158 3922 298 106 3236 3624 167 3457 1726 1731 1694 1688 705 273 168 124
internal_count=14923 7285 2037 893 264 1144 629 557 221 336 7638 480 356 214 7158 3922 298 106 3236 3624 167 3457 1726 1731 1694 1688 705 273 168 124
is_linear=0
shrinkage=0.05


Tree=146
num_leaves=31
num_cat=0
split_feature=4 19 19 23 19 19 19 19 19 19 19 19 14 9 7 13 15 0 3 3 13 8 19 2 8 8 3 1 26 0
split_gain=124.47 15.868 2.01975 3.16148 4.24784 2.67068 1.31524 1.52501 1.39267 1.03105 0.793068 0.792084 0.786801 1.13287 0.660657 1.02252 1.44869 1.11076 0.928009 1.14448 0.913416 1.09503 0.840614 0.855028 0.793783 1.02392 1.00309 2.01148 0.895454 1.25638
threshold=1.0000000180025095e-35 45.500000000000007 50.500000000000007 3.5000000000000004 53.500000000000007 48.500000000000007 67.500000000000014 54.500000000000007 57.500000000000007 53.500000000000007 47.500000000000007 59.500000000000007 69.535714285714292 69.100000000000009 0.0080000000000000088 10.816666666666668 1.5000000000000002 1.1666666666666667 1.5833333333333337 2.1666666666666674 2.4142857142857146 2.5500000000000003 103.50000000000001 0.39166666666666677 10.100000000000001 9.1000000000000014 7.166666666666667 0.0099999999999999725 1.0000000180025095e-35 3.4166666666666674
decision_type=2 2 2 2 2 2 2 2 2 2 2 2 2 2 2 2 2 2 2 2 2 2 2 2 2 2 2 2 2 2
left_child=1 -1 5 6 -5 10 7 9 -9 -4 -3 -6 13 -2 15 17 -17 -14 -16 -20 -21 -22 23 -23 25 26 28 -28 29 -19
right_child=12 2 3 4 11 -7 -8 8 -10 -11 -12 -13 14 -15 18 16 -18 24 19 20 21 22 -24 -25 -26 -27 27 -29 -30 -31
leaf_value=-2.7965099990556254e-05 0.00031017149460017823 -2.7965099990556254e-05 -6.4816328351416014e-05 6.5192349812814859e-05 0.0014080288752126636 -2.7965099990556254e-05 -2.7965099990556254e-05 0.0027269272145424243 -2.7965099990556254e-05 -2.7965099990556254e-05 -2.7965099990556254e-05 -2.7965099990556254e-05 -0.0089576722552986206 0.0015007222191553275 -0.015685264644016535 -0.0076995264746343595 0.013023527966499382 0.022581543325018605 0.032668239642697348 -0.020057804438859211 0.07302151760467844 -0.0025298786585680744 0.027662908944684594 -0.0072898590593498125 0.072467626014984673 -0.030739777333305265 0.098543024685573771 0.029973023742149121 -0.0029291364134536703 -0.005290793176576292
leaf_weight=5248 418 157 146 50 80 788 72 84 137 190 199 134 70 62 86 36 35 239 90 45 31 5653 50 44 30 81 38 93 383 154
leaf_count=5248 418 157 146 50 80 788 72 84 137 190 199 134 70 62 86 36 35 239 90 45 31 5653 50 44 30 81 38 93 383 154
internal_value=-0.00506517 -0.00974091 -0.00599534 -0.00421333 0.000378788 -0.00738636 -0.0061407 -0.00531867 -0.00209276 -0.00744048 -0.00379213 -0.00268692 -0.000605525 0.00135417 -0.000736938 0.00035591 -0.00545775 0.000735294 -0.000948075 -0.000873076 -0.000959557 -0.000904292 -0.000954846 -0.0010115 0.00115422 0.000910931 0.00139195 0.00543893 0.000708763 0.0023855
internal_weight=14923 7285 2037 893 264 1144 629 557 221 336 356 214 7638 480 7158 1159 71 1088 5999 5913 5823 5778 5747 5697 1018 988 907 131 776 393
internal_count=14923 7285 2037 893 264 1144 629 557 221 336 356 214 7638 480 7158 1159 71 1088 5999 5913 5823 5778 5747 5697 1018 988 907 131 776 393
is_linear=0
shrinkage=0.05


Tree=147
num_leaves=31
num_cat=0
split_feature=4 19 19 23 19 19 19 19 19 19 14 9 19 19 24 23 19 11 6 2 19 1 6 11 6 23 13 7 7 9
split_gain=124.114 15.868 2.01975 3.16148 4.24784 2.67068 1.31524 1.52501 1.39267 1.03105 0.797349 1.13287 0.793068 0.792084 0.657708 0.653853 0.614045 0.6143 0.812879 1.09595 1.13279 0.746969 0.717085 0.682489 0.847104 0.603165 0.586844 1.55876 1.25379 1.17772
threshold=1.0000000180025095e-35 45.500000000000007 50.500000000000007 3.5000000000000004 53.500000000000007 48.500000000000007 67.500000000000014 54.500000000000007 57.500000000000007 53.500000000000007 69.535714285714292 69.100000000000009 47.500000000000007 59.500000000000007 2.7500000000000004 1.5000000000000002 103.50000000000001 0.59757142857142875 0.40100000000000008 0.068333333333333371 66.500000000000014 0.4883333333333334 0.49100000000000005 0.39450000000000007 0.34266666666666673 3.5000000000000004 10.316666666666668 0.0020000000000000031 0.014000000000000011 87.90000000000002
decision_type=2 2 2 2 2 2 2 2 2 2 2 2 2 2 2 2 2 2 2 2 2 2 2 2 2 2 2 2 2 2
left_child=1 15 5 6 -5 12 7 9 -9 -4 11 -2 -3 -6 -14 -1 17 18 23 20 22 -21 -20 26 -25 -7 -12 -28 29 -29
right_child=10 2 3 4 13 25 -8 8 -10 -11 16 -13 14 -15 -16 -17 -18 -19 19 21 -22 -23 -24 24 -26 -27 27 28 -30 -31
leaf_value=-2.6566844991028445e-05 0.00029466291987016724 -2.6566844991028445e-05 -6.1575511933845202e-05 6.1932732322172998e-05 0.0013376274314520322 -2.6566844991028445e-05 -2.6566844991028445e-05 0.0025905808538153052 -2.6566844991028445e-05 -2.6566844991028445e-05 -0.0017126251949933114 0.0014256861081975575 0.03226559931274614 -2.6566844991028445e-05 -2.6566844991028445e-05 -2.6566844991028445e-05 0.0087056777173518014 -0.0045150864177437725 0.083803115163191555 0.027916606308228065 0.087092160506624078 -0.028540587170482079 -0.0028097448203971143 -0.0089070178945732 -0.019054914216916255 -2.6566844991028445e-05 -0.0073145501509026406 0.0053129878885775673 -0.0095308225233239566 -0.00096795582218288107
leaf_weight=1107 418 157 146 50 80 681 72 84 137 190 5952 62 43 134 156 4141 56 76 32 38 46 53 59 37 36 107 43 34 612 84
leaf_count=1107 418 157 146 50 80 681 72 84 137 190 5952 62 43 134 156 4141 56 76 32 38 46 53 59 37 36 107 43 34 612 84
internal_value=-0.00507187 -0.00974091 -0.00599534 -0.00421333 0.000378788 -0.00738636 -0.0061407 -0.00531867 -0.00209276 -0.00744048 -0.000618617 0.00135417 -0.00379213 -0.00268692 -0.00169598 -0.0111947 -0.000750908 -0.00079203 -0.000743666 0.00219298 0.00501825 -0.00206044 0.00178571 -0.000842159 -0.00565068 -0.00901015 -0.000789963 -0.00208603 -0.0015411 0.00317797
internal_weight=14923 7285 2037 893 264 1144 629 557 221 336 7638 480 356 214 199 5248 7158 7102 7026 228 137 91 91 6798 73 788 6725 773 730 118
internal_count=14923 7285 2037 893 264 1144 629 557 221 336 7638 480 356 214 199 5248 7158 7102 7026 228 137 91 91 6798 73 788 6725 773 730 118
is_linear=0
shrinkage=0.05


Tree=148
num_leaves=31
num_cat=0
split_feature=4 23 23 23 14 9 10 2 12 10 10 2 10 14 1 13 5 4 11 0 12 12 0 12 12 7 8 7 24 2
split_gain=124.649 3.99685 1.46962 0.950718 0.781553 1.13287 0.634788 1.09597 1.41154 0.635837 0.548684 1.1289 0.866059 0.98538 1.46908 1.79715 2.40903 0.899083 0.957952 0.805191 0.770938 2.25151 1.95899 1.36731 1.0646 0.963457 1.81182 2.34285 1.76624 1.17529
threshold=1.0000000180025095e-35 2.5000000000000004 3.5000000000000004 1.5000000000000002 69.535714285714292 69.100000000000009 7.5277777777777786 0.10333333333333337 0.049500000000000009 7.1388888888888902 1.8452380952380956 0.11500000000000003 1.8166666666666669 86.105555555555569 0.046666666666666662 4.354166666666667 1.4500000000000002 73.833333333333357 0.0061250000000000011 1.1666666666666667 0.094642857142857154 0.086125000000000021 2.1666666666666674 0.12105555555555557 0.09183333333333335 0.17900000000000002 7.9000000000000012 0.13900000000000004 2.7500000000000004 0.18166666666666673
decision_type=2 2 2 2 2 2 2 2 2 2 2 2 2 2 2 2 2 2 2 2 2 2 2 2 2 2 2 2 2 2
left_child=1 3 -3 -1 5 -2 9 8 -8 10 11 12 13 17 15 19 -17 -6 -19 -15 21 -12 -23 -22 -24 26 27 -25 -29 -27
right_child=4 2 -4 -5 6 -7 7 -9 -10 -11 20 -13 -14 14 -16 16 -18 18 -20 -21 23 22 24 25 -26 29 -28 28 -30 -31
leaf_value=-2.5238502741477021e-05 0.00027992977387666099 -2.5238502741477021e-05 -2.5238502741477021e-05 -2.5238502741477021e-05 0.0024841850294716528 0.0013544018027876776 0.079894612880426763 0.013704840253832035 -0.03941164239476537 -0.026299182515134065 -0.0014482161502931579 0.0096583076111318444 -0.049543726395852167 -0.0333345464053737 -0.028385155801431874 0.13881034485225904 -0.0015619370680018897 -0.019397166919444837 -0.0034728857712523101 0.04856947658180865 -0.015531401995576869 -0.02780633690895299 0.13169084776564538 -0.006286311540579459 0.020687090419369704 0.034158111153464857 -0.010469985181460008 0.14915146952224451 0.033464706475020242 -0.0068263487495144552
leaf_weight=1168 418 3244 839 2034 50 62 30 35 37 38 4597 31 32 35 37 30 39 91 102 37 574 34 80 203 47 107 161 38 151 542
leaf_count=1168 418 3244 839 2034 50 62 30 35 37 38 4597 31 32 35 37 30 39 91 102 37 574 34 80 203 47 107 161 38 151 542
internal_value=-0.00506182 -0.00974091 -0.00870377 -0.0110634 -0.000598979 0.00135417 -0.000729953 0.00318627 -0.000559701 -0.000786565 -0.000751639 -0.00237603 -0.00300773 -0.00240499 0.000421348 0.00274823 0.00851449 -0.00447531 -0.00602332 -0.00277778 -0.000631313 -0.000299496 0.00551242 -0.00152027 0.00836614 -0.000561564 0.000971971 0.00280612 0.00681217 -0.00186826
internal_weight=14923 7285 4083 3202 7638 480 7158 102 67 7056 7018 484 453 421 178 141 69 243 193 72 6534 4758 161 1776 127 1202 553 392 189 649
internal_count=14923 7285 4083 3202 7638 480 7158 102 67 7056 7018 484 453 421 178 141 69 243 193 72 6534 4758 161 1776 127 1202 553 392 189 649
is_linear=0
shrinkage=0.05


Tree=149
num_leaves=31
num_cat=0
split_feature=4 19 19 23 19 19 19 19 19 19 19 19 14 9 24 23 23 19 19 19 5 6 11 11 5 11 6 7 4 13
split_gain=125.006 15.868 2.01975 3.16148 4.24784 2.67068 1.31524 1.52501 1.39267 1.03105 0.793068 0.792084 0.77111 1.13287 0.657708 0.653853 0.603165 0.559178 0.571429 0.538247 1.40279 1.11173 1.17104 1.20311 1.57794 1.1662 1.11221 1.11159 1.11653 1.19631
threshold=1.0000000180025095e-35 45.500000000000007 50.500000000000007 3.5000000000000004 53.500000000000007 48.500000000000007 67.500000000000014 54.500000000000007 57.500000000000007 53.500000000000007 47.500000000000007 59.500000000000007 69.535714285714292 69.100000000000009 2.7500000000000004 1.5000000000000002 3.5000000000000004 59.500000000000007 58.500000000000007 45.500000000000007 1.4500000000000002 0.050999999999999997 0.032111111111111125 0.025857142857142863 3.1000000000000005 0.17527777777777784 0.027083333333333338 0.027999999999999987 85.166666666666671 7.8660714285714297
decision_type=2 2 2 2 2 2 2 2 2 2 2 2 2 2 2 2 2 2 2 2 2 2 2 2 2 2 2 2 2 2
left_child=1 15 5 6 -5 10 7 9 -9 -4 -3 -6 13 -2 -12 -1 -7 18 -10 -14 -21 22 23 26 -25 27 -22 -23 -29 -30
right_child=12 2 3 4 11 16 -8 8 17 -11 14 -13 19 -15 -16 -17 -18 -19 -20 20 21 25 -24 24 -26 -27 -28 28 29 -31
leaf_value=-2.3976577604403169e-05 0.00026593328518282613 -2.3976577604403169e-05 -5.7234811200079089e-05 6.0098020843141198e-05 0.0012720079850165045 -2.3976577604403169e-05 -2.3976577604403169e-05 0.0024623137362616123 -0.0058689226196332149 -2.3976577604403169e-05 0.030653581272245906 -2.3976577604403169e-05 -0.0036484000985516074 0.0012866817126482898 -2.3976577604403169e-05 -2.3976577604403169e-05 -2.3976577604403169e-05 -2.3976577604403169e-05 -2.3976577604403169e-05 0.059168630911925729 -0.00021146830543392615 0.0010016436001952899 0.0086140926537491055 -0.024846995042253257 0.0053096450436289026 2.0319137815449919e-05 0.022260797316651482 -0.011577121588345186 0.0079327271609373248 -0.0097855386774888652
leaf_weight=1107 418 157 146 50 80 681 72 84 48 190 43 134 2041 62 156 4141 107 53 36 55 1085 369 533 132 90 1364 59 765 255 410
leaf_count=1107 418 157 146 50 80 681 72 84 48 190 43 134 2041 62 156 4141 107 53 36 55 1085 369 533 132 90 1364 59 765 255 410
internal_value=-0.00505512 -0.00974091 -0.00599534 -0.00421333 0.000378788 -0.00738636 -0.0061407 -0.00531867 -0.00209276 -0.00744048 -0.00379213 -0.00268692 -0.000585886 0.00135417 -0.00169598 -0.0111947 -0.00901015 -0.00520073 -0.0077381 -0.000715982 -0.000442154 -0.000528447 0.000427857 -0.000347731 -0.00371622 -0.00110259 0.000305944 -0.00193858 -0.00256993 -0.00107143
internal_weight=14923 7285 2037 893 264 1144 629 557 221 336 356 214 7638 480 199 5248 788 137 84 7158 5117 5062 1899 1366 222 3163 1144 1799 1430 665
internal_count=14923 7285 2037 893 264 1144 629 557 221 336 356 214 7638 480 199 5248 788 137 84 7158 5117 5062 1899 1366 222 3163 1144 1799 1430 665
is_linear=0
shrinkage=0.05


Tree=150
num_leaves=31
num_cat=0
split_feature=9 19 23 19 19 19 19 9 1 1 9 13 11 8 8 10 13 23 1 9 9 1 9 13 14 12 8 19 26 1
split_gain=136.782 14.9481 1.80139 2.89592 4.98881 1.93125 1.50622 1.1781 1.27136 2.3623 1.50433 1.82122 1.58107 1.48702 1.86694 1.52823 1.33153 1.30441 1.51899 1.27878 1.24224 1.1922 1.95101 1.1688 1.14873 1.14591 0.997719 1.215 0.963996 0.943936
threshold=1.0000000180025095e-35 46.500000000000007 3.5000000000000004 50.500000000000007 53.500000000000007 48.500000000000007 48.500000000000007 80.225000000000009 0.29833333333333345 0.24333333333333337 76.63333333333334 2.3166666666666669 0.068166666666666695 7.2250000000000005 6.1000000000000005 2.0500000000000003 8.9500000000000011 3.5000000000000004 0.26500000000000007 73.90000000000002 82.63333333333334 0.036666666666666688 82.100000000000009 3.7750000000000004 77.535714285714292 0.018660714285714291 7.7750000000000012 52.500000000000007 1.0000000180025095e-35 0.080000000000000029
decision_type=2 2 2 2 2 2 2 2 2 2 2 2 2 2 2 2 2 2 2 2 2 2 2 2 2 2 2 2 2 2
left_child=1 -1 6 5 -5 -4 -3 8 9 10 12 -12 16 14 15 -13 -2 18 -11 28 21 -9 29 -17 -25 -18 -15 -28 -10 -23
right_child=7 2 3 4 -6 -7 -8 20 19 17 11 13 -14 26 -16 23 25 -19 -20 -21 -22 22 -24 24 -26 -27 27 -29 -30 -31
leaf_value=-2.2777748724183011e-05 0.00035926289903467912 -2.2777748724183011e-05 0.01161320229258881 5.709311980098275e-05 -2.2777748724183011e-05 -2.2777748724183011e-05 -2.2777748724183011e-05 -0.018244888568545014 -0.002869883953130409 0.023697745649820592 -0.030608298752912266 0.01429966769531545 -0.0037604073960850861 -0.019994685001021431 0.13462833104599753 0.16032367421107799 0.017587743242608013 0.013988999309274297 -0.0033644365013667799 -0.016936849043523272 -0.0013165670715387101 0.064475415945319456 -0.021298671536211147 0.0031920176211413425 -0.0049237067113893536 0.0076335808422804859 0.010411202893829657 -0.016260658235287145 0.0090007456712182694 -0.0024822535269973579
leaf_weight=5307 613 288 32 57 211 103 1345 233 66 47 35 56 674 38 41 34 33 40 54 176 4669 70 77 56 151 35 96 54 59 187
leaf_count=5307 613 288 32 57 211 103 1345 233 66 47 35 56 674 38 41 34 33 40 54 176 4669 70 77 56 151 35 96 54 59 187
internal_value=-0.00496502 -0.00983079 -0.00618861 -0.00319479 -0.000186567 -0.00916667 -0.00692743 -0.000260074 0.000667939 0.00111206 0.000652401 0.00282977 -0.000249077 0.00356464 0.00554734 0.00416667 0.00145007 0.00735816 0.00433168 -0.00236711 -0.000677998 -0.00288801 -0.000973054 0.00243776 0.00102657 0.00808824 0 0.00183333 0.0015 0.00111868
internal_weight=14937 7343 2036 403 268 135 1633 7594 2358 2057 1916 561 1355 526 338 297 681 141 101 301 5236 567 334 241 207 68 188 150 125 257
internal_count=14937 7343 2036 403 268 135 1633 7594 2358 2057 1916 561 1355 526 338 297 681 141 101 301 5236 567 334 241 207 68 188 150 125 257
is_linear=0
shrinkage=0.05


Tree=151
num_leaves=31
num_cat=0
split_feature=4 19 23 19 19 19 19 9 4 14 9 11 10 3 10 1 8 1 9 7 7 12 13 26 9 11 9 10 4 0
split_gain=136.406 14.9481 1.80139 2.89592 4.98881 1.93125 1.50622 0.727265 1.04691 1.70772 1.43735 1.46098 1.3703 1.65389 1.66057 2.34268 1.65667 2.28658 1.49431 1.755 1.60421 1.08552 1.07394 1.5151 0.951006 1.13068 1.31163 1.13062 0.984545 1.21486
threshold=1.0000000180025095e-35 46.500000000000007 3.5000000000000004 50.500000000000007 53.500000000000007 48.500000000000007 48.500000000000007 80.225000000000009 75.416666666666671 74.845238095238116 75.450000000000017 0.02894444444444445 6.1339285714285721 7.166666666666667 1.9500000000000002 0.078333333333333324 6.1000000000000005 0.0099999999999999725 79.100000000000009 0.17675000000000005 0.075500000000000025 0.13050000000000003 8.0500000000000025 1.0000000180025095e-35 82.63333333333334 0.0095000000000000032 82.100000000000009 2.0500000000000003 83.833333333333357 3.1666666666666674
decision_type=2 2 2 2 2 2 2 2 2 2 2 2 2 2 2 2 2 2 2 2 2 2 2 2 2 2 2 2 2 2
left_child=1 -1 6 5 -5 -4 -3 8 10 -10 22 -12 13 16 -15 -16 17 -11 19 20 -19 -20 -2 -24 25 -9 27 -27 29 -26
right_child=7 2 3 4 -6 -7 -8 24 9 12 11 -13 -14 14 15 -17 -18 18 21 -21 -22 -23 23 -25 28 26 -28 -29 -30 -31
leaf_value=-2.1638861287973862e-05 -1.889256872212447e-05 -2.1638861287973862e-05 0.011032542177959371 5.4238463810935003e-05 -2.1638861287973862e-05 -2.1638861287973862e-05 -2.1638861287973862e-05 -0.017440291306027356 -0.0075503832107333916 -0.027658820273796909 0.031265942503514881 -0.014633297998088896 -0.018873383041574709 -0.025967955962354877 0.014403221303207354 -0.011398881600368444 0.12747631850269267 0.011993709732190026 -0.014602867093503802 3.2346288098754338e-05 0.10562104963449002 0.063366912879431553 -9.0267634518981243e-05 0.073978502053771988 0.04394697338174669 0.0079902002522703464 -0.020233737959400588 -0.0025460368721969776 -0.0019480993704861671 -0.0012462701894550233
leaf_weight=5307 1204 288 32 57 211 103 1345 92 127 43 36 216 35 37 107 82 38 156 66 60 44 32 41 34 166 30 107 338 4254 249
leaf_count=5307 1204 288 32 57 211 103 1345 92 127 43 36 216 35 37 107 82 38 156 66 60 44 32 41 34 166 30 107 338 4254 249
internal_value=-0.00497171 -0.00983079 -0.00618861 -0.00319479 -0.000186567 -0.00916667 -0.00692743 -0.000273242 0.000455895 0.00188936 -0.000318419 -0.00376984 0.00285714 0.00336466 -0.000110619 0.00178571 0.00515376 0.00420823 0.00551676 0.0075 0.00975 0.000255102 0.000361611 0.00616667 -0.000601604 -0.00253527 -0.00155263 -0.00013587 -0.000366781 0.00195783
internal_weight=14937 7343 2036 403 268 135 1633 7594 2358 827 1531 252 700 665 226 189 439 401 358 260 200 98 1279 75 5236 567 475 368 4669 415
internal_count=14937 7343 2036 403 268 135 1633 7594 2358 827 1531 252 700 665 226 189 439 401 358 260 200 98 1279 75 5236 567 475 368 4669 415
is_linear=0
shrinkage=0.05


Tree=152
num_leaves=31
num_cat=0
split_feature=4 19 23 19 19 19 19 12 7 3 12 4 10 10 7 0 0 7 19 12 14 9 19 9 19 26 3 19 19 19
split_gain=135.655 14.9481 1.80139 2.89592 4.98881 1.93125 1.50622 0.726717 1.17449 1.06134 0.956145 1.49625 1.30248 1.28118 1.05165 1.1334 1.12247 1.08514 1.23694 0.790323 0.757058 1.00343 0.921368 1.66667 0.723982 0.720588 0.698061 0.677713 1.87614 0.702257
threshold=1.0000000180025095e-35 46.500000000000007 3.5000000000000004 50.500000000000007 53.500000000000007 48.500000000000007 48.500000000000007 0.2960000000000001 0.25100000000000006 7.5833333333333348 0.19650000000000004 89.583333333333357 4.0500000000000007 3.5857142857142863 0.17450000000000002 2.5833333333333335 3.5833333333333335 0.16100000000000003 55.500000000000007 0.17316666666666669 89.414285714285725 89.100000000000009 61.500000000000007 82.366666666666688 64.500000000000014 1.0000000180025095e-35 5.8333333333333348 54.500000000000007 57.500000000000007 67.500000000000014
decision_type=2 2 2 2 2 2 2 2 2 2 2 2 2 2 2 2 2 2 2 2 2 2 2 2 2 2 2 2 2 2
left_child=1 -1 6 5 -5 -4 -3 8 10 -10 14 12 13 25 17 19 -17 -2 -19 -16 21 22 23 -18 -9 -12 -14 -8 -29 -30
right_child=7 2 3 4 -6 -7 27 24 9 -11 11 -13 26 -15 15 16 20 18 -20 -21 -22 -23 -24 -25 -26 -27 -28 28 29 -31
leaf_value=-2.0556918223575169e-05 -0.00097061803440731122 -2.0556918223575169e-05 0.010480915069061403 5.1526540620389087e-05 -2.0556918223575169e-05 -2.0556918223575169e-05 -2.0556918223575169e-05 -0.0008406425221925113 -0.027679083959451747 0.0029066625248193034 0.0023363740738526319 -0.031126225685015975 0.27603124472999857 -0.04432514670973467 0.045303438256959462 -0.035506801955721305 -0.0082600783992152049 -0.0076820369326582099 0.079251183667313929 -0.021179487902880767 0.011887729198883368 -0.065515814401655381 -0.038155869743045537 0.11318843332034856 0.02240889920758762 0.0030867934962123841 0.10471951395930519 0.0023414188799491366 -2.0556918223575169e-05 -2.0556918223575169e-05
leaf_weight=5307 6689 288 32 57 211 103 1052 51 120 68 34 62 31 32 31 67 30 47 50 31 33 46 39 30 39 34 30 82 135 76
leaf_count=5307 6689 288 32 57 211 103 1052 51 120 68 34 62 31 32 31 67 30 47 50 31 33 46 39 30 39 34 30 82 135 76
internal_value=-0.0049851 -0.00983079 -0.00618861 -0.00319479 -0.000186567 -0.00916667 -0.00692743 -0.000299579 -0.000353145 -0.00425532 -0.00025287 0.00297085 0.00551242 0.002 -0.000354222 -0.00321661 -0.0047449 -0.000224727 0.00502577 0.00282258 -0.00266854 -0.00422414 -0.00138889 0.0025 0.00416667 0.00588235 0.0112705 -0.00763011 -0.00550341 -0.00799763
internal_weight=14937 7343 2036 403 268 135 1633 7594 7504 188 7316 223 161 100 7093 307 245 6786 97 62 178 145 99 60 90 68 61 1345 293 211
internal_count=14937 7343 2036 403 268 135 1633 7594 7504 188 7316 223 161 100 7093 307 245 6786 97 62 178 145 99 60 90 68 61 1345 293 211
is_linear=0
shrinkage=0.05


Tree=153
num_leaves=31
num_cat=0
split_feature=4 19 23 19 19 19 19 19 19 19 19 23 19 24 17 9 1 3 5 5 11 6 9 11 9 11 10 1 11 11
split_gain=135.468 14.9481 1.80139 2.89592 4.98881 1.93125 1.50622 0.677713 1.87614 0.702257 0.657649 0.65478 0.587854 0.587765 1.63217 0.826687 1.05769 0.816667 0.697998 1.04021 1.41569 0.719204 0.805269 0.769827 0.721216 0.668307 1.44961 1.28077 1.19338 1.88649
threshold=1.0000000180025095e-35 46.500000000000007 3.5000000000000004 50.500000000000007 53.500000000000007 48.500000000000007 48.500000000000007 54.500000000000007 57.500000000000007 67.500000000000014 47.500000000000007 1.5000000000000002 59.500000000000007 4.5000000000000009 7.5000000000000009 76.550000000000011 0.0033333333333333388 6.166666666666667 6.5500000000000007 6.291666666666667 0.13050000000000003 0.55350000000000021 86.700000000000003 0.40050000000000002 73.90000000000002 0.18878571428571431 5.1055555555555561 0.084166666666666681 0.049500000000000016 0.059000000000000011
decision_type=2 2 2 2 2 2 2 2 2 2 2 2 2 2 2 2 2 2 2 2 2 2 2 2 2 2 2 2 2 2
left_child=1 11 6 5 -5 -4 10 -8 -9 12 -3 -1 -10 18 15 -15 -17 -18 19 21 -21 23 -23 25 -25 27 -27 -2 -29 -30
right_child=13 2 3 4 -6 -7 7 8 9 -11 -12 -13 -14 14 -16 16 17 -19 -20 20 -22 22 -24 24 -26 26 -28 28 29 -31
leaf_value=-1.9529072312396409e-05 0.0001209462392587013 -1.9529072312396409e-05 0.0099568693156083313 4.8950213589371576e-05 -1.9529072312396409e-05 -1.9529072312396409e-05 -1.9529072312396409e-05 0.0022243479359516818 -1.9529072312396409e-05 -1.9529072312396409e-05 -1.9529072312396409e-05 -1.9529072312396409e-05 -1.9529072312396409e-05 -0.0089568533495760962 -0.019365882725595186 -0.0031840515363822375 0.072792318144174376 0.0012155020215079805 -0.0077766051619853338 0.11416552348415959 -0.0032757873773081926 0.036015526758210757 -0.0044985114414877615 0.10410830966590663 -0.016403735401645584 0.0069707593132461 -0.0098104883700055323 -0.033562887769358472 0.092108763770620633 -0.003786538062324674
leaf_weight=1095 4263 129 32 57 211 103 1052 82 78 76 159 4212 57 64 181 39 30 30 382 30 34 44 35 32 131 747 182 87 54 1229
leaf_count=1095 4263 129 32 57 211 103 1052 82 78 76 159 4212 57 64 181 39 30 30 382 30 34 44 35 32 131 747 182 87 54 1229
internal_value=-0.00498845 -0.00983079 -0.00618861 -0.00319479 -0.000186567 -0.00916667 -0.00692743 -0.00763011 -0.00550341 -0.00799763 -0.00364583 -0.0112281 -0.00583333 -0.000306163 -0.00232558 0.00130368 0.00416667 0.00833333 -0.000210345 -9.46418e-05 0.00625 -0.000154321 0.00458861 -0.000210037 -0.00360429 -0.000125724 0.00111679 -0.000330641 -0.00166058 -0.00127631
internal_weight=14937 7343 2036 403 268 135 1633 1345 293 211 288 5307 135 7594 344 163 99 60 7250 6868 64 6804 79 6725 163 6562 929 5633 1370 1283
internal_count=14937 7343 2036 403 268 135 1633 1345 293 211 288 5307 135 7594 344 163 99 60 7250 6868 64 6804 79 6725 163 6562 929 5633 1370 1283
is_linear=0
shrinkage=0.05


Tree=154
num_leaves=31
num_cat=0
split_feature=4 19 23 19 19 19 19 11 3 0 17 19 13 11 19 19 19 19 23 7 12 12 15 1 3 10 24 7 3 1
split_gain=135.468 14.9481 1.80139 2.89592 4.98881 1.93125 1.50622 0.730548 0.927931 1.04306 1.42834 0.882987 0.876587 0.832491 0.677713 1.87614 0.702257 0.657649 0.65478 0.645711 1.47878 1.22133 1.13557 1.01629 0.920202 0.888272 0.860105 0.813815 0.867857 0.823465
threshold=1.0000000180025095e-35 46.500000000000007 3.5000000000000004 50.500000000000007 53.500000000000007 48.500000000000007 48.500000000000007 0.37021428571428577 4.5833333333333348 4.166666666666667 9.5000000000000018 73.500000000000014 3.3666666666666671 0.35633333333333345 54.500000000000007 57.500000000000007 67.500000000000014 47.500000000000007 1.5000000000000002 0.0077500000000000025 0.0010555555555555559 0.011833333333333336 2.5000000000000004 0.2083333333333334 10.833333333333334 7.354166666666667 1.5000000000000002 0.018000000000000019 7.416666666666667 0.013333333333333341
decision_type=2 2 2 2 2 2 2 2 2 2 2 2 2 2 2 2 2 2 2 2 2 2 2 2 2 2 2 2 2 2
left_child=1 18 6 5 -5 -4 17 13 9 12 -11 -10 -9 19 -8 -16 -17 -3 -1 20 -2 -21 23 27 -22 26 -24 28 -23 -29
right_child=7 2 3 4 -6 -7 14 8 11 10 -12 -13 -14 -15 15 16 -18 -19 -20 21 24 22 25 -25 -26 -27 -28 29 -30 -31
leaf_value=-1.8552618696776589e-05 -0.0029529688064113824 -1.8552618696776589e-05 0.0094590258498279123 4.6502702909900773e-05 -1.8552618696776589e-05 -1.8552618696776589e-05 -1.8552618696776589e-05 -0.015583548631563304 -0.02522283115986465 0.020095583157430409 -0.0167428318427148 0.052448667124316374 0.023039213557096719 0.030285038801945996 0.0021131305391540955 -1.8552618696776589e-05 -1.8552618696776589e-05 -1.8552618696776589e-05 -1.8552618696776589e-05 -0.0074593369372886638 0.012096026895074675 6.2758943107682483e-05 0.03694683931711893 0.0027697378840823659 0.066542797863073183 0.017115968899149448 -0.0020014152319393574 0.0032711553182925347 -0.026577761094574028 0.00048922541098106735
leaf_weight=1095 506 129 32 57 211 103 1052 84 119 57 60 31 36 35 82 135 76 159 4212 445 517 30 246 47 32 32 4710 152 40 415
leaf_count=1095 506 129 32 57 211 103 1052 84 119 57 60 31 36 35 82 135 76 159 4212 445 517 30 246 47 32 32 4710 152 40 415
internal_value=-0.00498845 -0.00983079 -0.00618861 -0.00319479 -0.000186567 -0.00916667 -0.00692743 -0.000306163 -0.00242248 -0.000474684 0.00288462 -0.0055 -0.00375 -0.000192521 -0.00763011 -0.00550341 -0.00799763 -0.00364583 -0.0112281 -0.000230061 0.000912322 -0.000427088 -0.000229196 0.00168129 0.00270947 -0.000491179 -0.000544794 0.00115777 -0.00392857 0.00178571
internal_weight=14937 7343 2036 403 268 135 1633 7594 387 237 117 150 120 7207 1345 293 211 288 5307 7172 1055 6117 5672 684 549 4988 4956 637 70 567
internal_count=14937 7343 2036 403 268 135 1633 7594 387 237 117 150 120 7207 1345 293 211 288 5307 7172 1055 6117 5672 684 549 4988 4956 637 70 567
is_linear=0
shrinkage=0.05


Tree=155
num_leaves=31
num_cat=0
split_feature=4 19 19 23 19 19 19 19 19 12 19 19 6 14 14 10 14 9 14 3 14 6 19 2 2 9 13 24 10 6
split_gain=127.448 15.9806 1.68016 2.75238 4.27743 2.2042 1.2954 2.10341 1.46966 1.22362 1.09185 1.07322 1.0135 1.5318 1.5469 1.17098 1.45453 1.57407 1.24473 1.2118 1.16661 1.40782 1.21421 1.49525 2.12413 1.15823 1.76819 1.1393 1.17557 1.01959
threshold=1.0000000180025095e-35 45.500000000000007 50.500000000000007 3.5000000000000004 53.500000000000007 48.500000000000007 67.500000000000014 54.500000000000007 51.500000000000007 0.2960000000000001 59.500000000000007 57.500000000000007 0.17700000000000002 77.683333333333351 79.828571428571436 5.7071428571428582 78.683333333333351 77.90000000000002 80.050000000000011 6.166666666666667 87.133928571428584 0.19633333333333339 82.000000000000014 0.11833333333333333 0.029999999999999978 77.100000000000009 7.4722222222222232 4.5000000000000009 1.1000000000000003 0.3010000000000001
decision_type=2 2 2 2 2 2 2 2 2 2 2 2 2 2 2 2 2 2 2 2 2 2 2 2 2 2 2 2 2 2
left_child=1 -1 5 6 -5 -3 7 8 -4 12 -6 -9 13 25 -15 16 19 -18 -19 -14 21 -20 23 24 -23 -2 -27 28 -16 -25
right_child=9 2 3 4 10 -7 -8 11 -10 -11 -12 -13 15 14 27 -17 17 18 20 -21 -22 22 -24 29 -26 26 -28 -29 -30 -31
leaf_value=-1.7624987761937757e-05 0.00070938297066800999 -1.7624987761937757e-05 0.029135136925615281 4.4177567764402964e-05 0.0012135603467279211 -1.7624987761937757e-05 -1.7624987761937757e-05 0.0020074740121963919 -1.7624987761937757e-05 0.0052600749797297938 -1.7624987761937757e-05 -1.7624987761937757e-05 -0.0060812610230313261 -0.0090859360223473126 -0.0064990316936973137 -0.0055899147784396466 0.14025771689282335 0.036938443990777219 -0.039483602384140989 -0.02244003568189358 0.0056493776306934251 0.027079835158255808 -0.051109019836736172 0.10411199394301107 -0.026441219849607268 0.076398020953862347 -0.0010863441696981723 -0.0071552035747161624 -0.00080368579973558738 0.020206189544224529
leaf_weight=5313 1137 344 46 57 76 793 71 89 304 100 128 141 461 382 69 290 40 44 63 50 277 88 55 31 120 54 37 197 4031 37
leaf_count=5313 1137 344 46 57 76 793 71 89 304 100 128 141 461 382 69 290 40 44 63 50 277 88 55 31 120 54 37 197 4031 37
internal_value=-0.00505276 -0.00973581 -0.00598463 -0.00438596 -4.78927e-05 -0.00726693 -0.00612519 -0.00534483 -0.00778571 -0.000494182 -0.00343137 -0.00163043 -0.000567801 -0.000268749 -0.000681235 -0.00170308 -0.0010466 0.000347682 -0.000192308 -0.00310665 -0.000726528 -0.00247462 -0.00117069 0.000181159 -0.00192308 0.00130293 0.00673077 -0.00041017 -0.000231707 0.00661765
internal_weight=14925 7362 2049 912 261 1137 651 580 350 7563 204 230 7463 5907 4679 1556 1266 755 715 511 671 394 331 276 208 1228 91 4297 4100 68
internal_count=14925 7362 2049 912 261 1137 651 580 350 7563 204 230 7463 5907 4679 1556 1266 755 715 511 671 394 331 276 208 1228 91 4297 4100 68
is_linear=0
shrinkage=0.05


Tree=156
num_leaves=31
num_cat=0
split_feature=4 23 12 1 10 1 14 14 14 23 1 1 2 3 14 23 7 14 14 10 8 12 12 6 6 6 12 17 2 11
split_gain=128.361 4.3269 1.20894 1.20277 1.2117 1.19065 1.1863 1.17451 1.61722 1.17333 0.986302 1.06329 0.973219 0.982204 1.19279 0.940111 0.897759 0.882923 1.1329 0.98841 2.50502 1.06069 1.31244 1.07995 1.32797 1.26745 1.05736 0.99208 0.978329 1.13478
threshold=1.0000000180025095e-35 2.5000000000000004 0.2960000000000001 0.2950000000000001 5.2361111111111116 0.27666666666666678 86.472222222222243 77.183333333333351 73.585714285714303 3.5000000000000004 0.32833333333333342 0.37000000000000005 0.015833333333333328 3.5833333333333335 82.414285714285725 1.5000000000000002 0.065500000000000017 76.527777777777786 76.050000000000011 1.6458333333333337 7.7083333333333348 0.11050000000000001 0.10873015873015875 0.26900000000000007 0.32100000000000006 0.2429166666666667 0.12211111111111114 8.5000000000000018 0.053333333333333344 0.026125000000000006
decision_type=2 2 2 2 2 2 2 2 2 2 2 2 2 2 2 2 2 2 2 2 2 2 2 2 2 2 2 2 2 2
left_child=1 15 3 5 7 17 -7 8 -5 -3 -9 -12 -13 -14 -15 -1 -6 18 -2 20 -19 22 23 25 -25 28 27 -23 -21 -30
right_child=2 9 -4 4 16 6 -8 10 -10 -11 11 12 13 14 -16 -17 -18 19 -20 21 -22 26 -24 24 -26 -27 -28 -29 29 -31
leaf_value=-1.6743738373840869e-05 0.00034154204195961381 -1.6743738373840869e-05 0.0049970712307433043 0.0010809260485057288 -0.00061425414812389667 0.015501504663514585 -0.021118211700392533 -0.030636556680889472 -0.014500308148833574 -1.6743738373840869e-05 0.089315714634204124 0.031944541633132983 -0.036864064245467301 0.10730402938865287 -0.012830810461373555 -1.6743738373840869e-05 -0.010747171233172887 -0.0075255645545637241 0.010343711070551842 -0.0019987480015006831 0.018543707641934987 0.0047745292468587726 0.02745010089318525 -0.034643790470008366 0.026521057239086578 0.089135790864540376 -0.0032294408492741125 -0.032292154298675824 0.014723542795348172 0.00056612425662086051
leaf_weight=1165 1215 3286 100 72 106 56 30 73 99 846 49 46 42 32 77 2065 154 224 57 2885 32 53 31 74 55 46 807 152 278 718
leaf_count=1165 1215 3286 100 72 106 56 30 73 99 846 49 46 42 32 77 2065 154 224 57 2885 32 53 31 74 55 46 807 152 278 718
internal_value=-0.00503601 -0.00973581 -0.000461127 -0.000534303 -0.00243333 -0.000322136 0.00552326 -0.000969388 -0.00431287 -0.00866409 0.000822884 0.0023374 0.00069797 -0.00124172 0.00126147 -0.0111068 -0.00519231 -0.000397993 0.000786164 -0.000679272 -0.00371094 -0.000527064 -0.000168216 -0.000246548 -0.00474806 -9.86758e-05 -0.00197628 -0.00518293 -0.00019647 0.00115462
internal_weight=14925 7362 7563 7463 750 6713 86 490 171 4132 319 246 197 151 109 3230 260 6627 1272 5355 256 5099 4087 4056 129 3927 1012 205 3881 996
internal_count=14925 7362 7563 7463 750 6713 86 490 171 4132 319 246 197 151 109 3230 260 6627 1272 5355 256 5099 4087 4056 129 3927 1012 205 3881 996
is_linear=0
shrinkage=0.05


Tree=157
num_leaves=31
num_cat=0
split_feature=4 19 19 23 19 19 19 19 19 19 19 4 24 23 6 11 14 11 6 11 14 14 9 6 24 10 5 3 9 4
split_gain=126.175 15.9806 1.68016 2.75238 4.27743 2.2042 1.2954 2.10341 1.46966 1.09185 1.07322 0.896876 0.82296 0.708091 0.675069 1.42829 1.62193 2.3732 1.12497 1.02351 0.967909 1.51178 1.08285 1.02027 0.93577 1.15452 0.862114 2.1338 0.829631 0.823129
threshold=1.0000000180025095e-35 45.500000000000007 50.500000000000007 3.5000000000000004 53.500000000000007 48.500000000000007 67.500000000000014 54.500000000000007 51.500000000000007 59.500000000000007 57.500000000000007 60.250000000000007 2.7500000000000004 3.5000000000000004 0.17700000000000002 0.17316666666666672 87.881944444444457 0.15725000000000003 0.17225000000000004 0.18050000000000002 77.683333333333351 79.828571428571436 77.100000000000009 0.017749999999999991 4.5000000000000009 1.1000000000000003 3.1000000000000005 9.1666666666666696 78.90000000000002 86.166666666666671
decision_type=2 2 2 2 2 2 2 2 2 2 2 2 2 2 2 2 2 2 2 2 2 2 2 2 2 2 2 2 2 2
left_child=1 -1 5 6 -5 -3 7 8 -4 -6 -9 -2 -10 -7 18 16 -16 -18 20 -17 22 26 -13 -24 25 -23 -22 -28 -25 -26
right_child=11 2 3 4 9 13 -8 10 12 -11 -12 14 -14 -15 15 19 17 -19 -20 -21 21 24 23 28 29 -27 27 -29 -30 -31
leaf_value=-1.5906551455148828e-05 0.016580698944348906 -1.5906551455148828e-05 0.027679217266253199 4.2805876294871316e-05 0.0011537195163102143 -1.5906551455148828e-05 -1.5906551455148828e-05 0.0019079374985052633 -1.5906551455148828e-05 -1.5906551455148828e-05 -1.5906551455148828e-05 0.0002890544063611167 -1.5906551455148828e-05 -1.5906551455148828e-05 -0.020802593251609276 0.04643117594402435 0.059227409480687158 -0.04379713124271193 0.0046230024354106669 -0.0034700545132355155 -0.01471696737379451 -0.0057978018812842617 -0.0020207693019612645 0.10052582163949908 0.0013910001693335228 -0.00068641960115438112 -0.010510168094101026 0.046251945317531108 0.019694462880295863 -0.011522817981784395
leaf_weight=5313 32 344 46 57 76 686 71 89 56 128 141 1123 248 107 106 35 50 32 48 1358 233 69 32 35 49 4026 115 39 34 147
leaf_count=5313 32 344 46 57 76 686 71 89 56 128 141 1123 248 107 106 35 50 32 48 1358 233 69 32 35 49 4026 115 39 34 147
internal_value=-0.00507621 -0.00973581 -0.00598463 -0.00438596 -4.78927e-05 -0.00726693 -0.00612519 -0.00534483 -0.00778571 -0.00343137 -0.00163043 -0.00054046 -0.00904605 -0.0087169 -0.000575953 -0.00149431 -0.00558511 -0.000304878 -0.000331933 -0.000942211 -0.000393934 -0.000721462 0.000857843 0.00581683 -0.000451526 -0.000289988 -0.00371447 -0.000811688 0.00923913 -0.00382653
internal_weight=14925 7362 2049 912 261 1137 651 580 350 204 230 7563 304 793 7531 1581 188 82 5950 1393 5902 4678 1224 101 4291 4095 387 154 69 196
internal_count=14925 7362 2049 912 261 1137 651 580 350 204 230 7563 304 793 7531 1581 188 82 5950 1393 5902 4678 1224 101 4291 4095 387 154 69 196
is_linear=0
shrinkage=0.05


Tree=158
num_leaves=31
num_cat=0
split_feature=4 23 23 23 4 12 6 12 7 2 12 4 12 1 6 3 5 13 10 12 11 9 3 11 1 8 13 0 13 0
split_gain=126.719 4.3269 1.17333 0.940111 0.892622 0.666912 1.42234 0.788276 1.49639 1.64492 1.1613 1.13617 1.36202 1.3313 1.51522 1.2294 1.93386 1.65106 1.37061 1.28903 1.12339 1.37575 2.56342 1.70683 1.30039 1.24189 1.13499 1.0346 1.29219 1.39987
threshold=1.0000000180025095e-35 2.5000000000000004 3.5000000000000004 1.5000000000000002 60.250000000000007 0.2960000000000001 0.06900000000000002 0.10211111111111114 0.052250000000000012 0.056666666666666692 0.086125000000000021 74.583333333333357 0.14236111111111113 0.065833333333333341 0.46300000000000002 4.8333333333333348 3.9000000000000004 9.0500000000000025 3.9500000000000006 0.19050000000000003 0.029500000000000002 89.550000000000011 10.833333333333334 0.044722222222222233 0.050000000000000024 6.2250000000000005 7.1833333333333345 1.5833333333333337 6.8452380952380958 1.1666666666666667
decision_type=2 2 2 2 2 2 2 2 2 2 2 2 2 2 2 2 2 2 2 2 2 2 2 2 2 2 2 2 2 2
left_child=1 3 -3 -1 -2 7 -7 8 9 10 27 12 -9 20 15 18 -17 -18 -15 -19 -13 23 26 25 -25 -22 -23 28 -6 -30
right_child=4 2 -4 -5 5 6 -8 11 -10 -11 -12 13 -14 14 -16 16 17 19 -20 -21 21 22 -24 24 -26 -27 -28 -29 29 -31
leaf_value=-1.5111223882391384e-05 0.01575166399713146 -1.5111223882391384e-05 -1.5111223882391384e-05 -1.5111223882391384e-05 -0.0065635389739213679 -0.00020227957466242288 0.059678437849755121 0.041652253434871334 0.0010731564028617191 -0.018750225233490805 0.041276288853429405 -0.014541347307653753 -0.0030543573581207854 0.10991290180845192 0.086515058602891465 -0.016079369610256088 -0.022654141272642037 0.04387643766288736 -0.006982736094203224 -0.026290084737621667 0.00058375914665907973 0.048660124846881696 -0.025200314775264899 -0.014704065938990974 0.0052879548637160935 0.052855674808931066 0.095609979962238661 -0.00093829997237254714 0.074077863218860091 -0.024486355617922576
leaf_weight=1165 32 3286 846 2065 316 56 44 45 1565 163 33 213 128 38 33 265 309 59 114 36 53 40 31 146 33 31 39 3583 56 102
leaf_count=1165 32 3286 846 2065 316 56 44 45 1565 163 33 213 128 38 33 265 309 59 114 36 53 40 31 146 33 31 39 3583 56 102
internal_value=-0.00506616 -0.00973581 -0.00866409 -0.0111068 -0.000520627 -0.000556035 0.0035 -0.000610618 -0.000339464 -0.000825888 -0.000629584 -0.00158865 0.00223988 -0.00204861 -0.00330796 -0.00373021 -0.00465247 -0.00247525 0.000328947 0.00328947 -0.000213311 0.00144102 0.00613636 -0.000522814 -0.00328212 0.00535714 0.0109177 -0.000705571 -0.00290084 0.000791139
internal_weight=14925 7362 4132 3230 7563 7531 100 7431 5818 4253 4090 1613 173 1440 854 821 669 404 152 95 586 373 110 263 179 84 79 4057 474 158
internal_count=14925 7362 4132 3230 7563 7531 100 7431 5818 4253 4090 1613 173 1440 854 821 669 404 152 95 586 373 110 263 179 84 79 4057 474 158
is_linear=0
shrinkage=0.05


Tree=159
num_leaves=31
num_cat=0
split_feature=9 19 19 23 19 19 19 19 19 19 19 12 12 7 2 1 10 13 12 19 12 11 19 5 10 6 14 13 1 13
split_gain=125.088 15.9806 1.68016 2.75238 4.27743 2.2042 1.2954 2.10341 1.46966 1.09185 1.07322 1.01559 1.49162 1.24756 1.33044 1.16237 1.11593 1.41425 1.17818 1.02733 1.67535 1.07147 1.00519 0.985542 0.864427 1.34673 1.54519 0.998669 2.30874 1.26485
threshold=1.0000000180025095e-35 45.500000000000007 50.500000000000007 3.5000000000000004 53.500000000000007 48.500000000000007 67.500000000000014 54.500000000000007 51.500000000000007 59.500000000000007 57.500000000000007 0.10211111111111114 0.12211111111111114 0.052250000000000012 0.056666666666666692 0.25166666666666676 4.1339285714285721 5.8944444444444457 0.11200000000000002 68.500000000000014 0.087071428571428591 0.28050000000000008 54.500000000000007 6.5500000000000007 1.6833333333333336 0.017749999999999991 84.527777777777786 10.050000000000002 0.035833333333333349 7.9500000000000011
decision_type=2 2 2 2 2 2 2 2 2 2 2 2 2 2 2 2 2 2 2 2 2 2 2 2 2 2 2 2 2 2
left_child=1 -1 5 6 -5 -3 7 8 -4 -6 -9 13 15 14 -2 16 17 -13 -18 23 21 -21 -19 24 -15 26 -26 29 -29 -27
right_child=11 2 3 4 9 -7 -8 10 -10 -11 -12 12 -14 19 -16 -17 18 22 -20 20 -22 -23 -24 -25 25 27 -28 28 -30 -31
leaf_value=-1.4355662688271814e-05 -0.0014025112625604354 -1.4355662688271814e-05 0.026296011964134659 4.142114367424732e-05 0.001096789101688822 -1.4355662688271814e-05 -1.4355662688271814e-05 0.0018132961847741214 -1.4355662688271814e-05 -1.4355662688271814e-05 -1.4355662688271814e-05 0.00028493575521964523 -0.0014511912882398726 -0.014943498209048623 -0.017812713971816264 -0.028106424335904712 0.052702704927724268 -0.0094923838024473465 -0.015842887196961454 -0.01743093211462058 0.12704865284871628 0.11503576713661001 -0.037423052916536519 -0.021681398537516029 0.11418512428501736 -0.00021141333760512084 0.015615704598110347 -0.052363398268030673 0.0044132460910521641 0.033363740335058976
leaf_weight=5313 4111 344 46 57 76 793 71 89 304 128 141 89 1285 60 163 75 45 113 55 31 40 46 61 69 48 662 203 80 104 223
leaf_count=5313 4111 344 46 57 76 793 71 89 304 128 141 89 1285 60 163 75 45 113 55 31 40 46 61 69 48 662 203 80 104 223
internal_value=-0.00509631 -0.00973581 -0.00598463 -0.00438596 -4.78927e-05 -0.00726693 -0.00612519 -0.00534483 -0.00778571 -0.00343137 -0.00163043 -0.000580127 -0.00164684 -0.000265411 -0.000707768 -0.00416667 -0.00299587 -0.00470532 0.0015 0.00094189 0.00544872 0.00113636 -0.00732759 0.000577985 0.000869565 0.00113636 0.00443227 0.000362488 -0.00298913 0.00105932
internal_weight=14925 7362 2049 912 261 1137 651 580 350 204 230 7563 1723 5840 4274 438 363 263 100 1566 117 77 174 1449 1380 1320 251 1069 184 885
internal_count=14925 7362 2049 912 261 1137 651 580 350 204 230 7563 1723 5840 4274 438 363 263 100 1566 117 77 174 1449 1380 1320 251 1069 184 885
is_linear=0
shrinkage=0.05


Tree=160
num_leaves=31
num_cat=0
split_feature=4 19 19 23 19 19 19 19 19 19 11 12 0 26 7 12 19 14 0 7 10 11 2 7 0 12 19 9 16 2
split_gain=123.848 15.8337 1.71331 2.37918 4.36791 1.97893 1.043 1.82897 1.69183 1.0751 0.951574 0.776691 2.31007 2.48529 1.64591 2.31183 1.33547 1.14965 0.985766 1.08206 0.927616 1.67656 1.02499 1.1582 1.75049 0.974461 1.32811 1.74775 2.29244 1.08382
threshold=1.0000000180025095e-35 45.500000000000007 50.500000000000007 3.5000000000000004 53.500000000000007 48.500000000000007 67.500000000000014 54.500000000000007 57.500000000000007 51.500000000000007 0.08316666666666668 0.13612500000000002 2.1666666666666674 1.0000000180025095e-35 0.12400000000000003 0.11050000000000001 47.500000000000007 88.292857142857159 6.5833333333333348 0.11633333333333336 2.1055555555555561 0.055277777777777787 0.0033333333333333327 0.0036666666666666683 3.5833333333333335 0.082111111111111121 47.500000000000007 72.100000000000009 3.5000000000000004 0.045833333333333344
decision_type=2 2 2 2 2 2 2 2 2 2 2 2 2 2 2 2 2 2 2 2 2 2 2 2 2 2 2 2 2 2
left_child=1 -1 5 6 -5 -3 7 9 -9 -4 11 14 13 -13 18 16 -16 -14 19 20 21 25 -22 24 -24 26 29 -28 -29 -2
right_child=10 2 3 4 -6 -7 -8 8 -10 -11 -12 12 17 -15 15 -17 -18 -19 -20 -21 22 -23 23 -25 -26 -27 27 28 -30 -31
leaf_value=-1.3637879553858225e-05 -0.010182849708189338 -1.3637879553858225e-05 -0.011592654941809447 3.9350086490536068e-05 -1.3637879553858225e-05 -1.3637879553858225e-05 -1.3637879553858225e-05 0.0017226313755354162 -1.3637879553858225e-05 -1.3637879553858225e-05 -0.0031692511470048481 0.00021937007433167345 -0.0019093706395016065 0.034361073828175694 -0.015947403004430007 -0.022228961950887968 0.079670072609048792 0.016082621770244779 -0.020649728692810378 0.061562132418243688 -0.0062727804911569332 0.06156482087991149 0.040839987860428154 0.00064550668692836826 -0.0012462321494123964 -0.0087164360962334597 -0.0038688665411775072 0.025341516143952737 -0.0004880662642957945 0.040832016074647801
leaf_weight=5208 426 342 46 61 210 793 71 83 155 306 3156 34 303 34 31 154 36 80 130 60 414 51 37 2387 35 86 85 33 40 44
leaf_count=5208 426 342 46 61 210 793 71 83 155 306 3156 34 303 34 31 154 36 80 130 60 414 51 37 2387 35 86 85 33 40 44
internal_value=-0.0050725 -0.00974399 -0.00604136 -0.00445279 -0.00050738 -0.00734581 -0.00607035 -0.00538136 -0.0019958 -0.00767045 -0.00063349 -0.000166667 0.00180155 0.0102941 -0.000385898 -0.00458145 0.00317164 0.000293734 -0.000143678 6.76041e-06 -0.000103079 -0.00165033 0.000308911 0.000696421 0.00694444 -0.00227591 -0.00159236 0.00237342 0.00804795 -0.00292553
internal_weight=14931 7275 2067 932 271 1135 661 590 238 352 7656 4500 451 68 4049 221 67 383 3828 3698 3638 765 2873 2459 72 714 628 158 73 470
internal_count=14931 7275 2067 932 271 1135 661 590 238 352 7656 4500 451 68 4049 221 67 383 3828 3698 3638 765 2873 2459 72 714 628 158 73 470
is_linear=0
shrinkage=0.05


Tree=161
num_leaves=31
num_cat=0
split_feature=4 19 19 23 19 19 19 19 19 19 5 2 11 14 2 23 14 3 23 14 19 23 17 3 24 4 0 19 23 11
split_gain=124.204 15.8337 1.71331 2.37918 4.36791 1.97893 1.043 1.82897 1.69183 1.0751 0.766191 0.761112 1.56762 2.11976 0.852352 1.0386 1.17293 0.828455 0.754395 0.720614 0.863292 0.688619 0.664742 1.14596 0.995972 1.79871 0.997984 0.752221 1.52497 1.7042
threshold=1.0000000180025095e-35 45.500000000000007 50.500000000000007 3.5000000000000004 53.500000000000007 48.500000000000007 67.500000000000014 54.500000000000007 57.500000000000007 51.500000000000007 6.6333333333333337 0.16583333333333336 0.257888888888889 82.211111111111123 0.11500000000000003 2.5000000000000004 86.472222222222243 9.5833333333333339 3.5000000000000004 66.550000000000011 61.500000000000007 1.5000000000000002 4.5000000000000009 3.1666666666666674 2.2500000000000004 79.833333333333357 3.5833333333333335 43.500000000000007 2.5000000000000004 0.032111111111111125
decision_type=2 2 2 2 2 2 2 2 2 2 2 2 2 2 2 2 2 2 2 2 2 2 2 2 2 2 2 2 2 2
left_child=1 21 5 6 -5 -3 7 9 -9 -4 19 14 13 -13 15 17 -17 -12 -7 20 -2 -1 23 -21 25 -25 -27 -24 29 -29
right_child=10 2 3 4 -6 18 -8 8 -10 -11 11 12 -14 -15 -16 16 -18 -19 -20 22 -22 -23 27 24 -26 26 -28 28 -30 -31
leaf_value=-1.2955985576165312e-05 -0.00062468419155916612 -1.2955985576165312e-05 -0.011013022194718974 3.7382582166006763e-05 -1.2955985576165312e-05 -1.2955985576165312e-05 -1.2955985576165312e-05 0.0016364998067586456 -1.2955985576165312e-05 -1.2955985576165312e-05 -0.02627504119844894 -0.00069819176576273461 -0.064373700254547181 0.073158172208460479 -0.029883317080483335 0.010943049031764974 -0.021948927661819398 0.020030636405696103 -1.2955985576165312e-05 -0.0046004667899864913 -0.0063644855708796522 -1.2955985576165312e-05 -0.0060098418846776802 0.011021081221928087 0.0010017272168120622 -0.012556354561594646 -0.0079462061066486508 -0.0028802526896240244 -0.0031895981276245386 0.02906947571829295
leaf_weight=1108 226 342 46 61 210 680 71 83 155 306 100 40 39 31 47 47 40 33 113 386 39 4100 781 108 1206 80 44 899 2761 749
leaf_count=1108 226 342 46 61 210 680 71 83 155 306 100 40 39 31 47 47 40 33 113 386 39 4100 781 108 1206 80 44 899 2761 749
internal_value=-0.0050658 -0.00974399 -0.00604136 -0.00445279 -0.00050738 -0.00734581 -0.00607035 -0.00538136 -0.0019958 -0.00767045 -0.000620428 -0.0028183 0.000681818 0.00510563 -0.0042603 -0.00295455 0.0012931 -0.00573308 -0.0087169 -0.000506594 -0.00306604 -0.0112135 -0.000409894 0.000411184 0.0010605 -0.00193966 -0.00604839 -0.000698459 -0.000445112 0.000758495
internal_weight=14931 7275 2067 932 271 1135 661 590 238 352 7656 377 110 71 267 220 87 133 793 7279 265 5208 7014 1824 1438 232 124 5190 4409 1648
internal_count=14931 7275 2067 932 271 1135 661 590 238 352 7656 377 110 71 267 220 87 133 793 7279 265 5208 7014 1824 1438 232 124 5190 4409 1648
is_linear=0
shrinkage=0.05


Tree=162
num_leaves=31
num_cat=0
split_feature=4 19 19 23 19 19 19 19 19 19 23 11 10 11 1 10 12 7 12 11 14 14 19 4 13 12 7 11 7 24
split_gain=123.139 15.8337 1.71331 2.37918 4.36791 1.97893 1.043 1.82897 1.69183 1.0751 0.754395 0.75264 0.848842 0.784898 1.5294 0.827209 1.97452 1.08165 1.95394 1.60636 1.1873 1.32263 1.13653 1.26973 0.921569 0.759457 0.748007 1.27121 0.696203 0.941304
threshold=1.0000000180025095e-35 45.500000000000007 50.500000000000007 3.5000000000000004 53.500000000000007 48.500000000000007 67.500000000000014 54.500000000000007 57.500000000000007 51.500000000000007 3.5000000000000004 0.08316666666666668 7.5277777777777786 0.16887500000000003 0.2916666666666668 5.7071428571428582 0.042678571428571441 0.075500000000000025 0.06950000000000002 0.37021428571428577 89.183333333333351 87.950000000000017 64.500000000000014 81.833333333333357 7.8819444444444455 0.14050000000000004 0.21633333333333338 0.59757142857142875 0.26500000000000007 3.7500000000000004
decision_type=2 2 2 2 2 2 2 2 2 2 2 2 2 2 2 2 2 2 2 2 2 2 2 2 2 2 2 2 2 2
left_child=1 -1 5 6 -5 -3 7 9 -9 -4 -7 -2 13 14 -13 17 -17 20 -19 22 21 24 28 -24 -15 -25 27 -18 29 -20
right_child=11 2 3 4 -6 10 -8 8 -10 -11 -12 12 -14 15 -16 16 26 18 19 -21 -22 -23 23 25 -26 -27 -28 -29 -30 -31
leaf_value=-1.2308186297357047e-05 -0.0005358752828806268 -1.2308186297357047e-05 -0.010462371084983026 3.5513453057706149e-05 -1.2308186297357047e-05 -1.2308186297357047e-05 -1.2308186297357047e-05 0.0015546748164207147 -1.2308186297357047e-05 -1.2308186297357047e-05 -1.2308186297357047e-05 -0.0046301689360357208 0.013893641218078423 -0.0018508702057810746 -0.017025656666737252 0.066329321142940115 -0.026680819323933465 0.12217140175532114 0.028663530684243724 -0.022859609536810561 0.044809392081662139 -0.045940816171251606 0.11157682247086474 0.093003054889194831 -0.065541382513821911 -0.0032015449134080165 0.00086546643876537219 -4.9231998204205597e-05 -0.030822214677733269 -0.010492558120867536
leaf_weight=5208 4500 342 46 61 210 680 71 83 155 306 113 1456 58 717 60 42 118 30 146 74 82 36 41 53 33 64 37 42 34 33
leaf_count=5208 4500 342 46 61 210 680 71 83 155 306 113 1456 58 717 60 42 118 30 146 74 82 36 41 53 33 64 37 42 34 33
internal_value=-0.0050859 -0.00974399 -0.00604136 -0.00445279 -0.00050738 -0.00734581 -0.00607035 -0.00538136 -0.0019958 -0.00767045 -0.0087169 -0.000659613 -0.00125158 -0.00136378 -0.00217678 -0.000584703 -0.00329498 -0.000102383 0.00181579 0.000983146 -0.00115207 -0.00174936 0.0023248 0.00553797 -0.0013 0.00288462 -0.0053934 -0.006875 -5.86854e-05 0.00118715
internal_weight=14931 7275 2067 932 271 1135 661 590 238 352 793 7656 3156 3098 1516 1582 239 1343 475 445 868 786 371 158 750 117 197 160 213 179
internal_count=14931 7275 2067 932 271 1135 661 590 238 352 793 7656 3156 3098 1516 1582 239 1343 475 445 868 786 371 158 750 117 197 160 213 179
is_linear=0
shrinkage=0.05


Tree=163
num_leaves=31
num_cat=0
split_feature=4 19 19 23 19 19 19 19 19 19 5 2 14 8 3 23 14 19 24 19 12 10 17 13 2 17 24 10 16 0
split_gain=123.139 15.8337 1.71331 2.37918 4.36791 1.97893 1.043 1.82897 1.69183 1.0751 0.832724 1.55094 1.45606 0.867614 1.24587 0.754395 0.701404 0.863292 0.69273 1.44659 1.55326 1.04942 1.25371 0.972426 0.786408 1.36186 1.33523 1.01992 0.971511 1.23814
threshold=1.0000000180025095e-35 45.500000000000007 50.500000000000007 3.5000000000000004 53.500000000000007 48.500000000000007 67.500000000000014 54.500000000000007 57.500000000000007 51.500000000000007 6.6333333333333337 0.16583333333333336 86.950000000000017 8.9000000000000021 5.416666666666667 3.5000000000000004 66.550000000000011 61.500000000000007 4.5000000000000009 49.500000000000007 0.041547619047619055 3.4142857142857146 9.5000000000000018 6.2111111111111121 0.0033333333333333327 6.5000000000000009 2.7500000000000004 4.0500000000000007 4.5000000000000009 1.8333333333333337
decision_type=2 2 2 2 2 2 2 2 2 2 2 2 2 2 2 2 2 2 2 2 2 2 2 2 2 2 2 2 2 2
left_child=1 -1 5 6 -5 -3 7 9 -9 -4 16 13 -13 14 -12 -7 17 -2 24 21 -21 22 23 -20 25 -18 -27 -28 29 -26
right_child=10 2 3 4 -6 15 -8 8 -10 -11 11 12 -14 -15 -16 -17 18 -19 19 20 -22 -23 -24 -25 28 26 27 -29 -30 -31
leaf_value=-1.1692776982489194e-05 -0.00056665621783718039 -1.1692776982489194e-05 -0.0099392525307338761 3.3737780404818898e-05 -1.1692776982489194e-05 -1.1692776982489194e-05 -1.1692776982489194e-05 0.0014769410755996804 -1.1692776982489194e-05 -1.1692776982489194e-05 -0.0041147166860008967 -0.0023831615587546623 0.0203582729120125 -0.0012849059464859148 -0.025346778357736795 -1.1692776982489194e-05 -0.0056748928928719525 -0.0060194675281916472 -0.0037764007790199064 0.010138663309229003 -0.0046300410550606493 -0.028324485744931571 -0.01778097695358467 0.025344026328496295 -0.0040699948670026853 0.06692895431778427 0.0044318488020580974 -0.038122081171456934 -0.0013413553913999233 0.00096450637627119038
leaf_weight=5208 226 342 46 61 210 680 71 83 155 306 80 66 44 69 118 113 303 39 36 58 104 72 38 32 266 49 172 66 4573 1245
leaf_count=5208 226 342 46 61 210 680 71 83 155 306 80 66 44 69 118 113 303 39 36 58 104 72 38 32 266 49 172 66 4573 1245
internal_value=-0.0050859 -0.00974399 -0.00604136 -0.00445279 -0.00050738 -0.00734581 -0.00607035 -0.00538136 -0.0019958 -0.00767045 -0.000659613 -0.00295093 0.00204545 -0.00500936 -0.00669192 -0.0087169 -0.00054094 -0.00306604 -0.000445537 -0.00264706 0.000771605 -0.00575843 -0.00259434 0.00147059 -0.000333383 -0.00207627 0.000391986 -0.00115546 -0.000164366 0.000934811
internal_weight=14931 7275 2067 932 271 1135 661 590 238 352 7656 377 110 267 198 793 7279 265 7014 340 162 178 106 68 6674 590 287 238 6084 1511
internal_count=14931 7275 2067 932 271 1135 661 590 238 352 7656 377 110 267 198 793 7279 265 7014 340 162 178 106 68 6674 590 287 238 6084 1511
is_linear=0
shrinkage=0.05


Tree=164
num_leaves=31
num_cat=0
split_feature=4 19 19 23 19 19 19 19 19 19 5 1 1 1 12 8 19 13 6 23 1 1 11 4 3 23 12 14 14 7
split_gain=124.56 15.8337 1.71331 2.37918 4.36791 1.97893 1.043 1.82897 1.69183 1.0751 0.775325 0.784116 0.783263 1.11521 0.812282 0.958902 1.21132 0.87421 1.23619 0.754395 0.701644 1.10818 1.05506 0.751411 0.74244 0.688619 0.663057 0.659411 0.804613 0.651862
threshold=1.0000000180025095e-35 45.500000000000007 50.500000000000007 3.5000000000000004 53.500000000000007 48.500000000000007 67.500000000000014 54.500000000000007 57.500000000000007 51.500000000000007 6.6333333333333337 0.77666666666666673 0.37833333333333335 0.33166666666666672 0.15261111111111117 2.3666666666666671 70.500000000000014 4.6458333333333348 0.49100000000000005 3.5000000000000004 0.29833333333333345 0.27666666666666678 0.17527777777777784 90.333333333333357 4.8333333333333348 1.5000000000000002 0.04414285714285715 66.550000000000011 67.850000000000009 0.15100000000000005
decision_type=2 2 2 2 2 2 2 2 2 2 2 2 2 2 2 2 2 2 2 2 2 2 2 2 2 2 2 2 2 2
left_child=1 25 5 6 -5 -3 7 9 -9 -4 11 12 13 20 15 -14 17 18 -17 -7 21 23 -22 27 -23 -1 -15 -2 -29 -12
right_child=10 2 3 4 -6 19 -8 8 -10 -11 29 -13 14 26 -16 16 -18 -19 -20 -21 22 24 -24 -25 -26 -27 -28 28 -30 -31
leaf_value=-1.1108138133364735e-05 -0.0027052204302568717 -1.1108138133364735e-05 -0.0094422899041971819 3.2050891384577397e-05 -1.1108138133364735e-05 -1.1108138133364735e-05 -1.1108138133364735e-05 0.0014030940218196953 -1.1108138133364735e-05 -1.1108138133364735e-05 -0.0090201415394428174 0.031115411582475352 -0.012790518835319354 0.00058310162715543017 -0.046236459240226208 0.075846237717120249 0.12343341141579722 -0.0080241486847224541 -0.0042684826766990315 -1.1108138133364735e-05 -0.016107306063830394 2.4120646032482765e-05 -0.0099623395170839579 0.030404685610895044 0.12013501143948691 -1.1108138133364735e-05 0.11626562702821688 0.057814133308658845 -0.0011624408531808017 0.00015039634625552134
leaf_weight=1108 258 342 46 61 210 680 71 83 155 306 269 33 34 59 65 44 54 71 79 113 37 47 128 43 34 4100 49 52 6192 108
leaf_count=1108 258 342 46 61 210 680 71 83 155 306 269 33 34 59 65 44 54 71 79 113 37 47 128 43 34 4100 49 52 6192 108
internal_value=-0.00505911 -0.00974399 -0.00604136 -0.00445279 -0.00050738 -0.00734581 -0.00607035 -0.00538136 -0.0019958 -0.00767045 -0.000607367 -0.000492856 -0.000527877 -0.000411291 -0.00284582 -0.0016844 -0.000604839 -0.00244845 0.000101626 -0.0087169 -0.000491459 -0.000411259 -0.00371212 -0.000483193 0.00540123 -0.0112135 0.00462963 -0.000526761 -0.000424407 -0.0028183
internal_weight=14931 7275 2067 932 271 1135 661 590 238 352 7656 7279 7246 6899 347 282 248 194 123 793 6791 6626 165 6545 81 5208 108 6502 6244 377
internal_count=14931 7275 2067 932 271 1135 661 590 238 352 7656 7279 7246 6899 347 282 248 194 123 793 6791 6626 165 6545 81 5208 108 6502 6244 377
is_linear=0
shrinkage=0.05


Tree=165
num_leaves=31
num_cat=0
split_feature=4 19 23 19 19 19 11 17 19 19 4 9 14 0 10 14 9 19 5 7 19 19 12 5 1 4 14 24 10 10
split_gain=128.638 16.0455 1.41742 2.23025 4.33883 2.68832 1.07207 0.87443 1.84837 1.05626 1.61435 1.47579 0.8713 1.17431 0.925035 0.908055 1.4762 0.867027 0.818554 0.915057 0.817834 1.9446 0.80404 0.832304 1.56131 1.40451 1.28081 1.20058 1.36506 1.67892
threshold=1.0000000180025095e-35 45.500000000000007 3.5000000000000004 50.500000000000007 53.500000000000007 48.500000000000007 0.42266666666666669 5.5000000000000009 46.500000000000007 48.500000000000007 75.833333333333357 86.90000000000002 74.845238095238116 4.5833333333333348 2.5857142857142863 73.354166666666671 74.225000000000009 48.500000000000007 1.5500000000000003 0.0020000000000000031 54.500000000000007 67.500000000000014 0.2960000000000001 2.5500000000000003 0.056666666666666664 85.416666666666671 78.354166666666671 4.5000000000000009 2.0500000000000003 2.2111111111111117
decision_type=2 2 2 2 2 2 2 2 2 2 2 2 2 2 2 2 2 2 2 2 2 2 2 2 2 2 2 2 2 2
left_child=1 -1 17 5 -5 -4 7 8 18 10 -10 -12 13 14 -9 16 -16 -3 -2 -20 -19 -22 23 24 27 26 -26 28 -14 -30
right_child=6 2 3 4 -6 -7 -8 12 9 -11 11 -13 22 -15 15 -17 -18 20 19 -21 21 -23 -24 -25 25 -27 -28 -29 29 -31
leaf_value=-1.0552731226696499e-05 -0.0041453125535866209 -1.0552731226696499e-05 0.0089931468138717552 3.044834681534825e-05 -1.0552731226696499e-05 -1.0552731226696499e-05 -0.0043620063476639418 -0.0043021686174971102 0.0006417856280844348 0.00055394654579765668 0.1046426907267895 0.05773358171827378 -0.017821256158227227 -0.015301940760638875 0.035882209346181602 -0.0061645617149335141 -0.010834112300042732 -1.0552731226696499e-05 -0.0074432975296634639 0.00066567175640182003 -1.0552731226696499e-05 -1.0552731226696499e-05 0.020316822235196177 -0.0036920774336641317 0.051517798598524039 0.075888180441785538 -0.0094464556057107137 -0.031380283275341196 0.061982783198223812 0.00037210361856117037
leaf_weight=5274 245 321 34 59 204 105 295 88 162 1371 30 41 173 85 37 87 35 1026 167 546 223 77 30 3559 32 108 101 35 57 351
leaf_count=5274 245 321 34 59 204 105 295 88 162 1371 30 41 173 85 37 87 35 1026 167 546 223 77 30 3559 32 108 101 35 57 351
internal_value=-0.00510262 -0.00983716 -0.00608224 -0.0034204 -0.000712928 -0.00854317 -0.000561559 -0.000442779 0.000302498 0.0013404 0.00445279 0.0107394 -0.000842403 -0.00331325 -0.00156883 0.000707547 0.00486111 -0.00673194 -0.00143528 -0.000578541 -0.00729638 -0.005 -0.000657895 -0.000713315 0.000685531 0.00409751 0.000657895 -0.000649351 -0.000107573 0.00147059
internal_weight=14958 7323 2049 402 263 139 7635 7340 2562 1604 233 71 4778 332 247 159 72 1647 958 713 1326 300 4446 4416 857 241 133 616 581 408
internal_count=14958 7323 2049 402 263 139 7635 7340 2562 1604 233 71 4778 332 247 159 72 1647 958 713 1326 300 4446 4416 857 241 133 616 581 408
is_linear=0
shrinkage=0.05


Tree=166
num_leaves=31
num_cat=0
split_feature=4 19 23 19 19 19 11 8 13 7 12 3 19 11 6 7 12 24 8 0 8 13 1 17 1 2 24 7 13 10
split_gain=126.467 16.0455 1.41742 2.23025 4.33883 2.68832 1.01582 1.08369 1.69821 1.91307 1.70112 1.91499 2.44444 2.20965 1.01541 1.06201 0.996274 0.969473 0.950701 0.966977 1.65116 1.40199 1.3875 1.27819 1.84469 2.55164 1.2381 1.15527 1.4569 0.881667
threshold=1.0000000180025095e-35 45.500000000000007 3.5000000000000004 50.500000000000007 53.500000000000007 48.500000000000007 0.42266666666666669 9.4500000000000011 8.6125000000000025 0.17450000000000002 0.019500000000000007 9.8333333333333339 49.500000000000007 0.040500000000000008 0.14100000000000004 0.039000000000000014 0.047638888888888897 3.7500000000000004 7.2250000000000005 6.5833333333333348 7.7083333333333348 7.7638888888888902 0.0099999999999999725 5.5000000000000009 0.035833333333333349 0.025833333333333319 3.7500000000000004 0.036333333333333349 7.2361111111111116 3.5277777777777781
decision_type=2 2 2 2 2 2 2 2 2 2 2 2 2 2 2 2 2 2 2 2 2 2 2 2 2 2 2 2 2 2
left_child=1 -1 -3 5 -5 -4 7 8 18 10 17 13 -13 16 15 -15 -12 -10 -2 20 26 22 -22 24 -23 -26 -20 -24 -29 -17
right_child=6 2 3 4 -6 -7 -8 -9 9 -11 11 12 -14 14 -16 29 -18 -19 19 -21 21 23 27 -25 25 -27 -28 28 -30 -31
leaf_value=-1.0025094665361673e-05 -0.00022251432123561178 -1.0025094665361673e-05 0.0085434894731781681 2.8925929474582504e-05 -1.0025094665361673e-05 -1.0025094665361673e-05 -0.0041439060302807451 -0.0049012357006766281 -0.012915854644280257 -0.011893330617189302 0.04543699435670337 -0.047286283764863296 0.069144220877417659 0.069826492422043085 0.050463786459198114 -0.025652361327839979 0.19391633095707739 0.052603500893278747 -0.019731710569109665 -0.0086094300818094494 0.052807676075385029 -0.0015110506262005969 0.091761740548748166 -0.0094460847491514514 -0.0068597283643144326 0.19287607050758321 0.0006839616383165271 -0.048152331813390258 0.054603177565348916 0.0097043464047683776
leaf_weight=5274 4221 1647 34 59 204 105 295 1364 147 48 45 66 33 53 42 40 31 37 274 94 47 62 46 337 33 37 84 70 69 60
leaf_count=5274 4221 1647 34 59 204 105 295 1364 147 48 45 66 33 53 42 40 31 37 274 94 47 62 46 337 33 37 84 70 69 60
internal_value=-0.00514273 -0.00983716 -0.00608224 -0.0034204 -0.000712928 -0.00854317 -0.000640144 -0.000524523 -0.00023427 0.00228405 0.00311372 0.00506757 -0.000883838 0.0072417 0.00442308 0.00253268 0.0144737 -0.000815217 -0.000516375 -0.00178881 -0.00135741 5.3495e-05 0.00323276 -0.00151919 0.00265152 0.00821429 -0.00412011 0.00128378 -0.000989209 -0.0005
internal_weight=14958 7323 2049 402 263 139 7635 7340 5976 602 554 370 99 271 195 153 76 184 5374 1153 1059 701 232 469 132 70 358 185 139 100
internal_count=14958 7323 2049 402 263 139 7635 7340 5976 602 554 370 99 271 195 153 76 184 5374 1153 1059 701 232 469 132 70 358 185 139 100
is_linear=0
shrinkage=0.05


Tree=167
num_leaves=31
num_cat=0
split_feature=9 19 23 19 19 19 11 19 8 13 7 7 17 9 13 11 0 14 2 8 5 8 13 5 1 14 8 14 0 10
split_gain=128.093 16.0455 1.41742 2.23025 4.33883 2.68832 1.05787 0.867027 0.830184 1.15621 1.75073 2.29992 1.23237 1.59402 1.10455 1.36024 1.33672 0.972933 1.54507 0.932413 1.15537 1.12848 1.6039 1.33662 1.30282 1.28561 1.4863 1.28405 1.14222 1.28992
threshold=1.0000000180025095e-35 45.500000000000007 3.5000000000000004 50.500000000000007 53.500000000000007 48.500000000000007 0.42266666666666669 48.500000000000007 9.4500000000000011 8.6125000000000025 0.17450000000000002 0.059000000000000025 6.5000000000000009 87.90000000000002 8.9500000000000011 0.034142857142857148 3.1666666666666674 87.387500000000017 0.09416666666666669 7.2250000000000005 5.7750000000000012 7.7083333333333348 7.7638888888888902 3.5500000000000003 0.0099999999999999725 88.354166666666671 8.1000000000000014 85.788888888888906 4.166666666666667 3.4365079365079372
decision_type=2 2 2 2 2 2 2 2 2 2 2 2 2 2 2 2 2 2 2 2 2 2 2 2 2 2 2 2 2 2
left_child=1 -1 7 5 -5 -4 8 -3 9 19 11 12 -11 -14 -15 -16 -17 -13 -19 -2 21 23 24 -21 -23 26 -26 -25 29 -24
right_child=6 2 3 4 -6 -7 -8 -9 -10 10 -12 17 13 14 15 16 -18 18 -20 20 -22 22 28 27 25 -27 -28 -29 -30 -31
leaf_value=-9.5238399320935901e-06 -0.00021138860517383451 -9.5238399320935901e-06 0.0081163149995192585 2.747963300085421e-05 -9.5238399320935901e-06 -9.5238399320935901e-06 -0.003936710728766708 -9.5238399320935901e-06 -0.0046561739156427964 0.036866704924446374 -0.011298664086329836 0.01425546384826587 -0.034748292103337984 0.10566229195143345 -0.067638630131244229 0.092493017896948526 -0.0071892783179960066 0.093468850562854228 0.1029693257442038 -0.017857569145860022 -0.0081915568697678628 0.050167292271615788 -0.007822705562315976 -0.01655108927003154 0.18143554449141613 -0.012993895975329312 -0.0070494064114624451 0.03195315915439513 -0.013873784928000565 0.03766715308555222
leaf_weight=5274 4221 321 34 59 204 105 295 1326 1364 127 48 68 116 33 50 33 49 40 38 262 127 47 194 36 39 91 48 55 156 98
leaf_count=5274 4221 321 34 59 204 105 295 1326 1364 127 48 68 116 33 50 33 49 40 38 262 127 47 194 36 39 91 48 55 156 98
internal_value=-0.00511265 -0.00983716 -0.00608224 -0.0034204 -0.000712928 -0.00854317 -0.000581205 -0.00673194 -0.000463215 -0.00020917 0.00186877 0.00266245 0.000735294 -0.0011121 0.00204545 0 0.00396341 0.00804795 0.011859 -0.000441943 -0.00170208 -0.00114522 5.57207e-05 -0.00343484 0.0035 0.00154494 0.0058908 0.00178571 -0.00167411 0.000171233
internal_weight=14958 7323 2049 402 263 139 7635 1647 7340 5976 602 554 408 281 165 132 82 146 78 5374 1153 1026 673 353 225 178 87 91 448 292
internal_count=14958 7323 2049 402 263 139 7635 1647 7340 5976 602 554 408 281 165 132 82 146 78 5374 1153 1026 673 353 225 178 87 91 448 292
is_linear=0
shrinkage=0.05


Tree=168
num_leaves=31
num_cat=0
split_feature=4 19 23 19 19 19 11 16 5 2 24 7 3 8 6 9 19 5 6 2 5 6 5 1 6 16 9 9 23 26
split_gain=127.731 16.0455 1.41742 2.23025 4.33883 2.68832 1.04845 0.926539 1.63061 1.41715 1.57942 1.15239 1.13536 1.45634 1.08589 2.27809 1.79051 1.61547 1.22066 1.08299 1.11064 2.07263 1.59938 1.30628 1.69412 1.95968 1.24237 1.60013 1.05963 1.00302
threshold=1.0000000180025095e-35 45.500000000000007 3.5000000000000004 50.500000000000007 53.500000000000007 48.500000000000007 0.42266666666666669 4.5000000000000009 1.9000000000000001 0.016666666666666687 2.7500000000000004 0.032250000000000015 7.166666666666667 6.291666666666667 0.0045000000000000014 78.450000000000017 41.500000000000007 2.9000000000000004 0.039000000000000014 0.2141666666666667 2.9000000000000004 0.15450000000000005 2.2250000000000005 0.073333333333333375 0.032250000000000008 3.5000000000000004 80.708333333333357 74.225000000000009 2.5000000000000004 1.0000000180025095e-35
decision_type=2 2 2 2 2 2 2 2 2 2 2 2 2 2 2 2 2 2 2 2 2 2 2 2 2 2 2 2 2 2
left_child=1 -1 -3 5 -5 -4 7 8 12 11 -11 14 13 28 16 18 -10 -17 -16 20 21 22 -12 24 -22 -26 27 -25 29 -2
right_child=6 2 3 4 -6 -7 -8 -9 9 10 19 -13 -14 -15 15 17 -18 -19 -20 -21 23 -23 -24 26 25 -27 -28 -29 -30 -31
leaf_value=-9.0476479354889095e-06 -0.013740160950594127 -9.0476479354889095e-06 0.0077104992495432957 2.6105651350810668e-05 -9.0476479354889095e-06 -9.0476479354889095e-06 -0.0037398751923283721 -0.0024818495635877571 0.0055249563712972301 -0.0027079418108915568 0.0021034243357694049 -0.032151489003831628 -0.02066944490989861 0.01749477851266017 0.00077984776684028036 0.0052987191234226934 -0.0074311292893312932 0.119172881094365 -0.0019678254763201676 -0.00020081917491514558 0.00022126242957827281 0.034229992977721495 0.0038845285787740495 -0.018847176553187749 0.0015600100876318581 0.058045791446902008 -0.012528559269373893 0.011520234919299044 0.002911251168682627 -0.0005252509098573777
leaf_weight=5274 93 1647 34 59 204 105 295 5184 57 194 138 41 97 36 37 52 292 38 220 121 165 50 86 60 93 31 102 35 33 85
leaf_count=5274 93 1647 34 59 204 105 295 5184 57 194 138 41 97 36 37 52 292 38 220 121 165 50 86 60 93 31 102 35 33 85
internal_value=-0.00511933 -0.00983716 -0.00608224 -0.0034204 -0.000712928 -0.00854317 -0.000594303 -0.000476839 0.000394249 0.000993377 0.00215116 -0.000695387 -0.00276163 -0.000961538 -0.000215517 0.00176513 -0.00218481 0.00861111 -0.000632296 0.00305051 0.00375 0.00629562 0.00424107 0.00231481 0.00445502 0.00887097 -0.000824873 0.00328947 -0.00254739 -0.00407303
internal_weight=14958 7323 2049 402 263 139 7635 7340 2156 1812 1075 737 344 247 696 347 349 90 257 881 760 274 224 486 289 124 197 95 211 178
internal_count=14958 7323 2049 402 263 139 7635 7340 2156 1812 1075 737 344 247 696 347 349 90 257 881 760 274 224 486 289 124 197 95 211 178
is_linear=0
shrinkage=0.05


Tree=169
num_leaves=31
num_cat=0
split_feature=4 19 23 19 19 19 19 11 19 19 4 19 10 6 0 2 11 11 2 14 10 19 11 24 13 4 19 8 9 24
split_gain=124.852 16.0455 1.41742 2.23025 4.33883 2.68832 0.867027 0.827364 0.817834 1.9446 0.803507 0.77537 0.752003 1.48263 0.772647 0.736216 0.824366 0.705573 0.770737 0.682224 0.672786 1.36248 1.04824 0.783444 0.668244 0.791638 0.65683 0.645028 0.838933 1.04882
threshold=1.0000000180025095e-35 45.500000000000007 3.5000000000000004 50.500000000000007 53.500000000000007 48.500000000000007 48.500000000000007 0.40050000000000002 54.500000000000007 67.500000000000014 60.250000000000007 57.500000000000007 7.5277777777777786 0.091000000000000025 7.166666666666667 0.085833333333333331 0.12464285714285715 0.077750000000000027 0.11833333333333333 83.70714285714287 1.6125000000000003 44.500000000000007 0.0095000000000000032 3.7500000000000004 7.7321428571428585 79.166666666666671 59.500000000000007 10.366666666666669 88.63333333333334 4.5000000000000009
decision_type=2 2 2 2 2 2 2 2 2 2 2 2 2 2 2 2 2 2 2 2 2 2 2 2 2 2 2 2 2 2
left_child=1 -1 6 5 -5 -4 -3 10 -8 11 -2 -10 14 -14 20 16 -16 -17 -19 -20 21 23 -23 24 25 -12 -13 28 -22 -30
right_child=7 2 3 4 -6 -7 8 -9 9 -11 12 26 13 -15 15 17 -18 18 19 -21 27 22 -24 -25 -26 -27 -28 -29 29 -31
leaf_value=-8.5952655387144636e-06 0.0065446964697211179 -8.5952655387144636e-06 0.0073249742870661327 2.4800368783267636e-05 -8.5952655387144636e-06 -8.5952655387144636e-06 -8.5952655387144636e-06 -0.0034800451956970113 0.0013348967864167006 -8.5952655387144636e-06 -0.0013366027717284042 -8.5952655387144636e-06 -0.00054191545515394071 0.030147817967299151 -0.0091148234430310626 0.0097869782887851156 -0.046382540202130312 0.018335841840768519 -0.022998577659447683 -0.022692022670236796 -0.00083588352569436981 0.037711541709695276 -0.0033538060247256477 -2.6713242557045714e-05 0.0031795312799928104 -0.013135845778187728 -8.5952655387144636e-06 -0.0040518087553940915 0.0049696586401718149 -0.015866864280816923
leaf_weight=5274 33 321 34 59 204 105 1026 336 89 77 50 84 42 32 67 30 47 30 32 56 3820 43 41 70 34 137 50 833 1803 99
leaf_count=5274 33 321 34 59 204 105 1026 336 89 77 50 84 42 32 67 30 47 30 32 56 3820 43 41 70 34 137 50 833 1803 99
internal_value=-0.00517282 -0.00983716 -0.00608224 -0.0034204 -0.000712928 -0.00854317 -0.00673194 -0.000699083 -0.00729638 -0.005 -0.000587409 -0.00263453 -0.000622764 0.00439189 -0.00067436 -0.00333969 -0.00635965 -0.00101351 -0.00275424 -0.00511364 -0.000573593 -0.00263333 0.00297619 -0.00425258 -0.00571267 -0.00688503 -0.00503731 -0.000455759 -0.000266515 0.000591483
internal_weight=14958 7323 2049 402 263 139 1647 7635 1326 300 7299 223 7266 74 7192 262 114 148 118 88 6930 375 84 291 221 187 134 6555 5722 1902
internal_count=14958 7323 2049 402 263 139 1647 7635 1326 300 7299 223 7266 74 7192 262 114 148 118 88 6930 375 84 291 221 187 134 6555 5722 1902
is_linear=0
shrinkage=0.05


Tree=170
num_leaves=31
num_cat=0
split_feature=4 19 19 23 19 19 24 19 23 19 19 19 19 23 23 6 10 0 7 3 3 12 10 12 12 1 0 0 26 13
split_gain=128.768 13.9753 1.43109 2.78869 5.02356 2.47457 1.27123 1.23109 0.810521 0.736674 2.12577 0.987959 0.97716 0.699329 0.676613 0.616325 0.996867 1.66079 1.01255 1.57612 1.96862 2.6063 1.61638 1.2824 1.8078 1.16251 1.15266 1.14785 1.19631 0.97893
threshold=1.0000000180025095e-35 46.500000000000007 50.500000000000007 3.5000000000000004 53.500000000000007 48.500000000000007 2.2500000000000004 64.500000000000014 1.5000000000000002 54.500000000000007 58.500000000000007 51.500000000000007 55.500000000000007 3.5000000000000004 2.5000000000000004 0.14550000000000005 6.1055555555555561 8.5833333333333339 0.075500000000000025 5.8333333333333348 4.5833333333333348 0.10816666666666669 4.3166666666666673 0.037071428571428582 0.034142857142857148 0.18833333333333338 6.5833333333333348 4.5833333333333348 1.0000000180025095e-35 9.3166666666666682
decision_type=2 2 2 2 2 2 2 2 2 2 2 2 2 2 2 2 2 2 2 2 2 2 2 2 2 2 2 2 2 2
left_child=1 8 5 6 -5 14 -4 -6 -1 11 12 -8 -11 -7 -3 -2 17 18 23 20 -20 -22 -23 24 -17 -21 -25 28 -27 -18
right_child=15 2 3 4 7 13 9 -9 -10 10 -12 -13 -14 -15 -16 16 29 -19 19 25 21 22 -24 26 -26 27 -28 -29 -30 -31
leaf_value=-8.1655022617787414e-06 -0.00037705909725731517 -8.1655022617787414e-06 -8.1655022617787414e-06 2.3560350344103976e-05 -0.0012954060440874982 -8.1655022617787414e-06 -0.0089677881800224041 -8.1655022617787414e-06 -8.1655022617787414e-06 -0.035071710164475814 -8.1655022617787414e-06 -8.1655022617787414e-06 0.0012681519470958637 -8.1655022617787414e-06 -8.1655022617787414e-06 -0.0030875342248673277 -0.010109729719858181 0.019815379235843061 -3.3218142807164775e-05 -0.025954659418233706 0.16684892964152354 -0.0016643145529953163 0.12340196043276004 -0.01590669946502361 0.053858820482434136 0.17858306023719406 0.02848068123127372 -0.011585761995127576 -0.0039354137364876699 0.0027930848502246697
leaf_weight=1075 5633 84 105 55 139 668 44 68 4198 59 131 259 53 122 246 585 177 39 179 99 30 49 40 429 53 50 43 133 57 31
leaf_count=1075 5633 84 105 55 139 668 44 68 4198 59 131 259 53 122 246 585 177 39 179 99 30 49 40 429 53 50 43 133 57 31
internal_value=-0.00508019 -0.00982412 -0.00630226 -0.00483297 -0.000477099 -0.0075 -0.00658602 -0.00404589 -0.011182 -0.00755495 -0.00550412 -0.00919967 -0.000446429 -0.00901899 -0.00386364 -0.000535925 -0.00129137 -0.000909854 -0.00113766 0.000451334 0.00310403 0.00808824 0.00379213 -0.00204955 -0.000587774 -0.00188053 -0.00402542 0 0.00385514 -0.00456731
internal_weight=14933 7306 2033 913 262 1120 651 207 5273 546 243 303 112 790 330 7627 1994 1786 1747 637 298 119 89 1110 638 339 472 240 107 208
internal_count=14933 7306 2033 913 262 1120 651 207 5273 546 243 303 112 790 330 7627 1994 1786 1747 637 298 119 89 1110 638 339 472 240 107 208
is_linear=0
shrinkage=0.05


Tree=171
num_leaves=31
num_cat=0
split_feature=4 19 19 23 19 19 24 19 23 11 11 5 12 4 26 6 2 13 0 11 3 8 1 1 10 7 24 11 10 14
split_gain=129.314 13.9753 1.43109 2.78869 5.02356 2.47457 1.27123 1.23109 0.810521 0.741087 0.813389 2.065 1.40572 1.16896 1.71805 1.13918 1.71515 2.45084 1.51034 1.35055 1.70168 1.31711 1.73828 1.97113 1.60095 1.52918 1.30423 1.34484 1.28998 1.23623
threshold=1.0000000180025095e-35 46.500000000000007 50.500000000000007 3.5000000000000004 53.500000000000007 48.500000000000007 2.2500000000000004 64.500000000000014 1.5000000000000002 0.11400000000000002 0.012111111111111112 6.1000000000000005 0.093541666666666676 74.583333333333357 1.0000000180025095e-35 0.048999999999999995 0.11166666666666668 9.7071428571428573 1.8333333333333337 0.017071428571428574 10.16666666666667 5.1000000000000005 0.04583333333333333 0.080000000000000029 2.4722222222222228 0.014000000000000011 3.7500000000000004 0.084142857142857172 2.9500000000000006 89.105555555555569
decision_type=2 2 2 2 2 2 2 2 2 2 2 2 2 2 2 2 2 2 2 2 2 2 2 2 2 2 2 2 2 2
left_child=1 8 5 6 -5 -3 -4 -6 -1 10 11 -2 15 14 -14 16 18 -18 29 20 28 22 -17 -24 -25 26 27 -23 -20 -12
right_child=9 2 3 4 7 -7 -8 -9 -10 -11 12 -13 13 -15 -16 21 17 -19 19 -21 -22 25 23 24 -26 -27 -28 -29 -30 -31
leaf_value=-7.7572271486898031e-06 -0.0025536984882848588 -7.7572271486898031e-06 -7.7572271486898031e-06 2.2382332826897946e-05 -0.0012306357418831232 -7.7572271486898031e-06 -7.7572271486898031e-06 -7.7572271486898031e-06 -7.7572271486898031e-06 -0.0020766127752508191 0.0013301556521631008 0.017360467233710975 0.051063870481996981 -0.0024162260615504753 -0.0007490077958801078 -0.019168694258971133 0.14933595910434047 0.001583965386589692 0.022292505641182049 0.0031959954806355831 -0.017575455713860221 0.029774996163958418 0.16532459060175633 -0.0031366513143614495 0.014901610641289077 -0.0047468885554075302 -0.0066114308071466513 0.13426313815674512 0.15843735514373514 -0.015726580113832146
leaf_weight=1075 1652 330 105 55 139 790 546 68 4198 2369 123 31 33 985 39 38 35 41 43 895 34 110 46 30 75 832 60 41 42 73
leaf_count=1075 1652 330 105 55 139 790 546 68 4198 2369 123 31 33 985 39 38 35 41 43 895 34 110 46 30 75 832 60 41 42 73
internal_value=-0.00507015 -0.00982412 -0.00630226 -0.00483297 -0.000477099 -0.0075 -0.00658602 -0.00404589 -0.011182 -0.000516258 -0.000185432 -0.0010918 0.000241259 -0.00128903 0.00486111 0.000883638 0.00192457 0.00921053 0.00146694 0.00224359 0.0072479 -0.000202922 0.00363757 0.00604305 0.0022619 -0.000898849 0.00290284 0.00538079 0.0110294 -0.00255102
internal_weight=14933 7306 2033 913 262 1120 651 207 5273 7627 5258 1683 3575 1057 72 2518 1286 76 1210 1014 119 1232 189 151 105 1043 211 151 85 196
internal_count=14933 7306 2033 913 262 1120 651 207 5273 7627 5258 1683 3575 1057 72 2518 1286 76 1210 1014 119 1232 189 151 105 1043 211 151 85 196
is_linear=0
shrinkage=0.05


Tree=172
num_leaves=31
num_cat=0
split_feature=4 19 19 23 19 19 24 19 23 19 19 19 19 23 23 11 19 7 0 0 23 7 7 1 7 8 9 14 5 1
split_gain=128.768 13.9753 1.43109 2.78869 5.02356 2.47457 1.27123 1.23109 0.810521 0.736674 2.12577 0.987959 0.97716 0.699329 0.676613 0.622444 1.20553 1.64754 1.38642 1.61037 1.69162 1.86008 1.44185 1.4302 1.15819 1.56847 1.80526 1.25849 1.10802 1.36103
threshold=1.0000000180025095e-35 46.500000000000007 50.500000000000007 3.5000000000000004 53.500000000000007 48.500000000000007 2.2500000000000004 64.500000000000014 1.5000000000000002 54.500000000000007 58.500000000000007 51.500000000000007 55.500000000000007 3.5000000000000004 2.5000000000000004 0.082111111111111121 45.500000000000007 0.099000000000000046 3.1666666666666674 2.5833333333333335 2.5000000000000004 0.073666666666666686 0.051000000000000011 1.0000000180025095e-35 0.13291666666666671 9.3666666666666689 89.90000000000002 88.472222222222243 3.2250000000000005 0.035833333333333349
decision_type=2 2 2 2 2 2 2 2 2 2 2 2 2 2 2 2 2 2 2 2 2 2 2 2 2 2 2 2 2 2
left_child=1 8 5 6 -5 14 -4 -6 -1 11 12 -8 -11 -7 -3 16 -2 18 19 -18 23 22 -22 -21 25 -19 -27 -26 -20 -30
right_child=15 2 3 4 7 13 9 -9 -10 10 -12 -13 -14 -15 -16 -17 17 24 28 20 21 -23 -24 -25 27 26 -28 -29 29 -31
leaf_value=-7.3693657912553137e-06 -0.0027362259000243056 -7.3693657912553137e-06 -7.3693657912553137e-06 2.1263216185551939e-05 -0.001169103954788967 -7.3693657912553137e-06 -0.0085190109096638499 -7.3693657912553137e-06 -7.3693657912553137e-06 -0.033317736794894581 -7.3693657912553137e-06 -7.3693657912553137e-06 0.0012051322110985087 -7.3693657912553137e-06 -7.3693657912553137e-06 -0.0018368314109058871 0.0017992999671446964 -0.0087069364707969606 0.039047543223601447 0.06016564064973761 0.0012815185164567284 0.0054032206597458944 -0.024082081173995618 0.18902154748110792 -0.00091882159852030298 0.072613222098717831 -0.045165980628631607 0.019397983090455952 -0.01037813732562571 0.0063953455649610053
leaf_weight=1075 1778 84 105 55 139 668 44 68 4198 59 131 259 53 122 246 3155 661 212 129 62 155 34 61 39 409 38 32 86 528 248
leaf_count=1075 1778 84 105 55 139 668 44 68 4198 59 131 259 53 122 246 3155 661 212 129 62 155 34 61 39 409 38 32 86 528 248
internal_value=-0.00508019 -0.00982412 -0.00630226 -0.00483297 -0.000477099 -0.0075 -0.00658602 -0.00404589 -0.011182 -0.00755495 -0.00550412 -0.00919967 -0.000446429 -0.00901899 -0.00386364 -0.000535925 -0.00015653 0.000510393 0.0012976 0.00256917 0.00530627 0.0031 0.00138889 0.0107673 -0.00143179 -0.00398936 0.0025 2.52525e-05 -0.000124309 -0.000837629
internal_weight=14933 7306 2033 913 262 1120 651 207 5273 546 243 303 112 790 330 7627 4472 2694 1917 1012 351 250 216 101 777 282 70 495 905 776
internal_count=14933 7306 2033 913 262 1120 651 207 5273 546 243 303 112 790 330 7627 4472 2694 1917 1012 351 250 216 101 777 282 70 495 905 776
is_linear=0
shrinkage=0.05


Tree=173
num_leaves=31
num_cat=0
split_feature=4 19 19 23 19 19 24 19 23 19 19 19 19 23 23 11 19 7 7 2 3 5 1 11 0 0 9 3 6 13
split_gain=130.044 13.9753 1.43109 2.78869 5.02356 2.47457 1.27123 1.23109 0.810521 0.736674 2.12577 0.987959 0.97716 0.699329 0.676613 0.582588 1.15198 1.57077 1.21721 1.57689 1.55325 1.42175 1.19517 1.09753 1.32001 1.48175 1.44273 1.55681 1.41944 1.63415
threshold=1.0000000180025095e-35 46.500000000000007 50.500000000000007 3.5000000000000004 53.500000000000007 48.500000000000007 2.2500000000000004 64.500000000000014 1.5000000000000002 54.500000000000007 58.500000000000007 51.500000000000007 55.500000000000007 3.5000000000000004 2.5000000000000004 0.082111111111111121 45.500000000000007 0.099000000000000046 0.13291666666666671 0.085833333333333331 10.16666666666667 4.5500000000000007 0.01166666666666665 0.032111111111111125 3.1666666666666674 3.5833333333333335 84.100000000000009 8.1666666666666696 0.047083333333333345 9.1055555555555561
decision_type=2 2 2 2 2 2 2 2 2 2 2 2 2 2 2 2 2 2 2 2 2 2 2 2 2 2 2 2 2 2
left_child=1 8 5 6 -5 14 -4 -6 -1 11 12 -8 -11 -7 -3 16 -2 23 20 -20 22 -22 -19 -18 28 -26 27 -27 29 -25
right_child=15 2 3 4 7 13 9 -9 -10 10 -12 -13 -14 -15 -16 -17 17 18 19 -21 21 -23 -24 24 25 26 -28 -29 -30 -31
leaf_value=-7.0008975016925472e-06 -0.0025994146050230928 -7.0008975016925472e-06 -7.0008975016925472e-06 2.0200055376273787e-05 -0.0011106487570495187 -7.0008975016925472e-06 -0.008093060364180657 -7.0008975016925472e-06 -7.0008975016925472e-06 -0.031651849955149851 -7.0008975016925472e-06 -7.0008975016925472e-06 0.0011448756005435824 -7.0008975016925472e-06 -7.0008975016925472e-06 -0.0017449898403605836 0.00018897504732129367 0.0011744430436892634 0.050290368991989604 -0.00087288051859428788 0.068982560993781958 -0.02691884342536598 -0.031760789126494292 0.040434035366372426 -0.010311584741121161 -0.02792470278994004 0.031569323835673908 0.062365116824705739 0.0029478118008345548 0.011998605148864895
leaf_weight=1075 1778 84 105 55 139 668 44 68 4198 59 131 259 53 122 246 3155 1186 48 35 460 30 31 173 93 82 73 188 34 214 47
leaf_count=1075 1778 84 105 55 139 668 44 68 4198 59 131 259 53 122 246 3155 1186 48 35 460 30 31 173 93 82 73 188 34 214 47
internal_value=-0.00505675 -0.00982412 -0.00630226 -0.00483297 -0.000477099 -0.0075 -0.00658602 -0.00404589 -0.011182 -0.00755495 -0.00550412 -0.00919967 -0.000446429 -0.00901899 -0.00386364 -0.000490035 -0.000122987 0.000528953 -0.00136744 0.000126263 -0.00398936 0.00307377 -0.00593891 0.0012976 0.00282148 0.000762599 0.00241525 -0.00221963 0.00501412 0.00892857
internal_weight=14933 7306 2033 913 262 1120 651 207 5273 546 243 303 112 790 330 7627 4472 2694 777 495 282 61 221 1917 731 377 295 107 354 140
internal_count=14933 7306 2033 913 262 1120 651 207 5273 546 243 303 112 790 330 7627 4472 2694 777 495 282 61 221 1917 731 377 295 107 354 140
is_linear=0
shrinkage=0.05


Tree=174
num_leaves=31
num_cat=0
split_feature=4 19 19 23 19 19 24 19 23 19 19 19 19 23 23 19 26 9 5 5 9 4 6 12 12 13 17 6 4 5
split_gain=129.132 13.9753 1.43109 2.78869 5.02356 2.47457 1.27123 1.23109 0.810521 0.736674 2.12577 0.987959 0.97716 0.699329 0.676613 0.492997 0.491956 0.486722 0.42007 0.788375 1.15544 0.624286 0.992856 1.13812 1.04712 0.952293 0.820023 0.620534 0.672222 0.631935
threshold=1.0000000180025095e-35 46.500000000000007 50.500000000000007 3.5000000000000004 53.500000000000007 48.500000000000007 2.2500000000000004 64.500000000000014 1.5000000000000002 54.500000000000007 58.500000000000007 51.500000000000007 55.500000000000007 3.5000000000000004 2.5000000000000004 47.500000000000007 1.0000000180025095e-35 105.25000000000001 6.5500000000000007 6.291666666666667 85.550000000000011 86.833333333333357 0.22366666666666665 0.10050000000000002 0.046833333333333345 7.9500000000000011 7.5000000000000009 0.56100000000000017 82.416666666666671 5.2250000000000005
decision_type=2 2 2 2 2 2 2 2 2 2 2 2 2 2 2 2 2 2 2 2 2 2 2 2 2 2 2 2 2 2
left_child=1 8 5 6 -5 14 -4 -6 -1 11 12 -8 -11 -7 15 -3 -16 18 19 27 -21 25 23 24 -23 26 -20 29 -29 -2
right_child=17 2 3 4 7 13 9 -9 -10 10 -12 -13 -14 -15 16 -17 -18 -19 21 20 -22 22 -24 -25 -26 -27 -28 28 -30 -31
leaf_value=-6.6508526266079198e-06 -0.00081234720587027302 -6.6508526266079198e-06 -6.6508526266079198e-06 1.9190052607459541e-05 -0.0010551163191970428 -6.6508526266079198e-06 -0.0076884073459716241 -6.6508526266079198e-06 -6.6508526266079198e-06 -0.030069257457392362 -6.6508526266079198e-06 -6.6508526266079198e-06 0.001087631820516405 -6.6508526266079198e-06 -6.6508526266079198e-06 -6.6508526266079198e-06 -6.6508526266079198e-06 0.030550257886861488 -0.0063814910980002585 -0.010678743705520966 0.066608178742088908 0.005995180362309816 -0.041618146858122707 0.011055496588185696 -0.037591180275771019 0.00082768899471678261 0.02569682859815068 -0.0021086406927529554 0.016741916504948284 -0.0032968727047831162
leaf_weight=1075 6438 33 105 55 139 668 44 68 4198 59 131 259 53 122 128 51 118 30 64 31 45 47 69 42 63 52 63 30 60 593
leaf_count=1075 6438 33 105 55 139 668 44 68 4198 59 131 259 53 122 128 51 118 30 64 31 45 47 69 42 63 52 63 30 60 593
internal_value=-0.00507349 -0.00982412 -0.00630226 -0.00483297 -0.000477099 -0.0075 -0.00658602 -0.00404589 -0.011182 -0.00755495 -0.00550412 -0.00919967 -0.000446429 -0.00901899 -0.00386364 -0.0077381 -0.00254065 -0.000522814 -0.000547914 -0.000460261 0.00460526 -0.002125 -0.00390271 -0.00164474 -0.00431818 6.98324e-05 -0.00226378 -0.000514324 0.00361111 -0.000567131
internal_weight=14933 7306 2033 913 262 1120 651 207 5273 546 243 303 112 790 330 84 246 7627 7597 7197 76 400 221 152 110 179 127 7121 90 7031
internal_count=14933 7306 2033 913 262 1120 651 207 5273 546 243 303 112 790 330 84 246 7627 7597 7197 76 400 221 152 110 179 127 7121 90 7031
is_linear=0
shrinkage=0.05


Tree=175
num_leaves=31
num_cat=0
split_feature=4 19 23 19 19 19 0 9 14 8 19 19 19 19 19 19 10 0 2 3 10 8 2 7 12 3 1 3 4 1
split_gain=123.773 14.5136 1.22651 2.9384 3.48462 1.6729 1.07288 1.20531 1.29253 1.17292 0.925628 1.04428 1.13203 1.03043 0.893599 0.83868 1.02841 2.16502 0.947531 0.805325 0.771379 1.16266 1.84847 2.36616 1.36816 1.19134 1.03165 1.02194 1.23914 1.01673
threshold=1.0000000180025095e-35 45.500000000000007 3.5000000000000004 50.500000000000007 53.500000000000007 48.500000000000007 7.166666666666667 78.90000000000002 82.950000000000017 4.366666666666668 63.500000000000007 54.500000000000007 48.500000000000007 57.500000000000007 72.500000000000014 60.500000000000007 4.9500000000000011 5.8333333333333348 0.27833333333333338 9.8333333333333339 4.9500000000000011 6.366666666666668 0.010000000000000007 0.041000000000000016 0.12211111111111114 7.8333333333333348 0.030000000000000013 11.583333333333334 88.166666666666671 0.25833333333333341
decision_type=2 2 2 2 2 2 2 2 2 2 2 2 2 2 2 2 2 2 2 2 2 2 2 2 2 2 2 2 2 2
left_child=1 -1 10 5 -5 -4 15 -8 -9 -10 11 12 -3 -13 -11 20 17 18 -17 -18 -2 22 -22 29 -25 -23 -27 28 -28 -24
right_child=6 2 3 4 -6 -7 7 8 9 14 -12 13 -14 -15 -16 16 19 -19 -20 -21 21 25 23 24 -26 26 27 -29 -30 -31
leaf_value=-6.3183099952775245e-06 -0.0010689235723529229 -6.3183099952775245e-06 -0.0021081597243601175 1.8230549977088505e-05 -6.3183099952775245e-06 -6.3183099952775245e-06 0.032839505507047353 -0.033747089529227545 0.037840433920836289 -0.024450866790712972 -6.3183099952775245e-06 0.0010332502294905844 -6.3183099952775245e-06 -6.3183099952775245e-06 0.028992554237197401 -0.0037752516991946816 -0.022754646973393047 0.055527538369778334 0.055493329690140453 0.061640551768314206 -0.0062710734014827726 -0.0046475170864818116 0.11191888267754302 -0.0015171343042620134 0.025296485370776813 -0.017157737867798627 0.00051241550727075123 -0.03449815055965965 0.11921867034791514 0.00075939839750250877
leaf_weight=5330 5428 315 30 57 204 109 48 70 32 202 100 80 1028 111 43 779 263 48 34 32 47 106 32 93 54 92 64 30 51 30
leaf_count=5330 5428 315 30 57 204 109 48 70 32 202 100 80 1028 111 43 779 263 48 34 32 47 106 32 93 54 92 64 30 51 30
internal_value=-0.00520847 -0.00982482 -0.00623156 -0.00375 -0.000622605 -0.0096223 -0.000722486 -0.00325949 -0.00428674 -0.00275271 -0.00683905 -0.0065352 -0.00702718 -0.00307592 -0.00392857 -0.000582974 -0.00181661 -0.00094367 -0.00155289 -0.00436441 -0.000346358 0.00135643 0.00390625 0.00592105 0.00246599 -0.000546647 0.00142405 0.00405172 0.00619565 0.0141129
internal_weight=14942 7364 2034 400 261 139 7578 395 347 277 1634 1534 1343 191 245 7183 1156 861 813 295 6027 599 256 209 147 343 237 145 115 62
internal_count=14942 7364 2034 400 261 139 7578 395 347 277 1634 1534 1343 191 245 7183 1156 861 813 295 6027 599 256 209 147 343 237 145 115 62
is_linear=0
shrinkage=0.05


Tree=176
num_leaves=31
num_cat=0
split_feature=4 19 23 19 19 19 19 19 19 19 0 12 10 6 23 24 19 19 19 2 5 14 19 10 0 2 19 6 19 8
split_gain=125.032 14.5136 1.22651 2.9384 3.48462 1.6729 0.925628 1.04428 1.13203 1.03043 0.809303 1.36106 1.87279 0.772247 0.705153 0.657782 0.835281 0.65516 0.654871 0.612331 1.06291 0.980526 0.602053 0.956369 3.02916 0.693466 0.841228 1.35065 0.901911 1.13743
threshold=1.0000000180025095e-35 45.500000000000007 3.5000000000000004 50.500000000000007 53.500000000000007 48.500000000000007 63.500000000000007 54.500000000000007 48.500000000000007 57.500000000000007 7.166666666666667 0.052111111111111115 5.2361111111111116 0.09600000000000003 1.5000000000000002 2.2500000000000004 50.500000000000007 47.500000000000007 59.500000000000007 0.16833333333333336 6.9000000000000012 86.950000000000017 60.500000000000007 5.1055555555555561 5.8333333333333348 0.27833333333333338 65.500000000000014 0.067083333333333342 68.500000000000014 6.5500000000000007
decision_type=2 2 2 2 2 2 2 2 2 2 2 2 2 2 2 2 2 2 2 2 2 2 2 2 2 2 2 2 2 2
left_child=1 14 6 5 -5 -4 7 8 17 -9 22 12 -12 -14 -1 16 -10 -3 -6 -13 -21 -22 -2 24 25 26 -24 -28 -29 -30
right_child=10 2 3 4 18 -7 -8 9 15 -11 11 19 13 -15 -16 -17 -18 -19 -20 20 21 -23 23 -25 -26 -27 27 28 29 -31
leaf_value=-6.0023944955136488e-06 -0.00065340196267154595 -6.0023944955136488e-06 -0.0020027517381421139 1.7319022478234915e-05 -0.0015650643935502058 -6.0023944955136488e-06 -6.0023944955136488e-06 0.00098158771801605256 -6.0023944955136488e-06 -6.0023944955136488e-06 -0.027986092830170808 -0.022906541713751345 -0.0014780114632345965 0.091659210208144229 -6.0023944955136488e-06 -6.0023944955136488e-06 0.0099453807053101195 -6.0023944955136488e-06 -6.0023944955136488e-06 -0.04409170646046693 -0.0054222764582783026 0.03108045756672977 -0.0099108967099626587 -0.013936308147201527 0.066698461266906581 0.059781566600277759 0.0056091377576898754 0.03533328169974255 -0.01050118736099407 0.070337983128180778
leaf_weight=1107 6027 143 30 57 76 109 100 80 118 111 38 164 31 43 4223 854 56 172 128 45 43 31 382 256 54 44 57 64 248 51
leaf_count=1107 6027 143 30 57 76 109 100 80 118 111 38 164 31 43 4223 854 56 172 128 45 43 31 382 256 54 44 57 64 248 51
internal_value=-0.00518505 -0.00982482 -0.00623156 -0.00375 -0.000622605 -0.0096223 -0.00683905 -0.0065352 -0.00702718 -0.00307592 -0.0006763 -0.00287975 0.00178571 0.00641892 -0.0111961 -0.00783074 -0.00502874 -0.00440476 -0.00367647 -0.00472615 -0.0019958 0.00168919 -0.00055513 -0.00160035 -0.000833333 -0.00156619 -0.0019015 -0.000357143 -0.00148072 -0.00263378
internal_weight=14942 7364 2034 400 261 139 1634 1534 1343 191 7578 395 112 74 5330 1028 174 315 204 283 119 74 7183 1156 900 846 802 420 363 299
internal_count=14942 7364 2034 400 261 139 1634 1534 1343 191 7578 395 112 74 5330 1028 174 315 204 283 119 74 7183 1156 900 846 802 420 363 299
is_linear=0
shrinkage=0.05


Tree=177
num_leaves=31
num_cat=0
split_feature=4 19 23 19 19 19 19 19 19 19 1 14 12 10 9 3 12 7 19 24 10 10 7 1 5 2 4 1 4 10
split_gain=124.132 14.5136 1.22651 2.9384 3.48462 1.6729 0.925628 1.04428 1.13203 1.03043 0.740062 1.73349 1.71447 1.86212 1.14419 2.46376 2.41286 1.19616 1.00911 1.65143 0.999001 1.42849 0.978351 1.29695 1.58301 1.42974 1.13307 1.39801 1.41604 1.08659
threshold=1.0000000180025095e-35 45.500000000000007 3.5000000000000004 50.500000000000007 53.500000000000007 48.500000000000007 63.500000000000007 54.500000000000007 48.500000000000007 57.500000000000007 1.0000000180025095e-35 84.612500000000011 0.0010555555555555559 2.183333333333334 87.100000000000009 8.8333333333333339 0.041547619047619055 0.095500000000000015 45.500000000000007 3.2500000000000004 4.1833333333333345 3.5634920634920637 0.020000000000000014 0.01166666666666665 2.7750000000000004 0.029999999999999978 86.166666666666671 0.18166666666666673 69.833333333333357 3.8944444444444448
decision_type=2 2 2 2 2 2 2 2 2 2 2 2 2 2 2 2 2 2 2 2 2 2 2 2 2 2 2 2 2 2
left_child=1 -1 6 5 -5 -4 7 8 -3 -9 11 -2 13 -13 15 16 -14 -16 19 -15 21 -20 -12 29 25 26 27 28 -25 -24
right_child=10 2 3 4 -6 -7 -8 9 -10 -11 22 12 14 18 17 -17 -18 -19 20 -21 -22 -23 23 24 -26 -27 -28 -29 -30 -31
leaf_value=-5.7022747707379658e-06 -0.0033110548229315379 -5.7022747707379658e-06 -0.0019026141512350075 1.6453071354322058e-05 -5.7022747707379658e-06 -5.7022747707379658e-06 -5.7022747707379658e-06 0.00093250833211525053 -5.7022747707379658e-06 -5.7022747707379658e-06 0.00023455743942759068 0.052647356964677886 0.085565679118778645 -0.011441850424637584 0.0037953486843975148 -0.0021543581647636479 0.025209638466580732 0.070013673788518554 -0.0052688841580606164 0.027211669082052765 -0.044374411629822953 0.046152775346696331 -0.019726358297851344 -0.0042526034231203163 -0.00362982762129781 0.0019340106427725768 -0.027724543097158466 -0.028311560529516402 0.0073985244954819897 0.00018346224361425191
leaf_weight=5330 478 315 30 57 204 109 100 80 1028 111 1329 54 52 115 680 44 49 40 85 39 39 41 247 41 3126 816 87 44 83 89
leaf_count=5330 478 315 30 57 204 109 100 80 1028 111 1329 54 52 115 680 44 49 40 85 39 39 41 247 41 3126 816 87 44 83 89
internal_value=-0.00520178 -0.00982482 -0.00623156 -0.00375 -0.000622605 -0.0096223 -0.00683905 -0.0065352 -0.00702718 -0.00307592 -0.00070929 0.000203963 0.00119144 -0.00164209 0.00241329 0.00646552 0.0107673 0.00159722 -0.00309561 -0.00600649 -0.000378788 0.00178571 -0.000976629 -0.00132638 -0.00108709 0.000571895 -0.00269608 -0.000297619 0.00241935 -0.00431548
internal_weight=14942 7364 2034 400 261 139 1634 1534 1343 191 7578 1716 1238 373 865 145 101 720 319 154 165 126 5862 4533 4197 1071 255 168 124 336
internal_count=14942 7364 2034 400 261 139 1634 1534 1343 191 7578 1716 1238 373 865 145 101 720 319 154 165 126 5862 4533 4197 1071 255 168 124 336
is_linear=0
shrinkage=0.05


Tree=178
num_leaves=31
num_cat=0
split_feature=4 19 23 19 19 19 0 0 19 19 19 19 1 6 10 7 4 23 9 24 19 19 19 19 2 10 0 2 11 19
split_gain=124.672 14.5136 1.22651 2.9384 3.48462 1.6729 0.995177 1.11913 0.925628 1.04428 1.13203 1.03043 0.878264 1.70177 0.838806 0.823529 0.781887 0.705153 0.661293 0.657782 0.835281 0.65516 0.654871 0.576198 0.976524 1.3629 1.78464 1.33152 1.74222 0.752955
threshold=1.0000000180025095e-35 45.500000000000007 3.5000000000000004 50.500000000000007 53.500000000000007 48.500000000000007 7.166666666666667 10.16666666666667 63.500000000000007 54.500000000000007 48.500000000000007 57.500000000000007 0.32166666666666677 0.19225000000000003 7.5277777777777786 0.069000000000000047 60.250000000000007 1.5000000000000002 62.250000000000007 2.2500000000000004 50.500000000000007 47.500000000000007 59.500000000000007 60.500000000000007 0.24500000000000002 4.9500000000000011 5.8333333333333348 0.35583333333333339 0.10118055555555557 52.500000000000007
decision_type=2 2 2 2 2 2 2 2 2 2 2 2 2 2 2 2 2 2 2 2 2 2 2 2 2 2 2 2 2 2
left_child=1 17 8 5 -5 -4 16 12 9 10 21 -11 13 14 -8 -14 -2 -1 -18 20 -12 -3 -6 29 25 26 -25 28 -26 -20
right_child=6 2 3 4 22 -7 7 -9 -10 11 19 -13 15 -15 -16 -17 18 -19 23 -21 -22 -23 -24 24 27 -27 -28 -29 -30 -31
leaf_value=-5.4171610322010683e-06 0.00032610692576156013 -5.4171610322010683e-06 -0.0018074834436732552 1.5630417786605124e-05 -0.0014865260601341524 -5.4171610322010683e-06 -0.021579723246998889 0.024233223463936016 -5.4171610322010683e-06 0.00088588291550948945 -5.4171610322010683e-06 -5.4171610322010683e-06 -0.01351513755379067 0.0153249510962594 0.0017671143835535433 -0.037346038878480217 -0.0034403896700524908 -5.4171610322010683e-06 -0.0012823947188442626 -5.4171610322010683e-06 0.0094483967837831542 -5.4171610322010683e-06 -5.4171610322010683e-06 -0.0041241218355078076 -0.0034212660298477168 -0.022425840319370272 0.096200430758234326 -0.0031715253436981287 0.14018703238832372 0.00086408952965437999
leaf_weight=1107 30 143 30 57 76 109 188 33 100 80 118 111 35 31 58 50 49 4223 4446 854 56 172 128 734 30 234 42 55 45 1518
leaf_count=1107 30 143 30 57 76 109 188 33 100 80 118 111 35 31 58 50 49 4223 4446 854 56 172 128 734 30 234 42 55 45 1518
internal_value=-0.00519174 -0.00982482 -0.00623156 -0.00375 -0.000622605 -0.0096223 -0.000689496 -0.00313291 -0.00683905 -0.0065352 -0.00702718 -0.00307592 -0.00393646 -0.0025722 -0.00396341 -0.00838235 -0.00055513 -0.0111961 -0.000588914 -0.00783074 -0.00502874 -0.00440476 -0.00367647 -0.000548986 -0.00157895 -0.00210396 -0.00109536 0.0025 0.00683333 -0.000352113
internal_weight=14942 7364 2034 400 261 139 7578 395 1634 1534 1343 191 362 277 246 85 7183 5330 7153 1028 174 315 204 7104 1140 1010 776 130 75 5964
internal_count=14942 7364 2034 400 261 139 7578 395 1634 1534 1343 191 362 277 246 85 7183 5330 7153 1028 174 315 204 7104 1140 1010 776 130 75 5964
is_linear=0
shrinkage=0.05


Tree=179
num_leaves=31
num_cat=0
split_feature=4 19 23 19 19 19 19 19 19 19 0 12 12 17 23 24 19 19 19 1 8 5 0 8 14 14 4 8 4 8
split_gain=124.852 14.5136 1.22651 2.9384 3.48462 1.6729 0.925628 1.04428 1.13203 1.03043 0.89984 1.18084 1.31012 1.67203 0.705153 0.657782 0.835281 0.65516 0.654871 0.612307 0.94643 0.724286 0.601934 2.22959 1.31867 1.94432 2.93518 1.61973 1.17687 0.982456
threshold=1.0000000180025095e-35 45.500000000000007 3.5000000000000004 50.500000000000007 53.500000000000007 48.500000000000007 63.500000000000007 54.500000000000007 48.500000000000007 57.500000000000007 7.166666666666667 0.052111111111111115 0.039500000000000007 9.5000000000000018 1.5000000000000002 2.2500000000000004 50.500000000000007 47.500000000000007 59.500000000000007 0.28833333333333339 5.5500000000000007 5.9000000000000012 5.5833333333333348 2.1000000000000005 85.788888888888906 84.211111111111123 86.166666666666671 7.366666666666668 86.166666666666671 4.4500000000000011
decision_type=2 2 2 2 2 2 2 2 2 2 2 2 2 2 2 2 2 2 2 2 2 2 2 2 2 2 2 2 2 2
left_child=1 14 6 5 -5 -4 7 8 17 -9 22 12 13 -12 -1 16 -10 -3 -6 21 -21 -13 -2 -24 25 26 27 29 -26 -25
right_child=10 2 3 4 18 -7 -8 9 15 -11 11 19 -14 -15 -16 -17 -18 -19 -20 20 -22 -23 23 24 28 -27 -28 -29 -30 -31
leaf_value=-5.1463029805910151e-06 -0.0014409482930590189 -5.1463029805910151e-06 -0.0017171092714895948 1.4848896897273756e-05 -0.0014121997571274428 -5.1463029805910151e-06 -5.1463029805910151e-06 0.00084158876973401415 -5.1463029805910151e-06 -5.1463029805910151e-06 0.083495091466452537 -0.049430175035145324 0.059838423984081748 -0.061417758553914806 -5.1463029805910151e-06 -5.1463029805910151e-06 0.0089759769445939951 -5.1463029805910151e-06 -5.1463029805910151e-06 -0.0044062073751360287 -0.035632377028811849 -0.0062450407197288896 0.035209357182667114 -0.0024216993187168301 0.087885724304980761 -0.043302638973234581 0.11895022421401982 0.0013903152791648083 0.0012673564612245575 -0.0095917614110900447
leaf_weight=1107 6466 143 30 57 76 109 100 80 118 111 39 42 31 42 4223 854 56 172 128 30 61 150 57 56 34 70 35 70 299 96
leaf_count=1107 6466 143 30 57 76 109 100 80 118 111 39 42 31 42 4223 854 56 172 128 30 61 150 57 56 34 70 35 70 299 96
internal_value=-0.0051884 -0.00982482 -0.00623156 -0.00375 -0.000622605 -0.0096223 -0.00683905 -0.0065352 -0.00702718 -0.00307592 -0.000682898 -0.00300633 0.00133929 -0.00200617 -0.0111961 -0.00783074 -0.00502874 -0.00440476 -0.00367647 -0.00472615 -0.0081044 -0.003125 -0.00055513 0.000819386 0 -0.00225535 -0.000243191 -0.00236486 0.00221471 -0.00526316
internal_weight=14942 7364 2034 400 261 139 1634 1534 1343 191 7578 395 112 81 5330 1028 174 315 204 283 91 192 7183 717 660 327 257 222 333 152
internal_count=14942 7364 2034 400 261 139 1634 1534 1343 191 7578 395 112 81 5330 1028 174 315 204 283 91 192 7183 717 660 327 257 222 333 152
is_linear=0
shrinkage=0.05


Tree=180
num_leaves=31
num_cat=0
split_feature=4 19 4 19 19 19 19 23 19 19 24 19 19 1 2 9 4 10 19 1 6 1 6 1 23 23 2 13 4 6
split_gain=129.401 13.6829 1.80702 1.07068 2.38159 1.36177 2.76061 2.11587 2.47534 0.903145 1.1972 0.681081 0.816582 0.670994 1.32048 1.21713 1.22179 1.05512 1.07531 0.939625 0.902923 0.785107 0.68295 0.94697 0.657085 0.600156 0.588118 0.579261 0.926518 0.643431
threshold=1.0000000180025095e-35 45.500000000000007 60.250000000000007 48.500000000000007 50.500000000000007 58.500000000000007 55.500000000000007 3.5000000000000004 53.500000000000007 47.500000000000007 2.7500000000000004 54.500000000000007 51.500000000000007 0.2950000000000001 0.11166666666666668 72.100000000000009 78.583333333333357 3.6125000000000003 52.500000000000007 0.3658333333333334 0.39300000000000007 0.4883333333333334 0.2429166666666667 0.33833333333333343 1.5000000000000002 3.5000000000000004 0.083333333333333356 5.4365079365079376 89.833333333333357 0.35633333333333334
decision_type=2 2 2 2 2 2 2 2 2 2 2 2 2 2 2 2 2 2 2 2 2 2 2 2 2 2 2 2 2 2
left_child=1 24 -2 9 25 6 7 11 -9 -3 -11 12 -6 20 15 -15 22 -18 -19 -20 -4 -21 -17 -24 -1 -5 -23 -16 29 -29
right_child=2 3 13 4 5 -7 -8 8 -10 10 -12 -13 -14 14 27 16 17 18 19 21 -22 26 23 -25 -26 -27 -28 28 -30 -31
leaf_value=-4.8889878315614648e-06 0.0012901283755098359 -4.8889878315614648e-06 -0.0010681841408653248 -4.8889878315614648e-06 -0.0073025576565093264 -4.8889878315614648e-06 0.00079950933124731116 1.4106452052409235e-05 -0.0020668815402543395 0.029138790969526231 -4.8889878315614648e-06 -0.028799535482766016 -4.8889878315614648e-06 0.0050372197421990035 -0.025033885293182567 -0.012272867919943923 0.069686893565676256 -0.033338956913563859 0.019368727479422754 -0.016431231415094595 0.038549556140100097 -0.0062984167178124495 0.017497180246200502 -0.0089140739742815563 -4.8889878315614648e-06 -4.8889878315614648e-06 0.0038438829814037624 -0.011898727233921769 -0.056456803466771947 0.028578865975297331
leaf_weight=1098 37 164 6783 697 51 305 77 44 67 37 162 55 304 80 87 38 59 34 35 46 38 83 30 80 4140 103 35 40 56 33
leaf_count=1098 37 164 6783 697 51 305 77 44 67 37 162 55 304 80 87 38 59 34 35 46 38 83 30 80 4140 103 35 40 56 33
internal_value=-0.00511981 -0.0098713 -0.000549776 -0.00642546 -0.00695097 -0.00519103 -0.00380435 -0.00511036 0.00101351 -0.00396006 -0.00169598 -0.00676829 -0.00757042 -0.000603745 -0.00203804 -0.000673077 -0.00170455 0.000171233 -0.0013412 6.28141e-05 -0.000448981 -0.00152439 -0.00540541 -0.00340909 -0.0112304 -0.0089375 0.000635593 -0.00532407 -0.00319767 0.000513699
internal_weight=14898 7304 7594 2066 1703 903 598 521 111 363 199 410 355 7557 736 520 440 292 233 199 6821 164 148 110 5238 800 118 216 129 73
internal_count=14898 7304 7594 2066 1703 903 598 521 111 363 199 410 355 7557 736 520 440 292 233 199 6821 164 148 110 5238 800 118 216 129 73
is_linear=0
shrinkage=0.05


Tree=181
num_leaves=31
num_cat=0
split_feature=4 19 19 19 19 19 23 19 1 6 5 7 10 3 5 1 14 6 19 24 1 4 19 19 23 17 23 17 4 10
split_gain=128.125 13.6829 1.07068 2.38159 1.36177 2.76061 2.11587 2.47534 1.03503 1.67851 1.77352 1.20425 0.978751 1.19442 1.03831 1.06795 1.28801 1.14412 0.903145 1.1972 0.69284 0.700397 0.681081 0.816582 0.657085 0.642408 0.600156 0.545113 0.803913 0.534356
threshold=1.0000000180025095e-35 45.500000000000007 48.500000000000007 50.500000000000007 58.500000000000007 55.500000000000007 3.5000000000000004 53.500000000000007 0.2950000000000001 0.53500000000000014 4.7750000000000012 0.0080000000000000088 5.4142857142857155 4.8333333333333348 3.9000000000000004 0.36833333333333335 82.414285714285725 0.2429166666666667 47.500000000000007 2.7500000000000004 0.28500000000000009 60.250000000000007 54.500000000000007 51.500000000000007 1.5000000000000002 9.5000000000000018 3.5000000000000004 6.5000000000000009 86.833333333333357 1.8452380952380956
decision_type=2 2 2 2 2 2 2 2 2 2 2 2 2 2 2 2 2 2 2 2 2 2 2 2 2 2 2 2 2 2
left_child=1 24 18 26 5 6 22 -8 20 11 -11 -10 14 -14 27 17 -17 -16 -3 -20 21 -2 23 -5 -1 -12 -4 -13 -29 -23
right_child=8 2 3 4 -6 -7 7 -9 9 10 25 12 13 -15 15 16 -18 -19 19 -21 -22 29 -24 -25 -26 -27 -28 28 -30 -31
leaf_value=-4.6445384399833912e-06 0.0012256219567343463 -4.6445384399833912e-06 -4.6445384399833912e-06 -0.0069374297736838593 -4.6445384399833912e-06 0.00075953386468494708 1.3401129449785998e-05 -0.0019635374632416269 0.017989049455805817 0.037159019184735652 0.0010117944890931415 -0.0077231051348992889 -0.00038443675608315078 -0.021978893069452578 -0.0030638669036961415 0.050789516813794233 -0.057889470208666839 0.10573543206008076 0.027681851421049921 -4.6445384399833912e-06 0.088876802089560947 -0.0020884356651766885 -0.027359558708627715 -4.6445384399833912e-06 -4.6445384399833912e-06 -0.057582119705504288 -4.6445384399833912e-06 -0.022702177957263092 -0.0078103464825754259 -0.00087856031122163225
leaf_weight=1098 37 164 697 51 305 77 44 67 33 37 50 70 48 104 34 42 61 59 37 162 37 520 55 304 4140 65 103 77 56 6264
leaf_count=1098 37 164 697 51 305 77 44 67 33 37 50 70 48 104 34 42 61 59 37 162 37 520 55 304 4140 65 103 77 56 6264
internal_value=-0.00514331 -0.0098713 -0.00642546 -0.00695097 -0.00519103 -0.00380435 -0.00511036 0.00101351 -0.000595865 -0.00237772 0.00230263 -0.00359589 -0.00415154 -0.00756579 -0.00285088 -0.000255102 -0.00376214 0.00362903 -0.00396006 -0.00169598 -0.000404637 -0.000441651 -0.00676829 -0.00757042 -0.0112304 -0.00076087 -0.0089375 -0.00535714 -0.00723684 -0.000479068
internal_weight=14898 7304 2066 1703 903 598 521 111 7594 736 152 584 551 152 399 196 103 93 363 199 6858 6821 410 355 5238 115 800 203 133 6784
internal_count=14898 7304 2066 1703 903 598 521 111 7594 736 152 584 551 152 399 196 103 93 363 199 6858 6821 410 355 5238 115 800 203 133 6784
is_linear=0
shrinkage=0.05


Tree=182
num_leaves=31
num_cat=0
split_feature=4 19 19 19 19 19 23 19 19 24 4 19 19 23 7 12 0 11 12 2 9 19 9 3 7 0 17 9 26 10
split_gain=129.218 13.6829 1.07068 2.38159 1.36177 2.76061 2.11587 2.47534 0.903145 1.1972 0.723613 0.681081 0.816582 0.657085 0.646633 1.02987 1.42237 0.811321 0.80893 0.83864 0.854362 1.28854 1.04744 0.914882 0.838618 0.765269 1.02201 0.759084 0.688018 0.632557
threshold=1.0000000180025095e-35 45.500000000000007 48.500000000000007 50.500000000000007 58.500000000000007 55.500000000000007 3.5000000000000004 53.500000000000007 47.500000000000007 2.7500000000000004 60.250000000000007 54.500000000000007 51.500000000000007 1.5000000000000002 0.17675000000000005 0.2960000000000001 5.166666666666667 0.33050000000000007 0.13267857142857145 0.18833333333333338 84.90000000000002 68.500000000000014 88.90000000000002 5.5833333333333348 0.23100000000000004 5.166666666666667 9.5000000000000018 102.40000000000002 1.0000000180025095e-35 1.8452380952380956
decision_type=2 2 2 2 2 2 2 2 2 2 2 2 2 2 2 2 2 2 2 2 2 2 2 2 2 2 2 2 2 2
left_child=1 13 8 -4 5 6 11 -8 -3 -10 -2 12 -5 -1 27 17 -17 18 -16 25 23 22 -22 -21 -24 26 -20 29 -25 -12
right_child=10 2 3 4 -6 -7 7 -9 9 -11 14 -13 -14 -15 15 16 -18 -19 19 20 21 -23 24 28 -26 -27 -28 -29 -30 -31
leaf_value=-4.412311517984222e-06 0.001164340858897628 -4.412311517984222e-06 -4.412311517984222e-06 -0.0065905582849996661 -4.412311517984222e-06 0.00072155717145069853 1.2731072977295589e-05 -0.0018653605900795457 0.026297758849997424 -4.412311517984222e-06 -0.0020901629670203813 -0.025991580773196327 -4.412311517984222e-06 -4.412311517984222e-06 -0.032868457869654276 0.1413928033066508 -0.0015963241978091403 -0.054214510391317999 0.21162281510211645 -0.00083463229566055341 0.096207436606084981 -0.034368872895576434 -0.036278421223557671 -0.017368505158329994 0.0071775385854483849 0.023792730010441555 -0.0063109152216268786 0.029447081992280234 -0.036413970702829181 -0.00080603775151406052
leaf_weight=1098 37 164 800 51 305 77 44 67 37 162 517 55 304 4140 61 31 63 59 31 153 44 56 38 47 45 33 51 30 48 6250
leaf_count=1098 37 164 800 51 305 77 44 67 37 162 517 55 304 4140 61 31 63 59 31 153 44 56 38 47 45 33 51 30 48 6250
internal_value=-0.00512317 -0.0098713 -0.00642546 -0.00695097 -0.00519103 -0.00380435 -0.00511036 0.00101351 -0.00396006 -0.00169598 -0.00055636 -0.00676829 -0.00757042 -0.0112304 -0.000590512 -0.00197368 0.00292553 -0.00266517 -0.00212109 -0.00151099 -0.0025232 6.8306e-05 0.00285433 -0.00443548 -0.000451807 0.00228261 -0.000304878 -0.000435854 -0.00828947 -0.000471036
internal_weight=14898 7304 2066 1703 903 598 521 111 363 199 7594 410 355 5238 7557 760 94 666 607 546 431 183 127 248 83 115 82 6797 95 6767
internal_count=14898 7304 2066 1703 903 598 521 111 363 199 7594 410 355 5238 7557 760 94 666 607 546 431 183 127 248 83 115 82 6797 95 6767
is_linear=0
shrinkage=0.05


Tree=183
num_leaves=31
num_cat=0
split_feature=4 19 19 19 19 19 23 19 19 24 4 9 19 19 23 7 12 7 19 4 3 6 10 2 3 10 5 8 7 12
split_gain=129.401 13.6829 1.07068 2.38159 1.36177 2.76061 2.11587 2.47534 0.903145 1.1972 0.718779 0.885808 0.681081 0.816582 0.657085 0.609142 1.01562 0.804566 0.903926 0.806692 1.2075 0.832254 1.49703 0.866165 0.751192 0.679543 0.962986 1.34404 2.70733 1.30399
threshold=1.0000000180025095e-35 45.500000000000007 48.500000000000007 50.500000000000007 58.500000000000007 55.500000000000007 3.5000000000000004 53.500000000000007 47.500000000000007 2.7500000000000004 61.250000000000007 62.250000000000007 54.500000000000007 51.500000000000007 1.5000000000000002 0.17900000000000002 0.2960000000000001 0.1826666666666667 62.500000000000007 81.833333333333357 5.5833333333333348 0.03100000000000001 4.5857142857142863 0.26500000000000007 3.8333333333333335 1.8452380952380956 2.5500000000000003 8.7750000000000021 0.05775000000000001 0.037638888888888895
decision_type=2 2 2 2 2 2 2 2 2 2 2 2 2 2 2 2 2 2 2 2 2 2 2 2 2 2 2 2 2 2
left_child=1 14 8 -4 5 6 12 -8 -3 -10 -2 -12 13 -5 -1 25 17 -17 19 -19 -21 -22 23 -23 -20 -13 27 -27 29 -29
right_child=10 2 3 4 -6 -7 7 -9 9 -11 11 15 -14 -15 -16 16 -18 18 24 20 21 22 -24 -25 -26 26 -28 28 -30 -31
leaf_value=-4.1916959420850107e-06 0.0011061238159527475 -4.1916959420850107e-06 -4.1916959420850107e-06 -0.0062610303707496835 -4.1916959420850107e-06 0.0006854793128781623 1.2094519328431641e-05 -0.0017720925605755667 0.024982870907497554 -4.1916959420850107e-06 -0.004659587252918043 -0.0019856548186693627 -0.024692001734536513 -4.1916959420850107e-06 -4.1916959420850107e-06 -0.052441741230996722 0.0020886080511109627 -0.0042023877505932448 0.0029726519622792049 0.10159481386911424 0.0132651458047998 -0.0021291754989593236 0.0044936719304669026 -0.055452097295289042 -0.020901436536103386 0.00044790022969870005 -0.0013437531655123625 0.029991382801805456 0.11041312398417445 -0.01795648280821038
leaf_weight=1098 57 164 800 51 305 77 44 67 37 162 30 517 55 304 4140 37 94 148 38 33 37 39 53 42 212 1241 4825 124 33 34
leaf_count=1098 57 164 800 51 305 77 44 67 37 162 30 517 55 304 4140 37 94 148 38 33 37 39 53 42 212 1241 4825 124 33 34
internal_value=-0.00511981 -0.0098713 -0.00642546 -0.00695097 -0.00519103 -0.00380435 -0.00511036 0.00101351 -0.00396006 -0.00169598 -0.000549776 -0.000592079 -0.00676829 -0.00757042 -0.0112304 -0.000557813 -0.00192701 -0.00264085 -0.002201 -0.000568182 0.00147059 -0.000219298 -0.00205224 -0.00632716 -0.0045 -0.000409655 -0.000265702 0.000872905 0.00477749 0.00205696
internal_weight=14898 7304 2066 1703 903 598 521 111 363 199 7594 7537 410 355 5238 7507 733 639 602 352 204 171 134 81 250 6774 6257 1432 191 158
internal_count=14898 7304 2066 1703 903 598 521 111 363 199 7594 7537 410 355 5238 7507 733 639 602 352 204 171 134 81 250 6774 6257 1432 191 158
is_linear=0
shrinkage=0.05


Tree=184
num_leaves=31
num_cat=0
split_feature=4 19 19 19 19 19 23 19 19 24 19 19 23 23 13 7 7 10 12 10 5 6 13 12 12 8 19 11 23 1
split_gain=129.584 13.6829 1.07068 2.38159 1.36177 2.76061 2.11587 2.47534 0.903145 1.1972 0.681081 0.816582 0.657085 0.600156 0.526243 1.4118 1.30461 2.04168 1.05733 0.936396 1.02876 3.08031 1.49681 1.45262 1.27004 0.934993 1.25585 1.25568 1.50722 0.761392
threshold=1.0000000180025095e-35 45.500000000000007 48.500000000000007 50.500000000000007 58.500000000000007 55.500000000000007 3.5000000000000004 53.500000000000007 47.500000000000007 2.7500000000000004 54.500000000000007 51.500000000000007 1.5000000000000002 3.5000000000000004 10.316666666666668 0.0029166666666666672 0.014000000000000011 4.3166666666666673 0.01292857142857143 2.5857142857142863 3.2250000000000005 0.063666666666666691 11.211111111111112 0.07105555555555558 0.043541666666666673 10.100000000000001 43.500000000000007 0.042678571428571441 2.5000000000000004 0.02583333333333333
decision_type=2 2 2 2 2 2 2 2 2 2 2 2 2 2 2 2 2 2 2 2 2 2 2 2 2 2 2 2 2 2
left_child=1 12 8 13 5 6 10 -8 -3 -10 11 -5 -1 -4 25 -16 17 18 -17 -18 21 29 -22 24 -24 -2 -27 -28 -29 -21
right_child=14 2 3 4 -6 -7 7 -9 9 -11 -12 -13 -14 -15 15 16 19 -19 -20 20 22 -23 23 -25 -26 26 27 28 -30 -31
leaf_value=-3.982111144980761e-06 -0.00080892387775047822 -3.982111144980761e-06 -3.982111144980761e-06 -0.0059479788522121997 -3.982111144980761e-06 0.00065120534723425163 1.1489793362007284e-05 -0.00168348793254679 0.023733727362122675 -3.982111144980761e-06 -0.023457401647809687 -3.982111144980761e-06 -3.982111144980761e-06 -3.982111144980761e-06 -0.0056596034255117153 0.0014283013216518454 -0.034534599817840246 -0.026631459945330806 0.051521638994617772 0.0030929085538499825 -0.031209814974684297 0.076837292190644335 -0.0075001935312175305 -0.015676724952201539 0.060947748867005894 0.14057712514131557 -0.020957485500988748 0.16594472244869687 -0.00055365650074097334 -0.017610045021045184
leaf_weight=1098 6570 164 697 51 305 77 44 67 37 162 55 304 4140 103 38 38 30 45 32 57 160 43 52 151 56 44 61 50 108 59
leaf_count=1098 6570 164 697 51 305 77 44 67 37 162 55 304 4140 103 38 38 30 45 32 57 160 43 52 151 56 44 61 50 108 59
internal_value=-0.00511646 -0.0098713 -0.00642546 -0.00695097 -0.00519103 -0.00380435 -0.00511036 0.00101351 -0.00396006 -0.00169598 -0.00676829 -0.00757042 -0.0112304 -0.0089375 -0.000543192 -0.00179041 -0.00129668 0.00358696 0.00892857 -0.00222039 -0.00177336 0.00165094 -0.00307279 -0.000723938 0.0037037 -0.000404288 0.00251901 0.00097032 0.00332278 -0.00258621
internal_weight=14898 7304 2066 1703 903 598 521 111 363 199 410 355 5238 800 7594 761 723 115 70 608 578 159 419 259 108 6833 263 219 158 116
internal_count=14898 7304 2066 1703 903 598 521 111 363 199 410 355 5238 800 7594 761 723 115 70 608 578 159 419 259 108 6833 263 219 158 116
is_linear=0
shrinkage=0.05


Tree=185
num_leaves=31
num_cat=0
split_feature=4 19 19 19 19 19 19 19 19 24 11 19 13 5 10 2 12 11 4 13 8 5 12 4 10 12 0 10 10 19
split_gain=127.53 14.8813 1.59596 3.22302 2.78066 2.11979 3.48558 0.856994 0.818473 0.78125 0.726013 1.36516 2.24891 0.959584 1.18962 1.59127 1.15088 1.14838 1.11364 0.877577 1.35701 1.77006 1.64375 1.77126 1.48048 0.884689 0.845705 0.884171 2.14374 1.84712
threshold=1.0000000180025095e-35 46.500000000000007 50.500000000000007 48.500000000000007 53.500000000000007 54.500000000000007 57.500000000000007 64.500000000000014 47.500000000000007 2.7500000000000004 0.08316666666666668 52.500000000000007 9.2928571428571463 4.7750000000000012 3.7888888888888892 0.19500000000000003 0.0070714285714285731 0.074722222222222245 86.166666666666671 5.0500000000000007 7.291666666666667 3.9000000000000004 0.09183333333333335 80.166666666666671 4.8944444444444457 0.12950000000000003 5.5833333333333348 4.4722222222222232 4.2111111111111121 43.500000000000007
decision_type=2 2 2 2 2 2 2 2 2 2 2 2 2 2 2 2 2 2 2 2 2 2 2 2 2 2 2 2 2 2
left_child=1 -1 3 8 -4 -6 -7 -8 -3 -10 11 13 19 17 -15 16 -16 26 -19 -13 21 -21 -22 -24 -23 -25 27 28 -2 -30
right_child=10 2 4 -5 5 6 7 -9 9 -11 -12 12 -14 14 15 -17 -18 18 -20 20 22 24 23 25 -26 -27 -28 -29 29 -31
leaf_value=-3.783005587731723e-06 -0.0012361837670102765 -3.783005587731723e-06 1.091530369390914e-05 -3.783005587731723e-06 -3.783005587731723e-06 0.00061864507987253743 -3.783005587731723e-06 -3.783005587731723e-06 0.022547040994016544 -3.783005587731723e-06 -0.0025549031732967965 0.0010518501796163455 -0.015213191869062627 -0.057676734099308541 0.011515263719340885 0.0060170073582471954 -0.017277318929522802 0.067803597384579861 -9.8071830786394815e-05 0.070763495237448834 0.029621207867813415 -0.027812349092487157 0.0038439518064238482 -0.025818186755574787 0.080832897153088931 -0.0030540572769567511 0.029179650695435114 -0.026895226989708074 -0.0042009950702147913 0.17785912031468515
leaf_weight=5291 2718 130 203 801 236 126 209 152 40 160 3166 270 235 54 77 43 263 45 55 110 131 47 35 55 42 40 65 102 31 42
leaf_count=5291 2718 130 203 801 236 126 209 152 40 160 3166 270 235 54 77 43 263 45 55 110 131 47 35 55 42 40 65 102 31 42
internal_value=-0.00506378 -0.00976456 -0.00615581 -0.007416 -0.00461663 -0.00606846 -0.00418378 -0.00668283 -0.00325758 -0.00125 -0.000534356 -0.000123318 0.00154145 -0.000582976 -0.0027746 -0.00179504 -0.00294118 -0.000269784 0.005 0.00291096 0.00423913 0.00734925 0.00186782 -0.00211538 0.00210674 -0.00565789 -0.000447938 -0.000574663 -0.00040756 0.00804795
internal_weight=14974 7348 2057 1131 926 723 487 361 330 200 7626 4460 965 3495 437 383 340 3058 100 730 460 199 261 130 89 95 2958 2893 2791 73
internal_count=14974 7348 2057 1131 926 723 487 361 330 200 7626 4460 965 3495 437 383 340 3058 100 730 460 199 261 130 89 95 2958 2893 2791 73
is_linear=0
shrinkage=0.05


Tree=186
num_leaves=31
num_cat=0
split_feature=4 19 19 19 23 19 19 19 19 19 12 9 5 13 19 10 24 6 6 6 12 14 6 13 10 0 0 9 12 19
split_gain=127.369 14.4514 1.75076 2.78066 3.19317 2.74332 2.11979 3.48558 1.02535 0.966891 1.45402 1.13127 1.0953 1.08101 1.01087 1.23568 1.06799 1.00903 1.72893 1.00559 0.994362 1.07197 0.994118 0.97148 1.09358 1.0973 0.880001 0.956325 1.03081 0.856994
threshold=1.0000000180025095e-35 46.500000000000007 50.500000000000007 53.500000000000007 3.5000000000000004 48.500000000000007 54.500000000000007 57.500000000000007 51.500000000000007 62.500000000000007 0.13828571428571432 73.90000000000002 8.6750000000000025 8.1833333333333353 65.500000000000014 4.2678571428571432 2.7500000000000004 0.2429166666666667 0.052250000000000012 0.22100000000000003 0.14828571428571433 85.105555555555569 0.26900000000000007 7.4142857142857155 3.3875000000000006 2.1666666666666674 5.166666666666667 85.100000000000009 0.11050000000000001 64.500000000000014
decision_type=2 2 2 2 2 2 2 2 2 2 2 2 2 2 2 2 2 2 2 2 2 2 2 2 2 2 2 2 2 2
left_child=1 -1 5 4 8 -3 -5 -8 -4 10 -2 -12 14 20 15 16 -11 18 -16 26 21 -13 -19 24 25 -22 27 -20 -29 -9
right_child=9 2 3 6 -6 -7 7 29 -10 12 11 13 -14 -15 17 -17 -18 22 19 -21 23 -23 -24 -25 -26 -27 -28 28 -30 -31
leaf_value=-3.5938553083451368e-06 -0.0011229863765176375 -3.5938553083451368e-06 0.04003275937850425 -3.5938553083451368e-06 1.0369538509213962e-05 -3.5938553083451368e-06 0.00058771282587891105 -3.5938553083451368e-06 -3.5924092688319304e-05 -0.047452915024689478 -0.010752094310185407 0.077053349729180987 0.036328290385708242 -0.00084948907185297131 0.048419217967843244 -0.029976868678454168 0.001105750092315183 0.16270823246879862 -0.010248434727679889 -0.0556483603629261 0.0027891212393652389 0.032576528674141028 -0.0014225913973879289 0.08849103706556774 0.0052989620970227223 -0.037899418392786682 0.013896799670893379 0.091062043210715676 -0.052860624749788192 -3.5938553083451368e-06
leaf_weight=5291 5912 330 50 236 56 801 126 209 97 34 66 31 30 150 50 144 132 45 126 35 50 34 363 42 171 59 50 44 58 152
leaf_count=5291 5912 330 50 236 56 801 126 209 97 34 66 31 30 150 50 144 132 45 126 35 50 34 363 42 171 59 50 44 58 152
internal_value=-0.00508715 -0.00978498 -0.00622873 -0.00461663 0.000554187 -0.00754863 -0.00606846 -0.00418378 -0.00331633 -0.000560582 -0.000328089 0.00201078 -0.00192394 0.00277002 -0.00218548 -0.00459677 -0.00165663 -0.00121595 -0.00313361 -0.00451278 0.00416667 0.00980769 0.000490196 0.00302795 0.00196429 -0.00194954 -0.00350719 -0.00482456 -0.00122549 -0.00668283
internal_weight=14974 7348 2057 926 203 1131 723 487 147 7626 6515 603 1111 537 1081 310 166 771 363 313 387 65 408 322 280 109 278 228 102 361
internal_count=14974 7348 2057 926 203 1131 723 487 147 7626 6515 603 1111 537 1081 310 166 771 363 313 387 65 408 322 280 109 278 228 102 361
is_linear=0
shrinkage=0.05


Tree=187
num_leaves=31
num_cat=0
split_feature=4 19 19 19 23 19 19 19 19 19 23 19 12 7 12 12 8 5 2 4 10 19 2 9 17 1 12 11 1 7
split_gain=127.007 14.4514 1.75076 2.78066 3.19317 2.74332 2.11979 3.48558 1.02535 0.856994 1.01341 0.826155 1.04808 1.2274 1.03532 1.43247 1.15182 1.27644 1.05105 0.997886 0.961048 0.893377 2.05225 1.44045 1.25283 1.18204 1.44144 1.32472 1.21132 1.29018
threshold=1.0000000180025095e-35 46.500000000000007 50.500000000000007 53.500000000000007 3.5000000000000004 48.500000000000007 54.500000000000007 57.500000000000007 51.500000000000007 64.500000000000014 3.5000000000000004 62.500000000000007 0.12950000000000003 0.099000000000000046 0.10211111111111114 0.084142857142857172 4.5500000000000007 7.9000000000000012 0.19500000000000003 86.416666666666671 1.8944444444444446 52.500000000000007 0.09666666666666672 74.225000000000009 8.5000000000000018 0.11666666666666671 0.049500000000000009 0.096833333333333341 0.09666666666666672 0.017083333333333336
decision_type=2 2 2 2 2 2 2 2 2 2 2 2 2 2 2 2 2 2 2 2 2 2 2 2 2 2 2 2 2 2
left_child=1 -1 5 4 8 -3 -5 -8 -4 10 -9 12 13 21 15 -13 18 -18 -16 -17 -15 25 23 -23 -24 28 -27 -28 -2 -30
right_child=11 2 3 6 -6 -7 7 9 -10 -11 -12 14 -14 20 16 19 17 -19 -20 -21 -22 22 24 -25 -26 26 27 -29 29 -31
leaf_value=-3.4141625429278798e-06 -0.00107418349851231 -3.4141625429278798e-06 0.038031121409579038 -3.4141625429278798e-06 9.8510615837543731e-06 -3.4141625429278798e-06 0.00055832718458496695 -3.4141625429278798e-06 -3.4127888053903336e-05 -3.4141625429278798e-06 0.0015657329298142952 -0.0062027533242736913 0.0028540157665896352 0.0001322462821161996 0.079118355657844391 0.00021826500609971601 -0.010920608893714845 0.010998633269555358 -0.0078681922744879545 0.11127222492747846 -0.008741444607801175 0.013590621706330928 0.028912241882483109 -0.00073686053930975938 0.099096260529339397 -0.0011330765899663865 0.0012053828012550548 -0.027453233888699604 -0.0047658741029433047 0.010976692593843413
leaf_weight=5291 3098 330 50 236 56 801 126 144 97 152 65 455 721 37 50 41 410 35 86 34 557 187 44 1023 31 469 42 162 32 112
leaf_count=5291 3098 330 50 236 56 801 126 144 97 152 65 455 721 37 50 41 410 35 86 34 557 187 44 1023 31 469 42 162 32 112
internal_value=-0.00509383 -0.00978498 -0.00622873 -0.00461663 0.000554187 -0.00754863 -0.00606846 -0.00418378 -0.00331633 -0.00668283 -0.00460526 -0.000573695 -0.000358787 -0.000582499 -0.00183393 -0.000235849 -0.00329174 -0.00452247 0.000735294 0.00616667 -0.00273569 -0.000336538 0.000807393 0.000309917 0.00883333 -0.000712005 -0.00261887 -0.00612745 -0.000316163 0.00416667
internal_weight=14974 7348 2057 926 203 1131 723 487 147 361 209 7626 6515 5794 1111 530 581 445 136 75 594 5200 1285 1210 75 3915 673 204 3242 144
internal_count=14974 7348 2057 926 203 1131 723 487 147 361 209 7626 6515 5794 1111 530 581 445 136 75 594 5200 1285 1210 75 3915 673 204 3242 144
is_linear=0
shrinkage=0.05


Tree=188
num_leaves=31
num_cat=0
split_feature=4 19 19 19 23 19 19 19 4 19 19 23 23 23 19 6 0 10 0 12 4 1 12 7 2 2 10 7 14 8
split_gain=128.094 14.4514 1.75076 2.78066 3.19317 2.74332 2.11979 3.48558 1.52203 1.02535 0.856994 1.01341 0.738607 0.604092 0.597938 1.04333 1.60669 1.06866 1.34439 1.42492 1.31274 1.07763 0.791637 1.14692 0.874802 1.49944 3.27639 1.50673 1.17521 0.982397
threshold=1.0000000180025095e-35 46.500000000000007 50.500000000000007 53.500000000000007 3.5000000000000004 48.500000000000007 54.500000000000007 57.500000000000007 60.250000000000007 51.500000000000007 64.500000000000014 3.5000000000000004 1.5000000000000002 3.5000000000000004 62.500000000000007 0.51700000000000013 4.5833333333333348 2.5277777777777781 5.166666666666667 0.10154761904761907 79.833333333333357 0.41166666666666668 0.12950000000000003 0.10300000000000002 0.10333333333333337 0.12000000000000004 3.9500000000000006 0.075500000000000025 87.050000000000011 12.775000000000002
decision_type=2 2 2 2 2 2 2 2 2 2 2 2 2 2 2 2 2 2 2 2 2 2 2 2 2 2 2 2 2 2
left_child=1 12 5 4 9 -3 -5 -8 -2 -4 11 -9 -1 -7 22 17 -17 -16 -19 -20 -21 -22 23 24 29 27 -27 -26 -29 -10
right_child=8 2 3 6 -6 13 7 10 14 -11 -12 -13 -14 -15 15 16 -18 18 19 20 21 -23 -24 -25 25 26 -28 28 -30 -31
leaf_value=-3.243454415781486e-06 0.00031430318738894934 -3.243454415781486e-06 0.036129565339100084 -3.243454415781486e-06 9.3585085045644337e-06 -3.243454415781486e-06 0.00053041082535572055 -3.243454415781486e-06 -0.00077532131937427511 -3.2421493651208175e-05 -3.243454415781486e-06 0.0014874462833235791 -3.243454415781486e-06 -3.243454415781486e-06 0.053104225408940268 0.075793798877225288 -0.014245182180560523 -0.0091899825466101506 0.034485636007424783 0.021525726094833955 -0.033439756688931309 0.0058140988492753846 0.0027113149782601598 -0.0082484885538898125 -0.00036000778363733945 -0.019402758661112764 0.035840105781271094 0.11522000840095448 0.011723696233817339 -0.019749867678214253
leaf_weight=1103 36 330 50 236 56 687 126 144 4849 97 152 65 4188 114 41 32 55 670 88 59 123 30 721 536 49 93 32 39 33 140
leaf_count=1103 36 330 50 236 56 687 126 144 4849 97 152 65 4188 114 41 32 55 670 88 59 123 30 721 536 49 93 32 39 33 140
internal_value=-0.00507379 -0.00978498 -0.00622873 -0.00461663 0.000554187 -0.00754863 -0.00606846 -0.00418378 -0.000534356 -0.00331633 -0.00668283 -0.00460526 -0.0111675 -0.00912921 -0.000583004 -0.00166211 0.00359195 -0.00211424 -0.00244845 0.000333333 -0.00188679 -0.00433007 -0.000400493 -0.000595651 -0.000370105 0.00254065 -0.0013 0.00650826 0.0111111 -0.00051363
internal_weight=14974 7348 2057 926 203 1131 723 487 7626 147 361 209 5291 801 7590 1098 87 1011 970 300 212 153 6492 5771 5235 246 125 121 72 4989
internal_count=14974 7348 2057 926 203 1131 723 487 7626 147 361 209 5291 801 7590 1098 87 1011 970 300 212 153 6492 5771 5235 246 125 121 72 4989
is_linear=0
shrinkage=0.05


Tree=189
num_leaves=31
num_cat=0
split_feature=4 19 19 19 23 19 19 19 4 19 19 23 12 10 8 23 23 19 7 23 19 14 3 10 12 6 11 2 12 12
split_gain=126.285 14.4514 1.75076 2.78066 3.19317 2.74332 2.11979 3.48558 1.54155 1.02535 0.856994 1.01341 0.85613 0.871469 0.947025 0.738607 0.604092 0.595291 0.496004 0.427762 0.417635 1.16011 2.0506 1.7502 0.966812 0.955287 1.21117 1.51146 0.942498 1.11499
threshold=1.0000000180025095e-35 46.500000000000007 50.500000000000007 53.500000000000007 3.5000000000000004 48.500000000000007 54.500000000000007 57.500000000000007 60.250000000000007 51.500000000000007 64.500000000000014 3.5000000000000004 0.24050000000000005 3.2928571428571431 5.366666666666668 1.5000000000000002 3.5000000000000004 47.500000000000007 0.35700000000000004 2.5000000000000004 62.500000000000007 89.267857142857153 6.166666666666667 4.7888888888888896 0.02585714285714286 0.51700000000000013 0.33050000000000007 0.043333333333333356 0.12950000000000003 0.089500000000000024
decision_type=2 2 2 2 2 2 2 2 2 2 2 2 2 2 2 2 2 2 2 2 2 2 2 2 2 2 2 2 2 2
left_child=1 15 5 4 9 17 -5 -8 -2 -4 11 -9 20 -14 -15 -1 -7 19 -16 -3 28 22 24 -23 -22 26 -26 -28 29 -10
right_child=8 2 3 6 -6 16 7 10 12 -11 -12 -13 13 14 18 -17 -18 -19 -20 -21 21 23 -24 -25 25 -27 27 -29 -30 -31
leaf_value=-3.0812816949924117e-06 0.00029858802801950444 -3.0812816949924117e-06 0.034323087072145084 -3.0812816949924117e-06 8.8905830793351025e-06 -3.0812816949924117e-06 0.00050389028408793222 -3.0812816949924117e-06 -0.00071873776047862723 -3.0800418968647763e-05 -3.0812816949924117e-06 0.0014130739691574025 0.02666768851668121 0.003611572164635396 -0.038575610521686794 -3.0812816949924117e-06 -3.0812816949924117e-06 -3.0812816949924117e-06 -0.0020416548795704815 -3.0812816949924117e-06 -0.0078508788109716409 -0.016543598655928981 -0.012932694114181792 0.075199394966692437 0.01154400434959893 0.065191392735956533 0.06522142779982619 -0.057142092316094344 0.0029986100496974966 -0.0063222334715278055
leaf_weight=1103 36 35 50 236 56 687 126 144 5054 97 152 65 30 48 92 4188 114 200 47 95 95 81 264 57 275 55 54 85 636 717
leaf_count=1103 36 35 50 236 56 687 126 144 5054 97 152 65 30 48 92 4188 114 200 47 95 95 81 264 57 275 55 54 85 636 717
internal_value=-0.00510719 -0.00978498 -0.00622873 -0.00461663 0.000554187 -0.00754863 -0.00606846 -0.00418378 -0.000599921 -0.00331633 -0.00668283 -0.00460526 -0.00064888 -0.00374424 -0.00501337 -0.0111675 -0.00912921 -0.00371212 -0.00710432 -0.00634615 -0.000557778 -0.00152692 -0.0022343 0.00271739 -0.000531915 0.000399787 -0.000422705 -0.00422662 -0.000411659 -0.000612979
internal_weight=14974 7348 2057 926 203 1131 723 487 7626 147 361 209 7590 217 187 5291 801 330 139 130 7373 966 828 138 564 469 414 139 6407 5771
internal_count=14974 7348 2057 926 203 1131 723 487 7626 147 361 209 7590 217 187 5291 801 330 139 130 7373 966 828 138 564 469 414 139 6407 5771
is_linear=0
shrinkage=0.05


Tree=190
num_leaves=31
num_cat=0
split_feature=4 19 19 19 23 19 4 19 19 19 19 19 19 23 0 17 14 3 13 1 13 7 12 6 12 8 0 8 10 14
split_gain=126.184 13.9501 1.43265 2.48273 2.16334 2.32217 1.0804 1.06981 1.33817 1.55526 1.045 1.02888 0.805334 0.653167 0.640812 1.23304 1.05847 1.16503 1.40206 1.533 1.23869 1.09942 1.26343 1.00892 0.943076 0.9713 0.858074 2.03867 0.842793 0.826045
threshold=1.0000000180025095e-35 45.500000000000007 50.500000000000007 48.500000000000007 3.5000000000000004 53.500000000000007 61.250000000000007 67.500000000000014 55.500000000000007 58.500000000000007 59.500000000000007 51.500000000000007 47.500000000000007 3.5000000000000004 4.416666666666667 3.5000000000000004 75.7638888888889 6.8333333333333348 8.5277777777777803 0.0066666666666666584 8.7071428571428573 0.25500000000000006 0.16050000000000003 0.0054999999999999979 0.093541666666666676 6.1000000000000005 1.1666666666666667 5.9000000000000012 2.1339285714285716 84.527777777777786
decision_type=2 2 2 2 2 2 2 2 2 2 2 2 2 2 2 2 2 2 2 2 2 2 2 2 2 2 2 2 2 2
left_child=1 -1 3 12 7 -6 -2 8 11 -10 -11 -4 -3 -5 23 -16 -17 21 19 -19 -20 22 24 -8 -18 -26 27 -25 -29 -21
right_child=6 2 4 13 5 -7 14 -9 9 10 -12 -13 -14 -15 15 16 17 18 20 29 -22 -23 -24 26 25 -27 -28 28 -30 -31
leaf_value=-2.9272176102427908e-06 0.00028365862661852844 -2.9272176102427908e-06 -0.013076952334752708 -2.9272176102427908e-06 8.4460539253705676e-06 -2.9272176102427908e-06 -0.0028313638625973138 -2.9272176102427908e-06 0.00047869576988353595 -2.9272176102427908e-06 -2.9272176102427908e-06 -2.9272176102427908e-06 -2.9272176102427908e-06 -2.9272176102427908e-06 0.0014045809628261848 -0.0046726793923395514 0.0063615368896076663 0.0083511077752758123 0.094898677600993381 -0.003775593865943705 -0.0049110885883955962 -0.014453419851494665 0.060050616344758251 -0.013046105701543464 -0.018031778174848492 0.075402471976963065 -0.0007048788867170864 0.00549078158955809 0.10904045820500499 -0.031948168234789631
leaf_weight=5277 56 150 50 696 53 215 1266 80 71 38 50 357 205 118 333 159 422 30 37 88 451 31 80 80 121 34 4100 38 34 277
leaf_count=5277 56 150 50 696 53 215 1266 80 71 38 50 357 205 118 333 159 422 30 37 88 451 31 80 80 121 34 4100 38 34 277
internal_value=-0.00517187 -0.00984375 -0.00637902 -0.00753849 -0.00489606 -0.0011194 -0.000669438 -0.00646285 -0.00569788 -0.00180818 -0.00625 -0.00721744 -0.0040493 -0.0090602 -0.000720551 -0.00147237 -0.00200867 -0.00161521 -0.0028171 -0.00503165 -0.00102459 -7.26744e-05 0.000361492 -0.000439471 -0.000454939 -0.00379032 -7.0555e-05 0.00361842 0.00972222 -0.00592466
internal_weight=14997 7360 2083 1169 914 268 7637 646 566 159 88 407 355 814 7581 2063 1730 1571 883 395 488 688 657 5518 577 155 4252 152 72 365
internal_count=14997 7360 2083 1169 914 268 7637 646 566 159 88 407 355 814 7581 2063 1730 1571 883 395 488 688 657 5518 577 155 4252 152 72 365
is_linear=0
shrinkage=0.05


Tree=191
num_leaves=31
num_cat=0
split_feature=4 23 4 23 23 1 1 6 14 13 6 8 12 3 12 12 8 5 5 5 5 0 12 2 0 0 3 6 0 16
split_gain=127.991 3.65 1.06006 0.867673 0.855671 0.634538 0.730643 1.03126 0.929845 0.615259 0.615112 0.597197 0.804703 0.915925 0.69709 0.876666 0.8291 0.554367 0.546775 0.733896 1.31084 0.709703 0.68425 1.41551 0.57299 0.767657 1.4165 0.949844 0.918384 1.24046
threshold=1.0000000180025095e-35 2.5000000000000004 61.250000000000007 3.5000000000000004 1.5000000000000002 0.37833333333333335 0.34500000000000003 0.41225000000000006 86.105555555555569 2.4142857142857146 0.33900000000000008 5.5500000000000007 0.066333333333333341 4.166666666666667 0.055857142857142862 0.12535714285714289 7.366666666666668 5.6333333333333337 8.9000000000000021 6.5500000000000007 6.291666666666667 7.416666666666667 0.07211111111111114 0.17416666666666669 6.5833333333333348 5.416666666666667 2.5833333333333335 0.29300000000000009 4.5833333333333348 4.5000000000000009
decision_type=2 2 2 2 2 2 2 2 2 2 2 2 2 2 2 2 2 2 2 2 2 2 2 2 2 2 2 2 2 2
left_child=1 4 -2 -3 -1 6 7 10 -8 -7 18 12 17 -14 -13 -16 -17 -11 19 20 24 -21 -23 -24 25 28 -27 -28 -4 -30
right_child=2 3 5 -5 -6 9 8 -9 -10 11 -12 14 13 -15 15 16 -18 -19 -20 21 -22 22 23 -25 -26 26 27 -29 29 -31
leaf_value=-2.7808567297306514e-06 0.00026947569528760346 -2.7808567297306514e-06 -0.00085288868911101998 -2.7808567297306514e-06 -2.7808567297306514e-06 -0.0074230909260872063 0.00091093103712839858 0.046012379552621524 -0.0022882792934546038 -0.0030851400774658312 -0.017213955914370555 0.001675453497385135 -0.0099003603954635599 0.027307873935966811 -0.029171046401697032 -0.042793030894406614 0.013633532095299073 -0.032986002174098715 0.023421479572863498 -0.011321956875099787 0.045019556455339726 0.019584256783569211 -0.019962848633693766 0.0077669802969029924 -0.0048059237820022417 0.046334169896000366 0.0024854520850750629 -0.030112583286271966 0.0035907683285807956 -0.0078352756251006059
leaf_weight=1158 56 3293 5251 862 2047 31 63 34 32 132 80 40 47 49 49 34 32 35 36 139 53 44 39 37 190 36 314 31 117 636
leaf_count=1158 56 3293 5251 862 2047 31 63 34 32 132 80 40 47 49 49 34 32 35 36 139 53 44 39 37 190 36 314 31 117 636
internal_value=-0.00513853 -0.00984375 -0.000603968 -0.00886582 -0.0111115 -0.000654597 -0.000539821 -0.000598622 0.00381579 -0.00247773 -0.000640797 -0.00197368 -0.000522814 0.003125 -0.00443548 -0.00641304 -0.00265152 -0.00261976 -0.000590423 -0.00062255 -0.000520519 -0.00323359 -0.000416667 -0.00328947 -0.00058365 -0.000503132 0.00167323 0.000688406 -0.000641239 -0.00227424
internal_weight=14997 7360 7637 4155 3205 7581 7132 7037 95 449 7003 418 263 96 155 115 66 167 6923 6887 6628 259 120 76 6575 6385 381 345 6004 753
internal_count=14997 7360 7637 4155 3205 7581 7132 7037 95 449 7003 418 263 96 155 115 66 167 6923 6887 6628 259 120 76 6575 6385 381 345 6004 753
is_linear=0
shrinkage=0.05


Tree=192
num_leaves=31
num_cat=0
split_feature=4 19 19 19 23 19 19 19 19 4 19 19 19 1 11 10 19 7 10 10 9 6 3 23 19 8 5 2 23 19
split_gain=127.629 13.9501 1.43265 2.48273 2.16334 2.32217 1.06981 1.33817 1.55526 1.06411 1.045 1.02888 0.805334 0.788769 1.36021 1.58978 0.916254 1.44434 1.665 1.06402 1.45186 0.894287 1.03466 0.653167 0.642311 1.41911 0.697006 1.52434 0.626157 0.6254
threshold=1.0000000180025095e-35 45.500000000000007 50.500000000000007 48.500000000000007 3.5000000000000004 53.500000000000007 67.500000000000014 55.500000000000007 58.500000000000007 61.250000000000007 59.500000000000007 51.500000000000007 47.500000000000007 0.37833333333333335 0.27633333333333338 2.9500000000000006 70.500000000000014 0.05775000000000001 5.2111111111111121 4.0500000000000007 81.100000000000009 0.26900000000000007 6.166666666666667 3.5000000000000004 79.000000000000014 3.9000000000000004 3.1000000000000005 0.0066666666666666645 1.5000000000000002 61.500000000000007
decision_type=2 2 2 2 2 2 2 2 2 2 2 2 2 2 2 2 2 2 2 2 2 2 2 2 2 2 2 2 2 2
left_child=1 28 3 12 6 -6 7 11 -9 -2 -10 -4 -3 14 21 -16 19 -18 -19 -17 -21 29 -23 -5 26 -26 27 -15 -1 -11
right_child=9 2 4 23 5 -7 -8 8 10 13 -12 -13 -14 24 15 16 17 18 -20 20 -22 22 -24 -25 25 -27 -28 -29 -30 -31
leaf_value=-2.6418138932441184e-06 0.00025600191052322502 -2.6418138932441184e-06 -0.012422965675178586 -2.6418138932441184e-06 8.1627940655915051e-06 -2.6418138932441184e-06 -2.6418138932441184e-06 0.0004549000242258461 -2.6418138932441184e-06 -0.00091186029846316305 -2.6418138932441184e-06 -2.6418138932441184e-06 -2.6418138932441184e-06 -0.0037913722197025269 0.065917894582999847 0.088888423911773928 -0.033672430550327641 0.12985433720118109 -0.029944172239499436 0.00066361743506389715 -0.0080045490313802037 0.0084833863812926683 -0.045496534600133393 -2.6418138932441184e-06 -0.046428401818515902 0.079739746857560467 -0.004982976915117468 0.088230062884102983 -2.6418138932441184e-06 -0.0043559659817615009
leaf_weight=1100 56 150 50 696 53 215 80 71 38 5970 50 357 205 35 39 60 71 55 53 70 62 49 76 118 48 49 280 37 4177 627
leaf_count=1100 56 150 50 696 53 215 80 71 38 5970 50 357 205 35 39 60 71 55 53 70 62 49 76 118 48 49 280 37 4177 627
internal_value=-0.0051452 -0.00984375 -0.00637902 -0.00753849 -0.00489606 -0.0011194 -0.00646285 -0.00569788 -0.00180818 -0.000617062 -0.00625 -0.00721744 -0.0040493 -0.000667788 -0.000539821 0.0022561 0.00124663 -0.00132682 0.00231481 0.00364583 0.00113636 -0.000710354 -0.0049 -0.0090602 -0.00270045 0.000902062 -0.00369318 0.000694444 -0.0112114 -0.000630969
internal_weight=14997 7360 2083 1169 914 268 646 566 159 7637 88 407 355 7581 7132 410 371 179 108 192 132 6722 125 814 449 97 352 72 5277 6597
internal_count=14997 7360 2083 1169 914 268 646 566 159 7637 88 407 355 7581 7132 410 371 179 108 192 132 6722 125 814 449 97 352 72 5277 6597
is_linear=0
shrinkage=0.05


Tree=193
num_leaves=31
num_cat=0
split_feature=4 19 19 19 23 19 19 19 19 4 19 19 19 23 23 19 19 11 11 11 2 12 24 12 13 4 13 13 5 11
split_gain=127.267 13.9501 1.43265 2.48273 2.16334 2.32217 1.06981 1.33817 1.55526 1.06817 1.045 1.02888 0.805334 0.653167 0.626157 0.604748 1.0125 0.579472 0.879278 2.26263 0.824805 1.5201 0.97021 0.68263 1.21286 1.15262 0.802139 0.46243 0.450228 0.863304
threshold=1.0000000180025095e-35 45.500000000000007 50.500000000000007 48.500000000000007 3.5000000000000004 53.500000000000007 67.500000000000014 55.500000000000007 58.500000000000007 61.250000000000007 59.500000000000007 51.500000000000007 47.500000000000007 3.5000000000000004 1.5000000000000002 64.500000000000014 68.500000000000014 0.40050000000000002 0.35633333333333345 0.37021428571428577 0.13166666666666668 0.075277777777777791 3.7500000000000004 0.047638888888888897 2.7638888888888893 71.166666666666671 3.683333333333334 4.3166666666666673 5.366666666666668 0.28050000000000008
decision_type=2 2 2 2 2 2 2 2 2 2 2 2 2 2 2 2 2 2 2 2 2 2 2 2 2 2 2 2 2 2
left_child=1 14 3 12 6 -6 7 11 -9 -2 -10 -4 -3 -5 -1 -7 -17 18 28 -20 21 22 23 24 -19 -26 -25 -27 29 -11
right_child=9 2 4 13 5 15 -8 8 10 17 -12 -13 -14 -15 -16 16 -18 20 19 -21 -22 -23 -24 26 25 27 -28 -29 -30 -31
leaf_value=-2.5097231985819129e-06 0.00024320181499706413 -2.5097231985819129e-06 -0.011801817391419656 -2.5097231985819129e-06 7.7546543623130404e-06 -0.001222351520487944 -2.5097231985819129e-06 0.00043215502301455211 -2.5097231985819129e-06 -0.0010558867654286597 -2.5097231985819129e-06 -2.5097231985819129e-06 -2.5097231985819129e-06 -2.5097231985819129e-06 -2.5097231985819129e-06 -2.5097231985819129e-06 -2.5097231985819129e-06 -0.0068623677687977202 0.19916620801302867 -0.0027359305727028718 -0.059294749015225648 0.038505942446633634 -0.011712150719939075 -0.0053372489593697453 -0.003008272127499967 0.18366832378937323 -0.028689086153014944 0.0018408296682717595 -0.0032712879672681661 0.0258035438985873
leaf_weight=1100 56 150 50 696 53 135 80 71 38 6000 50 357 205 118 4177 40 40 32 33 63 44 44 57 32 31 31 34 32 933 215
leaf_count=1100 56 150 50 696 53 135 80 71 38 6000 50 357 205 118 4177 40 40 32 33 63 44 44 57 32 31 31 34 32 933 215
internal_value=-0.00515186 -0.00984375 -0.00637902 -0.00753849 -0.00489606 -0.0011194 -0.00646285 -0.00569788 -0.00180818 -0.000630156 -0.00625 -0.00721744 -0.0040493 -0.0090602 -0.0112114 -0.00343023 -0.006875 -0.000680979 -0.000586692 0.00416667 -0.00270772 -0.00174915 -0.00326305 -0.0015625 0.000595238 0.00345745 -0.00568182 0.00734127 -0.000650532 -0.000496782
internal_weight=14997 7360 2083 1169 914 268 646 566 159 7637 88 407 355 814 5277 215 80 7581 7244 96 337 293 249 192 126 94 66 63 7148 6215
internal_count=14997 7360 2083 1169 914 268 646 566 159 7637 88 407 355 814 5277 215 80 7581 7244 96 337 293 249 192 126 94 66 63 7148 6215
is_linear=0
shrinkage=0.05


Tree=194
num_leaves=31
num_cat=0
split_feature=4 19 19 19 23 19 4 19 19 19 19 19 1 19 6 23 12 24 2 5 4 1 23 19 19 4 19 12 19 1
split_gain=126.364 13.9501 1.43265 2.48273 2.16334 2.32217 1.07836 1.06981 1.33817 1.55526 1.045 1.02888 0.841184 0.805334 0.669075 0.653167 0.652194 1.18868 1.38869 1.31627 0.763675 0.658606 0.626157 0.604748 1.0125 0.567276 0.496069 0.771799 0.624687 0.854143
threshold=1.0000000180025095e-35 45.500000000000007 50.500000000000007 48.500000000000007 3.5000000000000004 53.500000000000007 61.250000000000007 67.500000000000014 55.500000000000007 58.500000000000007 59.500000000000007 51.500000000000007 0.36166666666666675 47.500000000000007 0.41225000000000006 3.5000000000000004 0.12535714285714289 3.2500000000000004 0.036666666666666646 3.7750000000000004 81.166666666666671 0.59000000000000019 1.5000000000000002 64.500000000000014 68.500000000000014 89.833333333333357 60.500000000000007 0.37500000000000006 52.500000000000007 0.17666666666666672
decision_type=2 2 2 2 2 2 2 2 2 2 2 2 2 2 2 2 2 2 2 2 2 2 2 2 2 2 2 2 2 2
left_child=1 22 3 13 7 -6 -2 8 11 -10 -11 -4 14 -3 26 -5 17 18 19 -14 -18 -20 -1 -7 -25 -22 28 -28 -8 -30
right_child=6 2 4 15 5 23 12 -9 9 10 -12 -13 16 -15 -16 -17 20 -19 21 -21 25 -23 -24 24 -26 -27 27 -29 29 -31
leaf_value=-2.384237038652817e-06 0.00023104172424721209 -2.384237038652817e-06 -0.011211726521848674 -2.384237038652817e-06 7.3669216441973891e-06 -0.0011612339444635467 -0.0013947616051166456 -2.384237038652817e-06 0.00041054727186382592 -2.384237038652817e-06 -2.384237038652817e-06 -2.384237038652817e-06 -0.0057522845358539756 -2.384237038652817e-06 0.041624105224016807 -2.384237038652817e-06 -0.023369459956288828 -0.0083971676670739608 -0.02717789489416423 0.048592449928778925 0.032103072115059021 -0.0041465511129220234 -2.384237038652817e-06 -2.384237038652817e-06 -2.384237038652817e-06 -0.0032804543468592296 -0.00505370180932041 0.011469291179956698 0.0030879470620993571 -0.004410618964498925
leaf_weight=1100 56 150 50 696 53 135 4518 80 71 38 50 357 84 205 41 118 32 85 68 78 44 47 4177 40 40 48 981 36 1146 373
leaf_count=1100 56 150 50 696 53 135 4518 80 71 38 50 357 84 205 41 118 32 85 68 78 44 47 4177 40 40 48 981 36 1146 373
internal_value=-0.00516853 -0.00984375 -0.00637902 -0.00753849 -0.00489606 -0.0011194 -0.000662891 -0.00646285 -0.00569788 -0.00180818 -0.00625 -0.00721744 -0.000713956 -0.0040493 -0.00057611 -0.0090602 -0.00272634 -0.00379834 -0.00221119 0.000771605 0.000403226 -0.00641304 -0.0112114 -0.00343023 -0.006875 0.00271739 -0.000613127 -0.00163471 -0.00044103 0.000436142
internal_weight=14997 7360 2083 1169 914 268 7637 646 566 159 88 407 7581 355 7095 814 486 362 277 162 124 115 5277 215 80 92 7054 1017 6037 1519
internal_count=14997 7360 2083 1169 914 268 7637 646 566 159 88 407 7581 355 7095 814 486 362 277 162 124 115 5277 215 80 92 7054 1017 6037 1519
is_linear=0
shrinkage=0.05


Tree=195
num_leaves=31
num_cat=0
split_feature=4 19 19 19 19 23 19 19 4 19 23 9 4 4 9 14 2 6 11 19 3 8 2 19 14 2 3 9 9 17
split_gain=127.304 14.502 1.45244 3.05462 2.24865 3.12017 2.14387 2.3643 1.39767 0.999055 0.645141 0.642269 1.22634 1.81669 0.984096 1.56776 0.950575 1.78643 0.971216 0.864559 0.94291 0.853289 1.28774 1.93743 1.28966 1.15163 0.917169 1.07408 1.01304 1.2825
threshold=1.0000000180025095e-35 45.500000000000007 48.500000000000007 50.500000000000007 53.500000000000007 3.5000000000000004 54.500000000000007 58.500000000000007 60.250000000000007 55.500000000000007 1.5000000000000002 80.225000000000009 81.166666666666671 83.166666666666671 82.450000000000017 78.527777777777786 0.043333333333333335 0.04366666666666668 0.20350000000000004 61.500000000000007 7.8333333333333348 6.2250000000000005 0.016666666666666687 50.500000000000007 72.878571428571448 0.0033333333333333327 5.416666666666667 71.63333333333334 70.63333333333334 6.5000000000000009
decision_type=2 2 2 2 2 2 2 2 2 2 2 2 2 2 2 2 2 2 2 2 2 2 2 2 2 2 2 2 2 2
left_child=1 10 -3 -4 5 -5 -6 9 -2 -8 -1 12 21 -14 15 -13 18 -18 -17 20 -15 25 23 24 -23 -10 27 28 29 -27
right_child=8 2 3 4 6 -7 7 -9 11 -11 -12 14 13 19 -16 16 17 -19 -20 -21 -22 22 -24 -25 -26 26 -28 -29 -30 -31
leaf_value=-2.2650251867201762e-06 0.00020100882805569321 -2.2650251867201762e-06 -2.2650251867201762e-06 -2.8598205596692767e-05 -2.2650251867201762e-06 6.9985755619894624e-06 -0.022423818682984681 -2.2650251867201762e-06 -0.0061311730931165381 0.00043003349217628635 -2.2650251867201762e-06 0.079183321676928889 0.063852811252232342 0.057492403261983044 -0.0013155690942866949 -0.012071214442469037 0.077852475517461814 -0.010271743866209083 0.0038158375297910278 -0.028562653445319164 -0.012426028700939807 -9.3689093540062784e-05 -0.0052171801797157059 -0.0056119115673348629 0.072600878685111517 0.0029870029873032781 0.0049695877988574335 -0.0016826804070604606 0.0022615889206669018 -0.0058519437436287515
leaf_weight=1068 34 355 770 152 235 53 100 308 117 76 4153 32 70 32 4685 230 48 199 34 34 35 62 412 68 58 210 295 750 75 97
leaf_count=1068 34 355 770 152 235 53 100 308 117 76 4153 32 70 32 4685 230 48 199 34 34 35 62 412 68 58 210 295 750 75 97
internal_value=-0.0050911 -0.00981774 -0.00625305 -0.00686246 -0.00492424 -0.000304878 -0.00624131 -0.00433884 -0.000555959 0.000284091 -0.0112167 -0.000601551 9.17927e-05 0.00416667 -0.000908569 -0.00292357 -0.00359589 -0.0013664 -0.00568182 -0.000123762 0.00317164 -0.000233209 -0.00183333 0.00159574 0.00541667 0.000388601 0.000779608 0.000132509 0.00229058 0.00101792
internal_weight=14847 7270 2049 1694 924 205 719 484 7577 176 5221 7543 2315 171 5228 543 511 247 264 101 67 2144 600 188 120 1544 1427 1132 382 307
internal_count=14847 7270 2049 1694 924 205 719 484 7577 176 5221 7543 2315 171 5228 543 511 247 264 101 67 2144 600 188 120 1544 1427 1132 382 307
is_linear=0
shrinkage=0.05


Tree=196
num_leaves=31
num_cat=0
split_feature=4 19 19 19 19 19 19 4 19 10 1 19 1 11 26 19 6 1 24 19 9 6 1 13 13 13 1 8 13 2
split_gain=126.218 14.502 1.45244 3.05462 2.24865 2.14387 2.3643 1.40864 0.999055 0.871057 1.14469 1.35967 0.965987 0.725487 0.704709 0.623753 0.622505 0.727737 0.622277 0.616955 0.609103 0.548959 0.9801 0.748035 0.531078 1.23243 1.19215 1.52551 1.08996 0.946579
threshold=1.0000000180025095e-35 45.500000000000007 48.500000000000007 50.500000000000007 53.500000000000007 54.500000000000007 58.500000000000007 60.250000000000007 55.500000000000007 6.0500000000000007 0.25166666666666676 88.500000000000014 0.19666666666666674 0.59757142857142875 1.0000000180025095e-35 47.500000000000007 0.56100000000000017 0.60583333333333356 2.7500000000000004 64.500000000000014 94.600000000000009 0.43100000000000011 0.37500000000000006 3.6125000000000003 12.316666666666668 10.316666666666668 0.019999999999999993 13.450000000000001 10.211111111111112 0.040000000000000022
decision_type=2 2 2 2 2 2 2 2 2 2 2 2 2 2 2 2 2 2 2 2 2 2 2 2 2 2 2 2 2 2
left_child=1 -1 15 -4 -5 -6 8 -2 -7 13 12 -12 -11 16 -10 -3 17 20 -17 -8 21 24 -23 -24 25 28 29 -28 -9 -26
right_child=7 2 3 4 5 6 19 9 14 10 11 -13 -14 -15 -16 18 -18 -19 -20 -21 -22 22 23 -25 26 -27 27 -29 -30 -31
leaf_value=-2.1517739273841674e-06 0.00019095838665290633 -2.1517739273841674e-06 -2.1517739273841674e-06 -2.7168295316858127e-05 -2.1517739273841674e-06 -0.021302627748835446 -2.1517739273841674e-06 -0.00069796984958638844 -0.0065923104326298058 -0.0017581428752367484 -0.019975214575768497 0.0065208711964235173 0.056804322410277858 -0.0028278273235053056 0.043407689567370199 0.021421131025696684 0.018047592913763122 -0.021928015036162509 -2.1517739273841674e-06 -2.1517739273841674e-06 -0.043969606639521104 0.077120464075073392 -0.034239774459922108 0.090310290196081597 -0.048385044875364609 -0.0044450225968996303 0.090123726777233085 -3.1169739014548503e-05 0.011271528714210444 0.003639268277523278
leaf_weight=5221 34 155 770 205 235 100 146 6083 37 234 108 34 30 61 39 39 48 61 161 162 36 30 30 31 36 552 46 52 36 35
leaf_count=5221 34 155 770 205 235 100 146 6083 37 234 108 34 30 61 39 39 48 61 161 162 36 30 30 31 36 552 46 52 36 35
internal_value=-0.0051113 -0.00981774 -0.00625305 -0.00686246 -0.00492424 -0.00624131 -0.00433884 -0.000595552 0.000284091 -0.000641323 -0.00289409 -0.00651408 -0.00094697 -0.000513171 0.00460526 -0.00334507 -0.000466365 -0.000505122 -0.0015 -0.00698052 -0.000457514 -0.000423821 0.00343407 -0.000204918 -0.000475146 -0.000545271 0.0022929 0.00586735 -0.000341151 -0.00264085
internal_weight=14847 7270 2049 1694 924 719 484 7577 176 7543 406 142 264 7137 76 355 7076 7028 200 308 6967 6931 91 61 6840 6671 169 98 6119 71
internal_count=14847 7270 2049 1694 924 719 484 7577 176 7543 406 142 264 7137 76 355 7076 7028 200 308 6967 6931 91 61 6840 6671 169 98 6119 71
is_linear=0
shrinkage=0.05


Tree=197
num_leaves=31
num_cat=0
split_feature=4 19 19 19 19 19 19 4 10 0 3 14 11 0 5 19 24 4 6 1 3 0 4 10 7 2 6 6 9 19
split_gain=126.806 13.6591 1.60238 2.60716 2.57585 1.71159 1.67447 1.41413 0.695586 1.04501 1.00008 1.12281 0.945216 1.07489 0.671791 0.623753 0.622277 0.56082 0.55562 0.957272 0.576246 1.33258 2.08495 1.46715 1.07463 1.02962 0.925778 1.21353 0.982499 1.78263
threshold=1.0000000180025095e-35 45.500000000000007 48.500000000000007 50.500000000000007 53.500000000000007 54.500000000000007 64.500000000000014 60.250000000000007 6.1339285714285721 5.166666666666667 11.16666666666667 77.950000000000017 0.59757142857142875 8.5833333333333339 7.1000000000000005 47.500000000000007 2.7500000000000004 73.833333333333357 0.56100000000000017 0.55500000000000016 5.8333333333333348 5.416666666666667 74.833333333333357 4.1833333333333345 0.095500000000000015 0.21000000000000005 0.4250000000000001 0.35633333333333334 71.90000000000002 51.500000000000007
decision_type=2 2 2 2 2 2 2 2 2 2 2 2 2 2 2 2 2 2 2 2 2 2 2 2 2 2 2 2 2 2
left_child=1 -1 15 -4 -5 -6 -7 -2 12 -10 11 17 13 14 18 -3 -17 -11 19 20 21 26 -23 -24 -25 -26 27 28 29 -9
right_child=7 2 3 4 5 6 -8 8 9 10 -12 -13 -14 -15 -16 16 -18 -19 -20 -21 -22 22 23 24 25 -27 -28 -29 -30 -31
leaf_value=-2.0441852310149592e-06 0.00018141046732025878 -2.0441852310149592e-06 -2.0441852310149592e-06 -2.5809880551015221e-05 -2.0441852310149592e-06 -2.0441852310149592e-06 -2.0441852310149592e-06 -0.0014925690674236908 0.018920007349069991 -0.0044939229600490464 0.03039573122728402 -0.015546458399960798 -0.0053502580710776309 0.016490595268718433 -0.033094228364033772 0.020350074474411853 -2.0441852310149592e-06 0.075626136047446793 0.017145213268074944 -0.01582479801229866 -0.0014238010568517257 0.098475448951415787 0.12080448119190289 -0.027441691375331326 0.075453837751562197 -0.0014213939069276705 0.11177457703426458 -0.0058901780064299887 -0.0014766311115257031 0.0056322109868082717
leaf_weight=5221 34 155 770 205 235 322 162 250 48 39 32 228 72 49 49 39 161 37 39 83 3908 32 31 83 32 36 50 65 2206 174
leaf_count=5221 34 155 770 205 235 322 162 250 48 39 32 228 72 49 49 39 161 37 39 83 3908 32 31 83 32 36 50 65 2206 174
internal_value=-0.00514161 -0.00985901 -0.00639946 -0.00703955 -0.00524892 -0.00665855 -0.00495868 -0.000615349 -0.000661209 -0.00273438 -0.00372024 -0.00460526 -0.000550007 -0.000492098 -0.000543478 -0.00334507 -0.0015 0.000657895 -0.000502575 -0.000535971 -0.000471458 5.49172e-05 0.00385514 0.00178571 -0.000248344 0.00441176 -0.000241348 -0.000366419 -0.00019962 0.00200472
internal_weight=14847 7270 2049 1694 924 719 484 7577 7543 384 336 304 7159 7087 7038 355 200 76 6989 6950 6867 2959 214 182 151 68 2745 2695 2630 424
internal_count=14847 7270 2049 1694 924 719 484 7577 7543 384 336 304 7159 7087 7038 355 200 76 6989 6950 6867 2959 214 182 151 68 2745 2695 2630 424
is_linear=0
shrinkage=0.05


Tree=198
num_leaves=31
num_cat=0
split_feature=9 19 19 19 19 23 19 19 9 10 19 11 2 2 10 13 2 12 13 11 8 12 23 19 24 19 2 7 3 5
split_gain=126.083 13.6591 1.60238 2.60716 2.57585 3.12017 1.71159 1.67447 1.42148 0.94959 0.999189 1.04354 1.10986 1.17758 1.03562 0.73917 0.671645 0.862318 1.56227 0.661043 0.720812 0.738989 0.645141 0.623753 0.622277 0.60007 0.999673 0.573734 0.568877 0.62006
threshold=1.0000000180025095e-35 45.500000000000007 48.500000000000007 50.500000000000007 53.500000000000007 3.5000000000000004 54.500000000000007 64.500000000000014 60.250000000000007 5.0500000000000007 101.50000000000001 0.25250000000000006 0.20500000000000004 0.28833333333333339 6.1339285714285721 13.366666666666669 0.18166666666666673 0.12211111111111114 8.3166666666666682 0.56150000000000011 6.5500000000000007 0.090500000000000011 1.5000000000000002 47.500000000000007 2.7500000000000004 38.500000000000007 0.0099999999999999985 0.14225000000000004 5.5833333333333348 6.5500000000000007
decision_type=2 2 2 2 2 2 2 2 2 2 2 2 2 2 2 2 2 2 2 2 2 2 2 2 2 2 2 2 2 2
left_child=1 22 23 -4 5 -5 -6 -8 -2 15 11 12 16 -14 19 25 17 28 -19 20 21 -13 -1 -3 -25 26 -10 -23 -11 -30
right_child=8 2 3 4 6 -7 7 -9 9 10 -12 14 13 -15 -16 -17 -18 18 -20 -21 -22 27 -24 24 -26 -27 -28 -29 29 -31
leaf_value=-1.9419759694642115e-06 0.00017233994395424724 -1.9419759694642115e-06 -1.9419759694642115e-06 -2.4519386523464457e-05 -1.9419759694642115e-06 9.2975555772867323e-06 -1.9419759694642115e-06 -1.9419759694642115e-06 0.021734328243680504 -0.011486107015428499 0.060569881831631235 0.039737570818408556 0.088976259537154823 -0.0014185821501080831 -0.022067877935526368 0.023810796973281922 -0.015647406134136333 0.053781449229196587 -0.036801678010839355 -0.003231734067033077 -0.011035286411745254 -0.023648189970749162 -1.9419759694642115e-06 0.019332570750691259 -1.9419759694642115e-06 -0.00069019977775888199 -0.012325613445050081 0.0023119504507779832 4.9828417376873715e-05 -0.0080384229340777717
leaf_weight=1068 34 155 770 152 235 53 322 162 36 127 38 58 37 89 99 53 45 53 35 46 50 32 4153 39 161 6205 149 36 227 128
leaf_count=1068 34 155 770 152 235 53 322 162 36 127 38 58 37 89 99 53 45 53 35 46 50 32 4153 39 161 6205 149 36 227 128
internal_value=-0.00515508 -0.00985901 -0.00639946 -0.00703955 -0.00524892 -0.000304878 -0.00665855 -0.00495868 -0.000641745 -0.000687724 -0.00204545 -0.00233051 -0.00129892 0.00297619 -0.00471184 -0.000455921 -0.0021748 -0.00171053 0.00284091 -0.00281532 -0.00142045 0.000595238 -0.0112167 -0.00334507 -0.0015 -0.000504695 -0.00331081 -0.00294118 -0.00254149 -0.00151408
internal_weight=14847 7270 2049 1694 924 205 719 484 7577 7543 1100 1062 741 126 321 6443 615 570 88 222 176 126 5221 355 200 6390 185 68 482 355
internal_count=14847 7270 2049 1694 924 205 719 484 7577 7543 1100 1062 741 126 321 6443 615 570 88 222 176 126 5221 355 200 6390 185 68 482 355
is_linear=0
shrinkage=0.05


Tree=199
num_leaves=31
num_cat=0
split_feature=4 19 19 19 19 23 19 19 4 10 19 11 1 8 0 11 5 7 7 13 5 23 13 4 23 1 10 19 12 24
split_gain=126.264 13.6591 1.60238 2.60716 2.57585 3.12017 1.71159 1.67447 1.41964 1.09093 1.02212 1.18441 0.81267 1.13735 1.09082 1.06133 1.18326 1.12593 0.932808 0.733328 0.651964 1.22333 0.770709 1.57674 0.645141 0.641192 0.707071 0.623753 0.623492 0.622277
threshold=1.0000000180025095e-35 45.500000000000007 48.500000000000007 50.500000000000007 53.500000000000007 3.5000000000000004 54.500000000000007 64.500000000000014 60.250000000000007 5.0500000000000007 101.50000000000001 0.34316666666666673 0.036666666666666688 9.5500000000000025 4.166666666666667 0.11050000000000003 6.5500000000000007 0.05775000000000001 0.072250000000000023 13.366666666666669 6.291666666666667 2.5000000000000004 5.6833333333333345 76.166666666666671 1.5000000000000002 0.25833333333333341 6.1833333333333345 47.500000000000007 0.051055555555555569 2.7500000000000004
decision_type=2 2 2 2 2 2 2 2 2 2 2 2 2 2 2 2 2 2 2 2 2 2 2 2 2 2 2 2 2 2
left_child=1 24 27 -4 5 -5 -6 -8 -2 19 11 12 13 18 -14 16 17 -16 28 -10 22 -22 23 -17 -1 -23 -27 -3 -11 -29
right_child=8 2 3 4 6 -7 7 -9 9 10 -12 -13 14 -15 15 20 -18 -19 -20 -21 21 25 -24 -25 -26 26 -28 29 -30 -31
leaf_value=-1.8448771709910009e-06 0.00016372294675653378 -1.8448771709910009e-06 -1.8448771709910009e-06 -2.3293417197291235e-05 -1.8448771709910009e-06 8.8326777984204522e-06 -1.8448771709910009e-06 -1.8448771709910009e-06 -0.00092327986114817961 -0.0096198487320840412 0.057541387740049688 -0.0058155282082520401 0.077742100446614171 -0.045203999796856624 0.0044498574471714932 -0.0064292743331950787 -0.002679966990710961 0.072315684556177581 0.0032236684446888529 0.022620257124617817 -0.0055129331238801338 0.037386464776699588 -0.014194830129191333 0.062816620860331671 -1.8448771709910009e-06 0.0039078182155234068 -0.031608576199543326 0.018365942213156693 -0.05655397345524335 -1.8448771709910009e-06
leaf_weight=1068 34 155 770 152 235 53 322 162 6390 86 38 186 57 68 60 32 82 44 74 53 65 60 112 42 4153 30 33 39 31 161
leaf_count=1068 34 155 770 152 235 53 322 162 6390 86 38 186 57 68 60 32 82 44 74 53 65 60 112 42 4153 30 33 39 31 161
internal_value=-0.00515171 -0.00985901 -0.00639946 -0.00703955 -0.00524892 -0.000304878 -0.00665855 -0.00495868 -0.000635146 -0.000681095 -0.00213636 -0.00242467 -0.00165525 -0.00400579 -0.000668558 -0.00133929 0.00174731 0.00528846 -0.0020288 -0.00043264 -0.00287433 -0.000797872 -0.00497312 -0.00101351 -0.0112167 0.00213415 -0.00138889 -0.00334507 -0.00480769 -0.0015
internal_weight=14847 7270 2049 1694 924 205 719 484 7577 7543 1100 1062 876 259 617 560 186 104 191 6443 374 188 186 74 5221 123 63 355 117 200
internal_count=14847 7270 2049 1694 924 205 719 484 7577 7543 1100 1062 876 259 617 560 186 104 191 6443 374 188 186 74 5221 123 63 355 117 200
is_linear=0
shrinkage=0.05


Tree=200
num_leaves=31
num_cat=0
split_feature=4 19 19 19 19 23 5 4 9 11 5 7 7 1 6 19 19 10 19 11 17 5 0 19 2 6 6 1 9 14
split_gain=141.221 11.4171 1.37118 2.13916 3.67984 2.98773 1.29641 1.12143 1.06277 1.00945 1.1051 1.04688 1.16324 1.012 1.52724 0.925036 1.69217 0.895763 0.821345 0.817427 1.85291 1.4322 1.27619 1.27393 1.00813 1.30764 1.12614 0.854273 0.846454 0.754059
threshold=1.0000000180025095e-35 45.500000000000007 48.500000000000007 50.500000000000007 53.500000000000007 3.5000000000000004 5.2250000000000005 61.250000000000007 62.250000000000007 0.024142857142857143 6.1000000000000005 0.21000000000000002 0.18633333333333338 0.15166666666666673 0.25500000000000006 54.500000000000007 58.500000000000007 6.7321428571428585 51.500000000000007 0.18878571428571431 9.5000000000000018 5.9000000000000012 7.416666666666667 45.500000000000007 0.023333333333333327 0.12366666666666666 0.074500000000000025 0.21666666666666676 89.90000000000002 83.683333333333351
decision_type=2 2 2 2 2 2 2 2 2 2 2 2 2 2 2 2 2 2 2 2 2 2 2 2 2 2 2 2 2 2
left_child=1 -1 -3 -4 5 18 7 -2 -9 10 -8 12 17 -13 -15 -6 -17 19 -5 20 21 -11 27 -22 -25 26 -26 -21 -27 -29
right_child=6 2 3 4 15 -7 9 8 -10 11 -12 13 -14 14 -16 16 -18 -19 -20 22 23 -23 -24 24 25 28 -28 29 -30 -31
leaf_value=-1.752633312441451e-06 0.00036293430919024099 -1.752633312441451e-06 -1.752633312441451e-06 0.035039214316793563 -1.752633312441451e-06 8.3910439085010956e-06 -0.0020841107124699556 -0.0046397468304203385 1.0834476040172403e-05 -0.001134781780106764 0.061975175403810007 -0.0015658602215294249 -0.013159758477076899 0.06984849946745797 -0.0014941356441363629 -0.0062624033590797414 -1.752633312441451e-06 -0.0084419601774863972 -2.2128746337426674e-05 -0.023255929471833345 -0.033566215991376415 0.11387374000645867 0.0040038042118355766 0.049377738994332711 -0.0015061571193601632 0.11996225396629721 -0.055376301797531058 -0.0055746830651431717 -0.032144244581922332 -0.0052945409442395428
leaf_weight=5313 47 343 810 49 235 55 98 31 6461 59 42 73 50 30 52 168 301 137 95 48 38 59 55 41 42 31 53 89 32 86
leaf_count=5313 47 343 810 49 235 55 98 31 6461 59 42 73 50 30 52 168 301 137 95 48 38 59 55 41 42 31 53 89 32 86
internal_value=-0.00500815 -0.00994877 -0.00678502 -0.00736281 -0.00568937 0.00031407 -0.000251502 1.72045e-05 -3.85089e-05 -0.00182735 0.00214286 -0.00239744 -0.00310976 0.00137097 0.00518293 -0.00738636 -0.00610341 -0.00262987 -0.00347222 -0.00183649 -0.000246479 0.00487288 -0.00386691 -0.00279536 -0.00119347 -0.00300633 -0.00671053 -0.00554933 0.00257937 -0.00392857
internal_weight=15023 7369 2056 1713 903 199 7654 6539 6492 1115 140 975 820 155 82 704 469 770 144 633 355 118 278 237 199 158 95 223 63 175
internal_count=15023 7369 2056 1713 903 199 7654 6539 6492 1115 140 975 820 155 82 704 469 770 144 633 355 118 278 237 199 158 95 223 63 175
is_linear=0
shrinkage=0.05


Tree=201
num_leaves=31
num_cat=0
split_feature=4 19 5 19 19 19 23 19 19 4 9 19 2 2 10 7 2 7 12 17 2 10 5 12 2 2 16 5 5 2
split_gain=140.271 11.4171 1.54904 1.37118 2.13916 3.67984 2.98773 0.925036 1.69217 0.834729 1.06277 0.821345 0.814528 1.18431 0.935575 0.872023 0.791721 0.938677 0.8647 0.791427 0.74898 1.63257 1.63839 1.29528 1.11713 0.953683 1.86574 1.27605 1.34496 1.17119
threshold=1.0000000180025095e-35 45.500000000000007 5.2250000000000005 48.500000000000007 50.500000000000007 53.500000000000007 3.5000000000000004 54.500000000000007 58.500000000000007 61.250000000000007 62.250000000000007 51.500000000000007 0.20500000000000004 0.18833333333333338 6.7321428571428585 0.059000000000000025 0.013333333333333341 0.013666666666666666 0.16950000000000001 9.5000000000000018 0.17416666666666669 3.7888888888888892 3.1000000000000005 0.11050000000000001 0.19500000000000003 0.12833333333333338 4.5000000000000009 2.3666666666666671 4.366666666666668 0.12000000000000004
decision_type=2 2 2 2 2 2 2 2 2 2 2 2 2 2 2 2 2 2 2 2 2 2 2 2 2 2 2 2 2 2
left_child=1 -1 9 -3 -5 6 11 -7 -9 -2 -11 -6 13 14 16 -16 17 19 -18 -4 25 22 24 -23 -22 29 -27 -28 -29 -12
right_child=2 3 12 4 5 7 -8 8 -10 10 20 -13 -14 -15 15 -17 18 -19 -20 -21 21 23 -24 -25 -26 26 27 28 -30 -31
leaf_value=-1.6650016468193786e-06 0.00034478759373073042 -1.6650016468193786e-06 0.007395584642847456 -1.6650016468193786e-06 0.03328725360095388 -1.6650016468193786e-06 7.9714917130768722e-06 -0.0059492831911257538 -1.6650016468193786e-06 -0.0044077594888993271 0.0001737358289052693 -2.102230902055534e-05 0.00064059368278275304 -0.048841687744306923 -0.0024587954246745648 -0.022492801092141749 -0.004829284998878346 0.066157323112629798 0.08870319614092681 -0.054596992168564021 -0.020252089544791487 0.12558645475858018 -0.035159453446025592 -0.00011334708469060706 0.00073264356226850904 0.0074443573996191229 0.13086513141121245 -0.0053631697418585981 0.051175155044121096 -0.0074589253922046628
leaf_weight=5313 47 343 56 810 49 235 55 168 301 31 5376 95 202 47 79 65 538 38 37 53 61 30 133 286 133 47 38 204 70 83
leaf_count=5313 47 343 56 810 49 235 55 168 301 31 5376 95 202 47 79 65 538 38 37 53 61 30 133 286 133 47 38 204 70 83
internal_value=-0.0050248 -0.00994877 -0.000284165 -0.00678502 -0.00736281 -0.00568937 0.00031407 -0.00738636 -0.00610341 9.55804e-06 -3.85089e-05 -0.00347222 -0.00200673 -0.00264239 -0.00222286 -0.00590278 -0.00148892 0.00178571 -0.00232609 -0.000573394 5.80406e-06 -0.00161353 -0.00409021 0.000949367 -0.00115979 0.000184771 0.00268106 0.00128205 9.12409e-05 2.06082e-05
internal_weight=15023 7369 7654 2056 1713 903 199 704 469 6539 6492 144 1115 913 866 144 722 147 575 109 6461 643 327 316 194 5818 359 312 274 5459
internal_count=15023 7369 7654 2056 1713 903 199 704 469 6539 6492 144 1115 913 866 144 722 147 575 109 6461 643 327 316 194 5818 359 312 274 5459
is_linear=0
shrinkage=0.05


Tree=202
num_leaves=31
num_cat=0
split_feature=4 19 19 19 19 23 11 11 24 13 1 19 14 4 19 19 24 8 8 9 19 3 2 3 12 19 4 17 12 0
split_gain=141.221 11.4171 1.37118 2.13916 3.67984 2.98773 0.960752 1.51709 2.12604 1.74472 2.59099 1.96526 1.15714 1.03226 0.925036 1.69217 0.905569 0.941684 1.66353 1.51667 0.993915 1.89642 1.05131 0.869459 0.869012 0.821345 0.78245 1.13237 1.08211 0.932786
threshold=1.0000000180025095e-35 45.500000000000007 48.500000000000007 50.500000000000007 53.500000000000007 3.5000000000000004 0.065357142857142878 0.056125000000000015 3.7500000000000004 9.1055555555555561 0.066666666666666693 49.500000000000007 88.683333333333351 86.166666666666671 54.500000000000007 58.500000000000007 4.5000000000000009 9.5500000000000025 8.1000000000000014 77.708333333333357 53.500000000000007 9.5833333333333339 0.006666666666666668 1.4166666666666667 0.049500000000000009 51.500000000000007 88.583333333333357 6.5000000000000009 0.002678571428571429 2.5833333333333335
decision_type=2 2 2 2 2 2 2 2 2 2 2 2 2 2 2 2 2 2 2 2 2 2 2 2 2 2 2 2 2 2
left_child=1 -1 -3 -4 5 25 7 16 9 10 11 -9 -11 -12 -6 -16 17 18 -2 -20 21 22 -21 -8 -10 -5 27 -19 -28 -29
right_child=6 2 3 4 14 -7 23 8 24 12 13 -13 -14 -15 15 -17 -18 26 19 20 -22 -23 -24 -25 -26 -27 28 29 -30 -31
leaf_value=-1.5817515644784096e-06 3.1236274890272807e-05 -1.5817515644784096e-06 -1.5817515644784096e-06 0.031622890920906192 -1.5817515644784096e-06 7.5729171274241398e-06 -0.0063591525700068255 0.066723633991206732 0.0066006474136876356 -0.029861697753724933 -0.0158864888218564 0.15661744858441273 0.051667942650429913 0.044222169882772312 -0.0056518190315694664 -1.5817515644784096e-06 -0.0050129149022428328 0.00097668280108122738 0.065560266250129062 0.075288801798944482 0.012654693827814501 -0.030643244931901955 0.0072449523665676979 -0.0017241248924948383 -0.025179945824000984 -1.9971193569527573e-05 -0.0012272539178075218 0.0027209281356773587 0.00092680019268121666 -0.026073920195981662
leaf_weight=5313 2381 343 810 49 235 55 61 30 31 42 31 46 30 31 168 301 191 123 42 35 54 90 211 3555 34 95 30 35 410 161
leaf_count=5313 2381 343 810 49 235 55 61 30 31 42 31 46 30 31 168 301 191 123 42 35 54 90 211 3555 34 95 30 35 410 161
internal_value=-0.00500815 -0.00994877 -0.00678502 -0.00736281 -0.00568937 0.00031407 -0.000251502 0.000278603 0.00386364 0.00630952 0.00960145 0.0157895 0 0.00201613 -0.00738636 -0.00610341 1.66091e-05 0.000195969 0.000617668 0.00347222 0.0025 0.0014881 0.00376016 -0.000843473 -0.00403846 -0.00347222 -0.00136693 -0.00325235 0 -0.00561224
internal_weight=15023 7369 2056 1713 903 199 7654 4038 275 210 138 76 72 62 704 469 3763 3572 2813 432 390 336 246 3616 65 144 759 319 440 196
internal_count=15023 7369 2056 1713 903 199 7654 4038 275 210 138 76 72 62 704 469 3763 3572 2813 432 390 336 246 3616 65 144 759 319 440 196
is_linear=0
shrinkage=0.05


Tree=203
num_leaves=31
num_cat=0
split_feature=4 19 19 19 19 23 5 19 19 19 7 14 3 12 7 2 2 7 10 4 10 2 2 10 10 19 12 6 10 11
split_gain=138.57 11.4171 1.37118 2.13916 3.67984 2.98773 1.08185 0.925036 1.69217 0.821345 0.75485 1.04777 1.28832 0.916764 1.45265 0.730864 1.86493 1.42547 1.26148 1.47809 1.13335 1.07065 1.56624 1.23777 1.89132 1.92489 2.31532 2.04545 1.29313 1.45985
threshold=1.0000000180025095e-35 45.500000000000007 48.500000000000007 50.500000000000007 53.500000000000007 3.5000000000000004 5.2250000000000005 54.500000000000007 58.500000000000007 51.500000000000007 0.17266666666666672 87.77500000000002 7.166666666666667 0.16354166666666672 0.16100000000000003 0.14416666666666669 0.12833333333333338 0.13500000000000006 3.2111111111111117 81.166666666666671 5.9500000000000011 0.12000000000000004 0.11833333333333333 4.354166666666667 3.8660714285714293 48.500000000000007 0.033541666666666671 0.0045000000000000014 3.7888888888888892 0.045277777777777785
decision_type=2 2 2 2 2 2 2 2 2 2 2 2 2 2 2 2 2 2 2 2 2 2 2 2 2 2 2 2 2 2
left_child=1 -1 -3 -4 5 9 10 -6 -9 -5 13 12 -12 15 -15 16 20 -18 19 -17 21 22 23 24 28 26 27 -26 -2 -30
right_child=6 2 3 4 7 -7 -8 8 -10 -11 11 -13 -14 14 -16 18 17 -19 -20 -21 -22 -23 -24 -25 25 -27 -28 -29 29 -31
leaf_value=-1.502663986254489e-06 4.4147048383624822e-08 -1.502663986254489e-06 -1.502663986254489e-06 0.03004174637486088 -1.502663986254489e-06 7.1942712710548754e-06 -0.0023171696011555221 -0.0053692280799909932 -1.502663986254489e-06 -1.8972633891051195e-05 -0.0031434139941226239 0.0085483369218374745 -0.031567695830414799 0.00028649694350603162 0.073923982147385811 0.020354955945889205 0.062275747568362232 -0.003314795826809486 0.00045556903180768996 -0.017823441975988674 0.066095303722870022 -0.0070436569071543054 0.059214726062789685 -0.0083349144662082878 0.011667745802576658 0.0019369908403914825 0.001798144587409678 0.13023264561551093 0.0033818662711348926 -0.011718775381616359
leaf_weight=5313 3725 343 810 49 235 55 1115 168 301 95 267 135 144 70 38 30 68 39 207 118 32 71 52 641 55 433 133 55 104 122
leaf_count=5313 3725 343 810 49 235 55 1115 168 301 95 267 135 144 70 38 30 68 39 207 118 32 71 52 641 55 433 133 55 104 122
internal_value=-0.00505475 -0.00994877 -0.00678502 -0.00736281 -0.00568937 0.00031407 -0.000342958 -0.00738636 -0.00610341 -0.00347222 -9.7492e-05 -0.00187729 -0.0031326 6.46588e-05 0.00462963 -1.91164e-05 0.000122061 0.00665888 -0.00221831 -0.00574324 -6.91499e-06 -6.26043e-05 1.8797e-05 -6.64389e-05 0.000218824 0.00266272 0.00622428 0.0115909 -0.000199317 -0.00387168
internal_weight=15023 7369 2056 1713 903 199 7654 704 469 144 6539 546 411 5993 108 5885 5530 107 355 148 5423 5391 5320 5268 4627 676 243 110 3951 226
internal_count=15023 7369 2056 1713 903 199 7654 704 469 144 6539 546 411 5993 108 5885 5530 107 355 148 5423 5391 5320 5268 4627 676 243 110 3951 226
is_linear=0
shrinkage=0.05


Tree=204
num_leaves=31
num_cat=0
split_feature=4 19 19 19 19 23 19 19 19 12 17 12 2 11 12 0 10 2 6 12 2 17 2 8 8 1 1 4 4 4
split_gain=135.743 11.6716 1.32534 2.27513 3.54533 2.98773 1.03052 2.02906 0.821345 0.783459 1.17111 1.111 0.990439 2.21876 0.8467 1.44916 1.14802 1.09538 2.04727 1.06995 1.0331 1.02037 1.00658 1.0038 1.18802 1.13024 0.946429 0.846679 1.10069 1.79334
threshold=1.0000000180025095e-35 45.500000000000007 48.500000000000007 50.500000000000007 53.500000000000007 3.5000000000000004 54.500000000000007 58.500000000000007 51.500000000000007 0.093541666666666676 9.5000000000000018 0.12105555555555557 0.046666666666666683 0.056125000000000015 0.077321428571428596 2.1666666666666674 6.5357142857142865 0.091666666666666688 0.050999999999999997 0.075277777777777791 0.078333333333333352 9.5000000000000018 0.11500000000000003 8.5500000000000025 4.5500000000000007 0.030000000000000013 0.019999999999999993 74.833333333333357 86.416666666666671 89.583333333333357
decision_type=2 2 2 2 2 2 2 2 2 2 2 2 2 2 2 2 2 2 2 2 2 2 2 2 2 2 2 2 2 2
left_child=1 -1 -3 -4 5 8 -6 -8 -5 14 27 12 13 -12 16 20 19 23 -19 -2 -16 -20 -21 24 -17 -26 -22 -11 -29 -30
right_child=9 2 3 4 6 -7 7 -9 -10 10 11 -13 -14 -15 15 17 -18 18 21 22 26 -23 -24 -25 25 -27 -28 28 29 -31
leaf_value=-1.4275307869417647e-06 -0.00020872900741465418 -1.4275307869417647e-06 -1.4275307869417647e-06 0.028539659056117835 -1.4275307869417647e-06 6.8345577075024089e-06 -0.005100766675991443 -1.4275307869417647e-06 -1.8024002196498634e-05 0.0029739127081929552 -0.043633214122521968 -0.0046865825268108344 -0.011363248848536511 0.091465459195991597 0.056966530258945963 0.045413715077598872 -0.0055572155777567026 0.11638038184401343 0.12371660554952213 -0.010546010049962857 -0.03636010329411328 -0.032699561780441727 -0.09389550198177378 0.066273127581167393 0.0031786553583384781 -0.037759884415932393 -0.0089918459626438588 -0.0046448890246364727 0.13904949444752629 -0.0021742087117685885
leaf_weight=5313 5045 343 810 49 235 55 168 301 95 187 33 662 296 30 34 42 137 58 37 38 38 40 34 50 41 73 67 462 62 188
leaf_count=5313 5045 343 810 49 235 55 168 301 95 187 33 662 296 30 34 42 137 58 37 38 38 40 34 50 41 73 67 462 62 188
internal_value=-0.00509136 -0.0099352 -0.00673638 -0.00730444 -0.00557863 0.00031407 -0.00724432 -0.00589019 -0.00347222 -0.000427881 -0.00130208 -0.00246082 -0.00470056 0.000992063 -0.000135159 0.001875 -0.000318805 0.00362903 0.00712963 -0.00019787 -0.00242806 0.00178571 -0.00625 0.00133495 -0.000641026 -0.00328947 -0.00488095 1.39043e-05 -0.000772472 0.0019
internal_weight=15023 7369 2056 1713 903 199 704 469 144 7654 1920 1021 359 63 5734 480 5254 341 135 5117 139 77 72 206 156 114 105 899 712 250
internal_count=15023 7369 2056 1713 903 199 704 469 144 7654 1920 1021 359 63 5734 480 5254 341 135 5117 139 77 72 206 156 114 105 899 712 250
is_linear=0
shrinkage=0.05


Tree=205
num_leaves=31
num_cat=0
split_feature=4 19 19 19 19 23 19 19 5 11 19 3 2 19 1 19 9 14 5 0 6 11 19 19 19 5 4 19 9 2
split_gain=121.531 14.7838 1.88002 2.36993 2.32049 2.51195 1.54325 1.77093 1.2441 1.05206 1.12238 1.76122 1.22185 2.27043 1.22727 0.917616 0.911849 1.4046 1.19254 1.2302 0.977602 1.45231 0.844925 2.07907 0.837394 0.779671 0.777201 0.754076 0.740274 0.706482
threshold=1.0000000180025095e-35 45.500000000000007 50.500000000000007 48.500000000000007 53.500000000000007 3.5000000000000004 54.500000000000007 58.500000000000007 5.366666666666668 0.25250000000000006 53.500000000000007 7.8333333333333348 0.15500000000000005 58.500000000000007 0.10833333333333335 55.500000000000007 74.550000000000011 75.050000000000011 4.6333333333333337 4.5833333333333348 0.51700000000000013 0.40050000000000002 54.500000000000007 60.500000000000007 51.500000000000007 5.4500000000000011 70.416666666666671 42.500000000000007 75.550000000000011 0.071666666666666698
decision_type=2 2 2 2 2 2 2 2 2 2 2 2 2 2 2 2 2 2 2 2 2 2 2 2 2 2 2 2 2 2
left_child=1 -1 3 -3 5 24 -6 15 16 10 25 12 13 -12 -14 -8 18 -18 19 22 21 28 27 26 -4 -10 -24 -2 -19 -13
right_child=8 2 4 -5 6 -7 7 -9 9 -11 11 29 14 -15 -16 -17 17 20 -20 -21 -22 -23 23 -25 -26 -27 -28 -29 -30 -31
leaf_value=-1.3561542475946764e-06 0.0069576410206771081 -1.3561542475946764e-06 0.027112676103311941 -1.3561542475946764e-06 -1.3561542475946764e-06 6.4928298221245129e-06 -0.018820529792587228 -1.3561542475946764e-06 -0.032492155237877608 -0.006780233725081109 0.026581215057835662 0.00029681889201920168 0.0010428731745579568 -0.0020926375752133076 0.14676910265861692 0.00211510032409975 -0.0061783317253630956 0.026018819556992846 0.073614710430399646 -0.005370200264856251 0.027914827478961558 -0.0048416421753341154 0.06131056417748193 -0.00088996964123846391 -1.7122802086673704e-05 -0.0025186310763345657 0.064892480118445811 -0.00031699812826778141 -0.0014450273374144952 -0.012920745629948223
leaf_weight=5213 55 348 48 797 222 55 105 307 53 302 58 65 33 64 33 77 162 57 36 64 54 108 39 145 93 406 64 678 5045 82
leaf_count=5213 55 348 48 797 222 55 105 307 53 302 58 65 33 64 33 77 162 57 36 64 54 108 39 145 93 406 64 678 5045 82
internal_value=-0.00523271 -0.00985719 -0.00626218 -0.00760917 -0.00456174 0.000255102 -0.00588959 -0.00432004 -0.000813823 -0.00237226 -0.00141688 0.000783582 0.00398936 0.00102459 0.0094697 -0.000412088 -0.000551329 -0.000815518 0.000774746 0.000466507 -0.000674392 -0.000743762 0.000904689 0.00342742 -0.00328014 -0.00302288 0.00885922 5.11596e-05 -0.000622305 -0.00331633
internal_weight=14868 7265 2052 1145 907 196 711 489 7603 1096 794 335 188 122 66 182 6507 5426 1081 1045 5264 5210 981 248 141 459 103 733 5102 147
internal_count=14868 7265 2052 1145 907 196 711 489 7603 1096 794 335 188 122 66 182 6507 5426 1081 1045 5264 5210 981 248 141 459 103 733 5102 147
is_linear=0
shrinkage=0.05


Tree=206
num_leaves=31
num_cat=0
split_feature=4 19 19 19 19 23 19 19 6 6 9 19 0 19 2 8 1 6 9 9 13 7 10 1 13 16 15 19 3 2
split_gain=121.531 14.7838 1.88002 2.36993 2.32049 2.51195 1.54325 1.77093 1.30991 1.30376 1.01331 0.917616 0.837607 0.837394 0.834972 0.80994 1.17451 0.86961 1.28126 1.20875 0.669789 0.98727 0.643739 1.3531 0.841905 0.627058 1.16861 2.07183 1.13986 1.19743
threshold=1.0000000180025095e-35 45.500000000000007 50.500000000000007 48.500000000000007 53.500000000000007 3.5000000000000004 54.500000000000007 58.500000000000007 0.26900000000000007 0.2429166666666667 86.550000000000011 55.500000000000007 4.5833333333333348 51.500000000000007 0.091666666666666688 5.7750000000000012 0.22416666666666671 0.53900000000000015 81.550000000000011 73.100000000000009 4.3166666666666673 0.10450000000000002 4.2928571428571436 0.15833333333333335 5.6833333333333345 3.5000000000000004 1.5000000000000002 40.500000000000007 6.416666666666667 0.0033333333333333327
decision_type=2 2 2 2 2 2 2 2 2 2 2 2 2 2 2 2 2 2 2 2 2 2 2 2 2 2 2 2 2 2
left_child=1 -1 3 -3 5 13 -6 11 9 25 15 -8 14 -4 -12 16 -10 19 -19 -18 -21 -22 23 -11 -24 26 -2 -28 29 -29
right_child=8 2 4 -5 6 -7 7 -9 10 22 12 -13 -14 -15 -16 -17 17 18 -20 20 21 -23 24 -25 -26 -27 27 28 -30 -31
leaf_value=-1.2883465352149426e-06 -0.00093967605748197834 -1.2883465352149426e-06 0.025757042298146349 -1.2883465352149426e-06 -1.2883465352149426e-06 6.1681883310182872e-06 -0.017879503302957865 -1.2883465352149426e-06 0.087454728606731272 -0.0034310111160548496 -0.038269221908035736 0.002009345307894761 -0.0094849979316138592 -1.6266661982340018e-05 0.018467790072314961 -0.012471162814732976 0.013639401908538285 -0.0020442332139016584 0.10250165263055627 -0.0045995600665674095 0.082118094943915143 -0.041384784469425798 -0.028215058122486876 0.14895060394787765 0.089410722034057338 -0.0023435560085789619 0.009394239240287091 -0.020069768396842561 -0.00068908511206907113 0.002869227078000869
leaf_weight=5213 561 348 48 797 222 55 105 307 49 33 73 77 147 93 53 142 78 34 41 163 32 37 34 43 45 5055 62 61 423 437
leaf_count=5213 561 348 48 797 222 55 105 307 49 33 73 77 147 93 53 142 78 34 41 163 32 37 34 43 45 5055 62 61 423 437
internal_value=-0.00523271 -0.00985719 -0.00626218 -0.00760917 -0.00456174 0.000255102 -0.00588959 -0.00432004 -0.000813823 -0.000581137 -0.0026649 -0.000412088 -0.00517399 -0.00328014 -0.00218254 -0.00147569 -0.000403226 -0.00133117 0.0035 -0.0025 -0.00431034 -0.000181159 0.00395161 0.00723684 0.000791139 -0.000687604 0.000194301 0.00123347 0.000637894 0.00225904
internal_weight=14868 7265 2052 1145 907 196 711 489 7603 6754 849 182 273 141 126 576 434 385 75 310 232 69 155 76 79 6599 1544 983 921 498
internal_count=14868 7265 2052 1145 907 196 711 489 7603 6754 849 182 273 141 126 576 434 385 75 310 232 69 155 76 79 6599 1544 983 921 498
is_linear=0
shrinkage=0.05


end of trees

feature_importances:
now_cost=1696
minutes_mean_3=388
expected_assists_mean_10=326
total_points_mean_10=323
position=322
expected_goals_mean_10=264
expected_goals_mean_3=243
expected_assists_mean_5=243
defensive_contribution_mean_10=242
minutes_mean_10=241
defensive_contribution_mean_5=234
total_points_mean_5=232
expected_goals_mean_5=229
minutes_mean_5=227
expected_assists_mean_3=224
defensive_contribution_mean_3=222
total_points_mean_3=205
fdr=142
qualifying_games_10=100
qualifying_games_5=39
qualifying_games_3=31
is_home=29
num_fixtures=8

parameters:
[boosting: gbdt]
[objective: quantile]
[metric: quantile]
[tree_learner: serial]
[device_type: cpu]
[data_sample_strategy: bagging]
[data: ]
[valid: ]
[num_iterations: 1000]
[learning_rate: 0.05]
[num_leaves: 31]
[num_threads: 0]
[seed: 42]
[deterministic: 0]
[force_col_wise: 0]
[force_row_wise: 0]
[histogram_pool_size: -1]
[max_depth: -1]
[min_data_in_leaf: 30]
[min_sum_hessian_in_leaf: 0.001]
[bagging_fraction: 0.8]
[pos_bagging_fraction: 1]
[neg_bagging_fraction: 1]
[bagging_freq: 5]
[bagging_seed: 400]
[bagging_by_query: 0]
[feature_fraction: 0.9]
[feature_fraction_bynode: 1]
[feature_fraction_seed: 30056]
[extra_trees: 0]
[extra_seed: 12879]
[early_stopping_round: 0]
[early_stopping_min_delta: 0]
[first_metric_only: 0]
[max_delta_step: 0]
[lambda_l1: 0]
[lambda_l2: 0]
[linear_lambda: 0]
[min_gain_to_split: 0]
[drop_rate: 0.1]
[max_drop: 50]
[skip_drop: 0.5]
[xgboost_dart_mode: 0]
[uniform_drop: 0]
[drop_seed: 17869]
[top_rate: 0.2]
[other_rate: 0.1]
[min_data_per_group: 100]
[max_cat_threshold: 32]
[cat_l2: 10]
[cat_smooth: 10]
[max_cat_to_onehot: 4]
[top_k: 20]
[monotone_constraints: ]
[monotone_constraints_method: basic]
[monotone_penalty: 0]
[feature_contri: ]
[forcedsplits_filename: ]
[refit_decay_rate: 0.9]
[cegb_tradeoff: 1]
[cegb_penalty_split: 0]
[cegb_penalty_feature_lazy: ]
[cegb_penalty_feature_coupled: ]
[path_smooth: 0]
[interaction_constraints: ]
[verbosity: -1]
[saved_feature_importance_type: 0]
[use_quantized_grad: 0]
[num_grad_quant_bins: 4]
[quant_train_renew_leaf: 0]
[stochastic_rounding: 1]
[linear_tree: 0]
[max_bin: 255]
[max_bin_by_feature: ]
[min_data_in_bin: 3]
[bin_construct_sample_cnt: 200000]
[data_random_seed: 175]
[is_enable_sparse: 1]
[enable_bundle: 1]
[use_missing: 1]
[zero_as_missing: 0]
[feature_pre_filter: 1]
[pre_partition: 0]
[two_round: 0]
[header: 0]
[label_column: ]
[weight_column: ]
[group_column: ]
[ignore_column: ]
[categorical_feature: ]
[forcedbins_filename: ]
[precise_float_parser: 0]
[parser_config_file: ]
[objective_seed: 16083]
[num_class: 1]
[is_unbalance: 0]
[scale_pos_weight: 1]
[sigmoid: 1]
[boost_from_average: 1]
[reg_sqrt: 0]
[alpha: 0.75]
[fair_c: 1]
[poisson_max_delta_step: 0.7]
[tweedie_variance_power: 1.5]
[lambdarank_truncation_level: 30]
[lambdarank_norm: 1]
[label_gain: ]
[lambdarank_position_bias_regularization: 0]
[eval_at: ]
[multi_error_top_k: 1]
[auc_mu_weights: ]
[num_machines: 1]
[local_listen_port: 12400]
[time_out: 120]
[machine_list_filename: ]
[machines: ]
[gpu_platform_id: -1]
[gpu_device_id: -1]
[gpu_use_dp: 0]
[num_gpu: 1]

end of parameters

pandas_categorical:[]
